:020000041000EA
:1000000000B5324B212058609868022188439860DF
:10001000D860186158612E4B002199600221596106
:100020000121F02299502B49196001219960352056
:1000300000F044F80222904214D00621196600F024
:1000400034F8196E01211966002018661A6600F04E
:100050002CF8196E196E196E052000F02FF8012189
:100060000842F9D1002199601B49196000215960AB
:100070001A491B48016001219960EB211966A021F2
:10008000196600F012F800219960164914480160C1
:100090000121996001BC002800D000471248134993
:1000A000086003C880F30888084703B5996A0420EC
:1000B0000142FBD001200142F8D103BD02B5186610
:1000C0001866FFF7F2FF186E186E02BD00000240BE
:1000D000000000180000070000035F00212200005C
:1000E000F4000018222000A00001001008ED00E03C
:1000F00000000000000000000000000074B24E7A12
:1001000000200420F7010010C3010010C5010010F9
:10011000C1010010C1010010C1010010C101001097
:10012000C1010010C1010010C1010010C701001081
:10013000C1010010C1010010718B0010D58B00109F
:10014000CD010010CD010010CD010010CD01001037
:10015000CD010010CD010010CD010010CD01001027
:10016000CD010010CD010010CD010010CD01001017
:10017000CD010010CD010010CD010010CD01001007
:10018000CD010010CD010010CD010010CD010010F7
:10019000CD010010CD010010CD010010CD010010E7
:1001A000CD010010CD010010CD010010CD010010D7
:1001B000CD010010CD010010CD010010CD010010C7
:1001C00000BE00BE00BE00BE00BE00BEEFF3058054
:1001D000103800BEF2EB887124A900104CA9001061
:1001E0003402001090A31AE700201F49086006C8D7
:1001F00081F3088810471D48006800282FD10DA4FE
:100200000ECC002902D000F012F8F9E71849194A7B
:10021000002000E001C19142FCD1174988471749ED
:1002200088471749884700BEFDE701C901C29A42C5
:10023000FBD370474CA90010C0000020EC0C00203C
:1002400078B50010000004200000042078B50010EC
:10025000001004200010042000000000704709482E
:1002600003F070FD0047000008ED00E0000000D042
:10027000F00C002000200120912A0010DD06001063
:100280004D2A00105756000006005250ABB3605381
:1002900028A1001006005250861C030238A100104D
:1002A000060052505422A29D48A100100500525051
:1002B000DE65F46878B50010F8B5C04610B5064C98
:1002C0002378002B07D1054B002B02D0044800E017
:1002D00000BF0123237010BDF80D002000000000B6
:1002E000408E0010044B10B5002B03D00349044886
:1002F00000E000BF10BDC04600000000FC0D002063
:10030000408E00107047000030B587B01E4804F0E2
:10031000EFFA002410E01D4B1D4A3F211D4802F05A
:1003200099FB012252421C4B14E0184B184A3F2102
:10033000184802F08FFB01347F2C1FDCE5B201F07E
:1003400055FD02000B1EE6DB1448002112184B413C
:10035000002BE6DB002BE8DB0292039300230093E3
:10036000013317226A4429000D4807F0EEF80028EF
:10037000E1DB21000B4804F0EBFADCE70A4804F06B
:10038000B7FA07B030BDC046408E0010708E001026
:100390008C8E0010C48E0010FFFFFF7F102700001E
:1003A000B00C0020288F0010548F0010F0B5C64606
:1003B00000B592B007F0E8F81F211A2000F070FA9B
:1003C000002200211A2000F083FA00211A2000F0F8
:1003D00099FA0C2000F0AEFAD0231B0680225201BD
:1003E0005A62FA20C00007F049FEFFF78DFFA5E032
:1003F000A14BA24A3F21A24802F02CFB012252420B
:10040000A04BBCE09C4B9D4A3F219D4802F022FB43
:1004100006AB187800025B78184304F0C1F89A49DB
:1004200004F09DF8994B1860B9E0934B934A3F2133
:10043000934802F00FFB01225242924BC2E08E4BD6
:100440008E4A3F218E4802F005FB8B4B8B4A3F21A1
:100450008B4802F0FFFA012252428A4BCFE0864BD2
:10046000864A3F21864802F0F5FA894C0021200097
:1004700000F0ACF902230A228649200000F0B2F90C
:100480000C2314228449200000F0ACF9834F3A6811
:1004900083490AA803F02AFC1C2305220AA920008C
:1004A00000F0A0F9794E306804F09CF802000B00CF
:1004B0007C490AA803F01AFC2A2305220AA9200075
:1004C00000F090F9784D2868784B1B68984604F046
:1004D00089F804900591404604F084F80090019159
:1004E000049A059B72490AA803F000FC36230522F2
:1004F0000AA9200000F076F9200000F0A1F93F6879
:1005000030682E6804F06EF804000D00301C04F012
:1005100069F80090019122002B003900654804F031
:1005200017FAD024240680256D016561642007F048
:10053000A5FDA561E120800007F0A0FD5E4B1B68D2
:10054000E022D20113405D4A13605D4B04221A6021
:10055000594B1B68DB05FBD5574B5B681B041B0C19
:100560004E4A136001F042FC02000B1E00DA3FE726
:100570005448002112184B41002B00DA3EE7002BB3
:1005800000DA3FE70292039300230093023306AAA6
:1005900023214D4806F0D9FF022800D138E707ABE8
:1005A0004A4A1188198092789A7001F01FFC020063
:1005B0000B1E00DA39E74348002112184B41002B8B
:1005C00000DA38E7002B00DA39E7029203930023C0
:1005D0000093033307AA38213B4806F097FF6420B5
:1005E00007F04CFD01F002FC02000B1E00DA2CE7C4
:1005F0003448002112184B41002B00DA2BE7002B66
:1006000000DA2CE70292039300230093063308AA32
:1006100038212D4806F099FF062800D025E708AAC2
:100620005078000393781B011843D47821090843BC
:100630002404F0231B031C4013791B021C43537931
:100640001C4303F0A7FF224903F09DFFD621890533
:1006500003F099FF144B1860200003F09BFF1D4925
:1006600003F091FFD621890503F08DFF1A4903F0AD
:1006700070FF0E4B1860F8E6708E00108C8E001024
:10068000C48E0010FFFFFF7F9A99993F2818002021
:100690000C1400206C8F00107C8F00102418002098
:1006A0008C8F0010988F0010301800202C1800201C
:1006B000A88F0010BC8F001000C0044000D0044080
:1006C00000E00440204E0000B00C0020E48F001039
:1006D0000000C842000048430000484210B582B004
:1006E00004F042F9174C1849200006F0D7FE032108
:1006F0000E2000F0D5F803210F2000F0D1F80022E1
:1007000001210E2000F0E4F8002201210F2000F06A
:10071000DFF8FA20800001F099FA00943C2340228F
:1007200080210A4800F028F8802200230193013339
:100730000093002312010649064807F0C9FA07F0A2
:100740000FFBFEE7B00C0020A08601000C14002077
:10075000E88F0010AD03001000B585B000236A4695
:1007600013735173C17840680093023303AA06F0F3
:10077000C1FE05B000BD000030B589B005000170B4
:100780004270C3700C9B4360D208827008300D4ADF
:10079000002103F07FFF40232B7201A90A4B0A00BE
:1007A00013CB13C213CB13C21B781370002405E0C4
:1007B00001AB195D2800FFF7CFFF0134182CF7DDDE
:1007C00009B030BD01040000F08F001010B50930F1
:1007D000002905D0FF218022D20003F05BFF10BD6D
:1007E0000021F8E7F0B5C64600B58846DF088378F3
:1007F000BB4216D880BCB846F0BD0132D2B201353A
:10080000042D0CDC53B2002BF7DBAC19531CF9019F
:100810008C46634409490C5DC3181C72EDE7023233
:10082000D2B243461E78002EE4D001239C46E04419
:10083000203EB3009E190025E2E7C0460C90001050
:1008400070B5A4B00400002524E029005039C9B2D5
:100850002000FFF781FF00212000FFF77DFF10211E
:100860002000FFF779FF03AE4023337023000833E5
:10087000E9010131591880220D20684403F010FF6E
:10088000E1780023009381333200606806F032FE85
:100890000135EDB2A378AB42D7D824B070BD0000CB
:1008A00010B58300084A944663441C6840226240A5
:1008B000C02414408022520113431C60C000034B2B
:1008C0009C466044416010BD04C0014000400140AE
:1008D00080000B4B9C46604400290DD00823002A61
:1008E0000CD004221343026853400C221340802290
:1008F00052011043036070470023F0E70022F1E744
:1009000004C00140002909D08000094B9C46604486
:1009100080239B0118434023036070478000044BF1
:100920009C466044C0239B01184340230360F4E7C6
:1009300004C0014010B501238340D0221206936207
:1009400093610521FFF7ACFF10BD0000034B1B684E
:1009500002201840431E9841C0B2704700C00640B4
:10096000EFF3108072B6034B1B68002BFBD0BFF374
:100970005F8F70472C0100D0BFF35F8F024B0022C6
:100980001A6080F3108870472C0100D0F8B506007B
:100990000C001500FFF7E4FFE308F718F15C0722ED
:1009A0002240012393400B4205D1DBB20B433B7045
:1009B000FFF7E2FFF8BD2100280002F0E5F8F0B5EE
:1009C00083B00600019114001F00FFF7C9FF00E08B
:1009D0000134BC420CD8E308F518F35C0721214030
:1009E00001228A401A42F3D1D2B21A432A7001E09E
:1009F00001246442FFF7C0FF002C02DB200003B09B
:100A0000F0BD019B002BF9D0089802F0BDF8000062
:100A1000002307E0054A9A189200BFF35F8F002178
:100A2000116001331F2BF5D97047C04640000034D8
:100A3000054A1078431CDBB21370172B02D9130040
:100A400010221A707047C046B00B002000B583B06A
:100A50000100044B00931F2318220348FFF7AFFF48
:100A600003B000BD3491001078130020074B9B6841
:100A7000103080001950BFF35F8FBFF35F8F044BBE
:100A80000021196082F310887047C04600ED00E035
:100A9000240100D010B5091A081F0A4B9C46614476
:100AA000094A914208D8C30706D440104005400DBA
:100AB000064B184380B210BD054B064AA3210648D9
:100AC00001F0C8FFFC070000FE0F000000E0FFFF80
:100AD00050910010DC9300108091001010B5091A9D
:100AE00004394C08090B08D14905490D064A114340
:100AF0000180064B2343438010BD054B054AAB21C3
:100B0000054801F0A7FFC04600F0FFFF00F8FFFF17
:100B1000DC910010B09300108091001001238340FD
:100B2000034A10681840431E9841C0B27047C0463F
:100B300000E100E0002904D0034B1860034B18606B
:100B40007047034B1860FBE780E200E000E100E043
:100B500080E100E010B5012383401800FFF7EAFFB1
:100B600010BD000001238340014A13607047C04656
:100B700000E200E0024B9B6810308000C0587047D4
:100B800000ED00E010B5FFF7F5FF002805D0054B9C
:100B9000C01A2F2803D8012010BD0020FCE7002038
:100BA000FAE7C046B40B002070B504000D00EFF367
:100BB000108672B60C4B1B68002BFBD0BFF35F8F07
:100BC0002000FFF7D7FF094B984201D0A84205D17A
:100BD000320029002000FFF749FF70BD044B054A91
:100BE0008621054801F036FF240100D0CD01001018
:100BF000EC9100101094001080910010F0B5DE46CA
:100C000057464E464546E0B589B0814601911500EC
:100C1000EFF3108A72B6744B1B68002BFBD0BFF346
:100C20005F8F724B0027DF57002F40DB7C00E419F9
:100C3000A4006F4824180622A2566C4B1A706D4B04
:100C40009A684B4610339B00D35898461E001B1AD7
:100C50002F2B38D9684B98452FD105AE674B338081
:100C60007B009B46D8198000614B98464044023077
:100C70006349FFF70FFF7080624BB380FF23B371AE
:100C8000F571019B07935F44BF0047440ECE0EC72A
:100C900001231C43A046524641464846FFF7E6FE64
:100CA00009B0F0BCBB46B246A946A046F0BD564BC3
:100CB000564AD721564801F0CDFE564B534ADE2105
:100CC000534801F0C7FEC04340440C2103F08EF8A6
:100CD000002912D101239E43B34633000026DA795E
:100CE000AA4211D90621595600290CDB4A00521894
:100CF00092001E003E4B9B18F1E7474B434AEA2106
:100D0000434801F0A7FE1E00002E3AD005AB434A2F
:100D10001A80813A5A800623F3560293002B17DA81
:100D20003F4805AB9B469880029A9A71DD71019A03
:100D30000792301D2100FFF7ADFEB080B7717B0038
:100D4000DB199B002A4FFF185B4607CB07C7A2E7BA
:100D50007800C0198000264BC0180430321DB388BB
:100D6000D90A1C2907D15B055915023149005118D0
:100D7000FFF790FED5E72B4B2B4AB121244801F019
:100D800069FE05AE1D4B33807B000293D8198000AD
:100D9000174A9046020042440392901C1849FFF7FC
:100DA00079FE7080039A101D5946FFF773FEB080DC
:100DB0001E4B5A464146521A524153431B0DB371C2
:100DC000F571019A0792029B9C466744BF00474415
:100DD0000ECE0EC7114B5A461380813B5380012320
:100DE0001C43A04657E7C046240100D0F81F01204D
:100DF000B40B002000ED00E0CD01001000A1FFFFCA
:100E0000E40B002001BDFFFF24920010F8930010B6
:100E1000809100104C920010749200100148000064
:100E200001BD0000E8920010E8930010AAAA00009B
:100E3000F0B5CE46474680B583B006000D00EFF30F
:100E4000108872B6564B1B68002BFBD0BFF35F8F28
:100E5000544B9A6834001034A300D758524B9F4229
:100E600007D0AF4200D198E00197504BFB1A2F2BCF
:100E700009D9424639003000FFF7F8FD03B0C0BC85
:100E8000B946B046F0BD3000FFF748FE814600216C
:100E90003000FFF75FFEBFF35F8FEFF3058100299E
:100EA00001D08C4211D10123019C9C430022A368F4
:100EB000AB4212D00622A256002A0DDB53009B182B
:100EC0009B002200394CE418F1E73621384B394AAF
:100ED000FF31394801F0BEFD2200AB4256D1062554
:100EE0006557002D38DB6B005B199A002F4B9B1860
:100EF0009A68A260DA79E27106229A56A2719B7909
:100F00005BB2002B0FDA2D48A0806B005B199B00B1
:100F1000264AD3182A4A117899711570494630002B
:100F2000FFF718FEA5E7201D6B005B199B001F4A09
:100F30009B181A1D9B88D90A1C2907D15B055B15D4
:100F4000023359005118FFF7A5FDDDE71D4B1E4A7E
:100F5000B121194801F07EFD002912D1002A0ED0DE
:100F6000FF239371194B9380154A1378A371184B83
:100F70000E49641A644163431B0D1370CEE70A4F98
:100F8000F2E7201D1349FFF7A9FDC7E76A21124BBD
:100F9000084AFF31084801F05DFD034F69E7C0468C
:100FA000240100D000ED00E0CD010010B40B0020C2
:100FB00000930010C89300108091001001BD000044
:100FC000F81F0120E8920010E893001001BDFFFF18
:100FD000AAAA0000EE0B00203493001010B50323E2
:100FE00004009C43064A9446644422681840C000AA
:100FF000FC3383409A43130081400B43236010BDB0
:1010000000E400E070B5012101432E4BCB1A2F2BD9
:1010100028D8EFF30583002B2BD0EFF3108C72B69A
:10102000294A1268002AFBD0BFF35F8F274A0400C9
:10103000244D641B64416243120D54B2244A9268E9
:101040009B00D2588A421BD00022032A32D8530078
:101050009B189B001B49CB189B795BB2A3421FD006
:101060000132F2E7C7211B4B1B4A49001B4801F024
:10107000F1FC92211A4B184AFF31184801F0EAFCA2
:10108000134A92681749D150174B1A7882711C7015
:10109000BFF35F8F0C4B00221A608CF3108870BD79
:1010A0000D005300991889006918FF268E710F4AA8
:1010B0008A80E9E7D1210E4B074A4900074801F031
:1010C000C9FCC046B40B0020240100D0AAAA00002D
:1010D00000ED00E03C93001094930010809100100C
:1010E00064930010CD010010F81F012001BDFFFF27
:1010F000709300100022044B02E0044902C3013245
:10110000072AFAD97047C04600E400E0808080805A
:1011100000B583B00100064B00930523002205486B
:10112000FFF74DFC002801DB1F23181A03B000BD98
:1011300078930010FD1F0120024B9C4661448900FA
:10114000016070474000003410B50400FFF770FCE8
:1011500001002000FFF7F0FFFF232371BFF35F8F33
:1011600010BD10B50400FFF763FC01002000FFF77D
:10117000E3FFFF23237100236371BFF35F8F10BD73
:10118000034B9C46614489000160BFF35F8F704749
:101190004000003410B504000120FFF757FC0100A7
:1011A0002000FFF7EDFF10BD70B505000C00080032
:1011B00000F01CFF0949200000F05CFEFFF738FC3E
:1011C000074B9C466044800068602C75D0231B064A
:1011D0001B786B75A400034BE55070BDED14001037
:1011E00040000034441C00200A4B1A68EFF31081C1
:1011F00072B61368002BFCD0BFF35F8F054B1B68E2
:10120000BFF35F8F00221A6081F3108840BF002077
:1012100000217047E41E002010B5002922D0036889
:101220001B7B99421ED8174B9C4661440901836879
:101230009C4661440C684968002A19D003681B7BEE
:101240009A4215D883680F488446624412019A185E
:1012500010685368020001208B4201D80ED0002094
:10126000C0B210BD084B094A3C21094801F0F2FB0D
:10127000054B064A3C21064801F0ECFBA242EFD8A0
:10128000EDE7C046FFFFFF0F78950010F8970010BC
:101290002495001010B500291ED0037B99421BD85D
:1012A0004B005B18033B0468A4466344002919D033
:1012B000002A1DD0914221D0002A25D0047BA242D1
:1012C00022D80468500080180338201881701978DB
:1012D00000291FD11A7010BD104B114A6821114806
:1012E00001F0B8FB104B114A6F310E4801F0B2FB10
:1012F0000F4B0E4A70210B4801F0ACFB0D4B0B4A13
:101300007121084801F0A6FB044B054A68210548F5
:1013100001F0A0FB41701A70DDE7C0469C950010FB
:1013200064980010B89500102096001040980010A6
:101330002C9600103896001070B506000D001400B1
:10134000002914D0002A14D08068736898470028B8
:1013500006D0220029003000FFF79CFF280007E09C
:101360002A0021003000FFF795FF200000E0100068
:1013700070BD0800FCE70000F0B583B005000092E6
:1013800001930AAB1C780BAB1F78002C26D00368A6
:101390005A7B944207D10123002B19D1002C3BD159
:1013A000200003B0F0BD002C0CD01A7B944209D869
:1013B0001A6863001B19033BD3189B78002BEBD0F2
:1013C0000123E9E73E4B3F4A68213F4801F042FBD9
:1013D0003E4B3F4A67213F4801F03CFB03689C7B42
:1013E000002CDBD012D01A7B94420FD86200121965
:1013F000033A19688C46624451789973002900D1E8
:10140000D9730023937053701370C7E72C4B2D4A88
:1014100068212D4801F01EFB002C3AD02B681B7B65
:101420009C4236D82C4BE3181B01AA6894466344AF
:10143000009A1A60019A5A60089A9A60099ADA60CA
:101440002E68002C2BD030D0337B9C422DD86300EB
:101450001B19033B32689446634400229A705A7009
:101460001A70717B22003000FFF766FF70738442B0
:1014700000D095E7287D009A019B00F043FD061EF1
:1014800001D0002F17D00C9B002B00D188E71E70D5
:1014900086E7124B124A3C210E4801F0DBFA114B51
:1014A000114AA521084801F0D5FA054B054A6821E3
:1014B000054801F0CFFA2868210000F05BFFE2E761
:1014C0009C95001064980010B8950010509600107C
:1014D0007098001024950010FFFFFF0F7895001002
:1014E000F89700102095001054980010F0B5DE46D3
:1014F00057464E464546E0B58BB009900023089309
:101500008200B54BD658370052E0B44BB44A3F2165
:10151000B44801F09FFAB44BB44A3C21B44801F0FE
:1015200099FA002901D1002869D10021404600F034
:1015300017FFA04219D12A686B6806920793AB681F
:101540009846EB689A464346002B14D0002C18D0DE
:101550003B681B7B9C4214D8631EFA68D35C0893DB
:101560001B0218433861002015E0A24BA24A8E21CD
:101570009F4801F06FFAA14B9F4A92219C4801F0CD
:1015800069FA994B9E4A4121994801F063FA002378
:101590009A46984600207B68BFF35F8F00221A604E
:1015A00086F310884346002B32D1002800D10CE18D
:1015B00000F01CFC02000B1EA7DB0020002106909F
:1015C00007917868EFF3108672B601680029FCD0A5
:1015D000BFF35F8F396888464C7B002CD7D09AD0F8
:1015E000097B8C4297D8874965182D01B9688C46CC
:1015F000654428686968801A9941002991DD2A6844
:101600006B68099800F07EFC00239A469846C2E772
:10161000089B1B022343994651461800C04705000A
:101620000E007A68EFF3108B72B6136859424B4183
:10163000D9B2002BF9D1BFF35F8F002E1EDB002E35
:1016400046DD3B69002B47D04B456DD100F0CEFB0A
:1016500002000B1E6EDB52197341002B70DB002B56
:1016600072DB0021049101310391029451460191F2
:10167000414600913800FFF77FFE4CE03B69002BAC
:10168000DDD04B4514D1069A079B521BB341002B6A
:1016900014DB002B16DB002104910131039102942D
:1016A00051460191414600913800FFF765FE32E056
:1016B000554B514AA1214E4801F0CCF9012252422A
:1016C000524BE6E7454B464A3F21464801F0C2F9F6
:1016D000002E01D1002DB4D13B68002C50D05A7B94
:1016E000944237D1012100294AD1DA7B002A4DD119
:1016F0009A7B002A03D1DA7B002A5AD19C73DC73CF
:10170000002C5CD03B681B7B9C4258D8FA68013C9B
:10171000135D0133135500233B617A68BFF35F8F7C
:1017200013608BF3108843E7374B334AA4213048CA
:1017300001F090F9294B2A4A3F212A4801F08AF901
:1017400001225242314B8AE7244B254A3F2125484A
:1017500001F080F9002C0DD01A7B94420AD8620067
:101760001219033A1868844662449278002ABAD063
:101770000121B8E7264B274A6821274801F06AF97A
:10178000264B274AF621244801F064F9002A0AD0A2
:10179000197B8A4207D851008A18033A19688C4687
:1017A00062445470A4E71A4B1A4A68211A4801F09F
:1017B00051F91C4B1A4AFB21174801F04BF90A4B0F
:1017C0000F4A41210A4801F045F90BB0F0BCBB4675
:1017D000B246A946A046F0BD441C0020708E001001
:1017E000C4970010C48E001078950010F897001070
:1017F0002495001078960010DC9700109096001049
:101800001C980010FFFFFF0F9C960010FFFFFF7F4A
:101810009C95001064980010B8950010D8960010A0
:1018200030980010FC96001010B50C4B5B68002B34
:1018300004D00A210A48FFF77FFC10BD074C2300A3
:10184000084A1021206800F09BFC032000F0C2FA37
:1018500003212000FFF7A8FCEBE7C046FC0B0020AB
:10186000E41E00201912001010B5064B5B68002B17
:1018700001D0044810BD044B044A5E21044801F025
:10188000E9F8C046FC0B00201097001004980010E7
:1018900024950010F0B5DE4657464E464546E0B565
:1018A0008BB0804616001F00149B9A46159B9946E4
:1018B00016AB1B789B461F2302AA94466344002262
:1018C0001A702BE0002809D042461268127B904221
:1018D00004D8421E4146C9688A5C41E0404B414AF7
:1018E0004121414801F0B6F807984CE0361BAF4162
:1018F000002F07DB002F11DA3C4B3D4A3F213D48CA
:1019000001F0A8F8012676423B4FF3E7374B384AFF
:101910003F21384801F09EF8002F4FDB43465A68BC
:10192000EFF3108472B6136859424B41D9B2079154
:10193000002BF8D1BFF35F8F1F3302AA9446634494
:1019400004930023039302934B4601935346009361
:1019500032003B004046FFF70FFD031EB2D10200EC
:1019600041464968BFF35F8F00250D6084F31088FE
:10197000002B29D01F2302A98C4663441B78002B1F
:10198000B2D112021043002B20D05B46002B1DD099
:101990004946D04704000D0003000B431DD0002929
:1019A000A4DB00F023FA06000F1EAFDB36196F41EF
:1019B000002FB1DA012676420F4FADE70B4B0C4AF0
:1019C0003F210C4801F046F8012040420BB0F0BC2A
:1019D000BB46B246A946A046F0BD0798F6E7C0460A
:1019E000789500101C98001024950010708E00103F
:1019F000C4970010C48E0010FFFFFF7FF8B50400ED
:101A0000002900D162E04268EFF3108572B61368D6
:101A100058424341D8B2002BF9D1BFF35F8FCBB20C
:101A20002268567BB3421BD10120002848D0206990
:101A300088422BD0090AC9B2002B2ED02068007B27
:101A400083422AD8581EE668305C88422BD000209A
:101A50006368BFF35F8F00221A6085F31088F8BDBA
:101A6000002B0DD0167BB3420AD85E00F618033E59
:101A70001768BC466644B678002ED6D00120D4E75D
:101A8000134B144A6821144800F0E4FF2C21134B37
:101A9000134AFF31134800F0DDFF134B134A412175
:101AA000104800F0D7FF1900100000F063FC002878
:101AB000CED199210E4B0A4A49000A4800F0CAFFCC
:101AC00023698B42C4D100232361C1E70020C6E70C
:101AD0009C95001064980010B89500103497001081
:101AE000AC97001024950010789500101C980010F9
:101AF00058970010407D7047F0B587B006000F0082
:101B0000EFF30583002B1FD106246442E517A419C7
:101B10007D418D4202D803D1844201D900240025A1
:101B2000002D14DB0494059500F060F902000B1EF3
:101B300013DBA41A9D41002D17DC14D030003900AE
:101B400000F060F907B0F0BD234801F01DF8234B09
:101B5000234A3F21234800F07DFF204B204A3F21AC
:101B6000204800F077FF002CE8D0FFF77DFE00232F
:101B7000029301931C4B0093049A059BFFF78AFE86
:101B8000002818DADAE7002300E00023002BD5D183
:101B9000164B1A68EFF3108172B61368002BFCD055
:101BA000BFF35F8F114B1B68BFF35F8F00221A607A
:101BB00081F3108820BF0499059A0D4B5B6A9A4205
:101BC000E3D80B48806A884203D29A42DBD00123D3
:101BD000DCE70123DAE7C0465C970010708E001046
:101BE000C4970010C48E0010E9110010E41E0020FC
:101BF0000040054070B504000D0000F0F7F8020049
:101C00000B1E0ADB200029008018594100290ADB3D
:101C100000290CDBFFF770FF70BD084B084A3F211D
:101C2000084800F017FF012040420749F0E7034B46
:101C3000034A3F21034800F00DFFC046708E00109C
:101C4000C4970010C48E0010FFFFFF7F10B5FA226A
:101C500092000023002102F05FFCFFF7CBFF10BDD4
:101C600070B584B005000C00EFF30583002B1ED186
:101C7000FFF7FAFD002302930193224B00932A0001
:101C80002300FFF707FE061E23DD20BFFFF7ECFD54
:101C90003100FFF7B3FE1C4B5B6A9C422DD81A4AF9
:101CA000926AAA422CD29C4225D0012026E0164BF3
:101CB0005B6A994209D8144A926A824207D29942D1
:101CC00001D001201AE0002018E0002016E00120D9
:101CD00014E00D4B5B6A9C4209D80B4A926AAA42F7
:101CE00007D29C4201D0012008E0002006E000203D
:101CF00004E0012002E0002000E0002004B070BDFC
:101D00000120FBE7E911001000400540026843682C
:101D10000849496A8B4209D80648806A904207D22E
:101D20008B4201D0012002E0002000E0002070473B
:101D30000120FCE700400540026043600048704716
:101D40000D1D001070B5EFF305801038EFF3108C07
:101D500072B61A4B1B68002BFBD0BFF35F8F0122BA
:101D60001300834016494B6316490B6016490978E6
:101D70000C00C440224214D0114A546A8200134D10
:101D80005259944206D38200114C125999430E4B7A
:101D9000197007E00A4A031D9B00995899500022C8
:101DA00000E00022BFF35F8F044B002119608CF329
:101DB0001088002A00D0904770BDC046280100D08E
:101DC000004005403C700540FC1F0120F01E002033
:101DD0005812002010B50100024A0348FEF7D6FD54
:101DE00010BDC04688980010F71F0120044B5B6AA5
:101DF000034A906A1900536A9942F9D17047C04664
:101E000000400540084B5B6A01E0074B5B6A8B4270
:101E1000FBD301E0044B5B6A8B4203D1024B9B6A0C
:101E20008342F7D37047C0460040054070B50400B8
:101E30000D00FFF7DBFF02000B00200029008018D7
:101E400059418B4202D804D1824202D9012040423A
:101E5000C117002902DBFFF7D5FF70BD024B034A13
:101E60003F21034800F0F6FD708E00104C990010E1
:101E7000C48E001070B504000D00EFF3108672B62A
:101E80001B4B1B68002BFBD0BFF35F8F002D1CD0BA
:101E90002000FEF76FFE174B83420BD01900200085
:101EA000FEF782FE01212000FEF754FE0123A3402D
:101EB000114A1360A400114BE550BFF35F8F0C4B28
:101EC00000221A6086F3108870BDA2000B4B00211F
:101ED000D1500122A2400A490B7893430B70054967
:101EE0002000FEF7A5FF00212000FEF733FEE4E707
:101EF000280100D0451D0010386005405812002010
:101F0000FC1F0120F0B5DE4600B584B004001500CA
:101F100001921E000293FFF769FF03958E4202D8DB
:101F20004ED185424CD9EFF3108B72B6274B1B680C
:101F3000002BFBD0BFF35F8F254A17780125A54002
:101F4000EBB23B431370234B5D63221D920001995A
:101F5000D150A2002049029850501B6A2B4212D146
:101F60001C4B1B6C2B4208D00020BFF35F8F174B1C
:101F700000221A608BF3108823E0184B184AC52101
:101F8000184800F067FDFFF731FF8E4214D802D1E8
:101F9000039B834210D80E4B1B78BB420ED00D4BD7
:101FA0001D625D631F2004400123A3400E4A13609D
:101FB000074B1F701E38D8E70020D6E70120D4E772
:101FC000012004B080BCBB46F0BDC046280100D053
:101FD000FC1F012000400540F01E0020AC980010BE
:101FE00030990010D098001080E200E0EFF3108CE0
:101FF00072B60B4B1B68002BFBD0BFF35F8F012326
:102000008340084A136208490A789A430A70BFF36A
:102010005F8F034B00221A608CF310887047C04614
:10202000280100D000400540FC1F012010B5002908
:102030001ED0037B99421BD84B005B18033B0468FE
:10204000A4466344002919D0002A1DD0914221D012
:10205000002A25D0047BA24222D8046850008018B0
:10206000033820188170197800291FD11A7010BD0B
:10207000104B114A6821114800F0ECFC104B114A3A
:102080006F310E4800F0E6FC0F4B0E4A70210B48F2
:1020900000F0E0FC0D4B0B4A7121084800F0DAFC1F
:1020A000044B054A6821054800F0D4FC41701A70C1
:1020B000DDE7C0469C9500106C9A0010B8950010A2
:1020C00020960010589A00102C9600103896001098
:1020D00070B506000D001400002914D0002A14D099
:1020E000806873689847002806D0220029003000D5
:1020F000FFF79CFF280007E02A0021003000FFF7CF
:1021000095FF200000E0100070BD0800FCE7000013
:1021100010B50023437301338373037BC37301231F
:10212000027B9A4214D9002B0CD0027B934209D82F
:102130005A00D218033A01688C4662440133DBB27C
:102140005370EDE70B4B0C4A68210C4800F082FC01
:10215000002A09D0924207D8016853009A18033A1E
:102160008A180023537010BD024B034A68210348AC
:1021700000F070FC9C9500106C9A0010B89500104F
:1021800010B5017342608360FFF7C2FF10BD00000D
:1021900070B50400081E00D170BD002934D0237B27
:1021A000994231D84B005B18033B22689446634444
:1021B0005A78002AF0D02DD0237B9A422AD8530097
:1021C0009B18033B21688C4663445D78002159705D
:1021D000002825D0237B984222D843001B18033BBC
:1021E00021688C4663440021597001002000FFF7EC
:1021F0006FFF060029002000FFF7CAFF0200310030
:102200002000FFF765FFC7E7084B094A6821094826
:1022100000F020FC054B064A6821064800F01AFC35
:10222000024B034A6821034800F014FC9C950010FF
:102230006C9A0010B895001070B505000C001600DF
:1022400000292FD034D0037B994231D84B005B1842
:10225000033B0268944663445A78002A2ED19A7848
:10226000002A31D11978FFF793FF0300002E0AD01E
:10227000EA7B002A2ED1AA7B002A03D1EA7B002A1E
:102280003BD1AC73EC73002B3DD1002C4FD02B7B9A
:102290009C424CD82B6861000C19033C1C1900238C
:1022A000637070BD254B264A3821264800F0D2FBCA
:1022B000254B264A6821264800F0CCFB254B204AB6
:1022C0003A21204800F0C6FB234B1D4A3B211D4804
:1022D00000F0C0FB002A0AD0297B8A4207D85100AF
:1022E0008A18033A29688C4662445470C3E7164B37
:1022F000164A6821164800F0ADFB184B104A4221DF
:10230000104800F0A7FB002B0BD02A7B934208D883
:1023100043001B18033B2A689446634400229A70CA
:10232000B3E7094B094A6821094800F093FB064BC3
:10233000064A6821064800F08DFBC04664990010EB
:10234000449A00106C9900109C9500106C9A001033
:10235000B8950010C0990010E8990010FC96001084
:1023600070B504000A00457B2900FFF765FF607324
:10237000280070BD70B50400002967D0437B8B42F4
:102380000ED0002911D0037B99420ED84B005B1868
:10239000033B0268D0188378002B0CD1002056E054
:1023A0000121FFF7DDFF012051E0294B294A682177
:1023B000294800F04FFB002B20D0227B93421DD8F0
:1023C0005A00D318033B2268D2182568EB5C8B4275
:1023D0001AD0002B1BD0227B934218D85A00D31856
:1023E000033B2268D21853788B4216D0002BF0D1D1
:1023F0001A4B1B4A6B211B4800F02CFB144B154A4F
:102400006821154800F026FB4378137007E0104B55
:10241000104A6821104800F01DFB437853700023D8
:102420008370437001222000FFF706FF0200617BEA
:10243000814205D02000FFF74BFE6073012006E0CB
:10244000094B074A7121074800F004FB002070BDCA
:102450009C9500106C9A0010B895001070930010B5
:102460002C9A00106C9900100C9A001070B5046B37
:10247000E30701D4200070BD02003032C0239B016D
:1024800013430A4A1A60456A826AAD01AD18AD026B
:10249000062000F0BDF9064901F0A8FC0100280063
:1024A00001F0A4FC0021FFF7C1FCE3E701030000F9
:1024B0004E0E000070B504000E001500FFF7D6FFA9
:1024C00022002C32E16A4E40354080235B011343E9
:1024D0001D60206370BD000070B505000C00062073
:1024E00000F096F9C000210001F080FCC60908D078
:1024F0000E4B9E4216D87F23184001303400460808
:1025000000E001246C62AE62002200212800FFF787
:10251000D1FF062000F07CF98000A101891901F0AB
:1025200065FC70BD0026024CECE7C046FEFF0000D3
:10253000FFFF000010B505394901013AD2001143EF
:10254000002B09D002220A43012B07D0002111439E
:102550006E22FFF7AFFF10BD0022F4E70421F6E77B
:10256000002909D00A22064B9C4660444342584148
:102570004000044BC252704780225200F3E7C0462D
:102580000080FCBF001F002070B505000C00062075
:1025900000F03EF9061E27D0164B9D4226D0802221
:1025A000D203154B1A60154B1A60154B9B6811002E
:1025B0009943FAD100212800FFF7D2FF210028001B
:1025C000FFF78AFF06000023012208212800FFF7F9
:1025D000B1FF2A002C3280239B01134310221A6082
:1025E000084B2B630323AB64300070BD80221204C0
:1025F000D7E7C0460080034000E0004000F0004004
:1026000000C0004001030000F8B5DE4657464E46C4
:102610004546E0B505000F0092460A9A934250D312
:102620001A0E91461E020A9A00233000494601F014
:102630001BFC80466C006419A400304B9C4664442B
:102640006368834200D260602B1FDBB29B46012B84
:102650003DD9C0239B012343802212011A60AB00A5
:10266000274A9958002907D0506901F0BFFB431C45
:102670005800C0180338FDD253465A0123685A4007
:10268000E0231A4080235B0123431A605A46012A43
:1026900028D980239B012343802212011A604346DC
:1026A0006360424600233000494601F0DDFBAD0087
:1026B000134B58510120F0BCBB46B246A946A04678
:1026C000F8BD104B104A3321104800F0C3F9012F18
:1026D000BFD1C0239B01234303221A60A368DB07F9
:1026E000FCD5C9E72168794003220A401A60A26834
:1026F0000123BB401342FAD0CBE7C0460080004024
:102700007C130020789A0010EC9A00108C9A00102C
:1027100030B583B00C2000F011F9FEF717F900284E
:102720000DD0002304E099002D4A2E488850013333
:10273000092BF8D92A4B2C4A5A6203B030BD2B4BD7
:1027400000229A6700F06CF9294B01221A60274B8E
:102750005B6C012BFBD1274B03221A60234B9B6B35
:10276000012BFBD1013300930433234A0121234879
:1027700000F054F805230093214A0121214800F07C
:102780004DF8214B0093002202210420FFF73CFF6B
:102790001E4D00952B00002201210520FFF734FF7C
:1027A000104C00942300002200210720FFF72CFF8B
:1027B00000942300002200210820FFF725FF0A4B88
:1027C00000932300002200210920FFF71DFF009540
:1027D0002B00002200210620FFF716FFADE7C046C0
:1027E0007C130020006CDC021BB70000008000405E
:1027F0003CB0004030B00040002F685900800240DB
:10280000008C864700C00240001BB7004059730788
:102810008000014BC05870477C130020F0B5C646BD
:1028200000B504000E0017001D00374801F0DEFA65
:102830008046364BFA18364B9A4239D80100380098
:1028400001F0D4FA0200103A98235B009A4235D87E
:102850006B1E062B38D8069B013B062B34D83F094C
:10286000474537D32D04069B1A0315432368002BD5
:1028700036DB284B9C4244D080225201264B1A6002
:10288000264B1A60264B9B6811009943FAD12660AB
:10289000A060231DC02292011A43212313602368E4
:1028A000002BFCDAE5600823136080BCB846F0BD5D
:1028B0001C4B1D4A11211D4800F0CCF81C4B1A4A34
:1028C00019211A4800F0C6F81A4B174A1C2117485C
:1028D00000F0C0F8184B144A2321144800F0BAF84D
:1028E00022683F231340B342C3D1A3681B051B0DCD
:1028F0008342BED1E368EE22D2021340AB42B8D18C
:10290000D3E780229201B9E7001BB70080E84BD3E0
:1029100080F8A93200C0024000E0004000F0004012
:1029200000C00040FC9A00103C9C00105C9B001012
:10293000B89B0010D49B0010209C001080239B00AB
:102940000343014AD362704700800540024B1A6876
:10295000024B5A607047C046341C0020008005407E
:1029600010B50200164B8020C0051860154B1648A4
:10297000186000290AD0154BE021C9041960002A0B
:1029800009D1124B802212061A6010BD0C4BE021B7
:10299000C9041960F3E753019B1A980080180001DD
:1029A0000B4B186080235B04984202D3084B094A02
:1029B0001A60FFF7CBFF054B8022D2051A60E4E7CF
:1029C00000B0054008200140FCFF010000A00540C8
:1029D000341C0020FFFFFF0010B5030010000C4A5C
:1029E0008024E4051460002B0DD001221343094A12
:1029F000094CD461094C5C4014625162936200211D
:102A0000FFF7AEFF10BD034B0022DA61F7E7C046C7
:102A100000B0054000800540D3C007B02D3FF84FFF
:102A2000064BAA2212011A602F22DA60044B054AD3
:102A30001A60024B5B68002BFBDA704700400240D3
:102A40000060024000B0FA0000BEFDE710B5FFF7DD
:102A5000FBFF000010B582B00C001900002A0CD05A
:102A6000084B002A0BD00192009323000200064875
:102A700001F06EFF0120FFF7E7FF044BF1E7034A87
:102A8000F1E7C046489C0010589C0010688F001069
:102A900070B52B4B2B4A1A602B4B2C4A1A602C4BCF
:102AA0009A682A4B9343FAD12A4C01E008CC984704
:102AB000294B9C42FAD3FFF72BFE234B274A1A607F
:102AC000234B9B68DB43DB01FAD1254B40229A67FD
:102AD0005A671A67DA66234C09E0234B234A872199
:102AE0002348FFF7B7FF2000FEF72EFB0834214BE9
:102AF0009C4209D22368002BF5D0012BEDD1200098
:102B0000FEF72FFB0834F2E71B4CA1681B4DC022D7
:102B1000280001F0C5FDA560EFF30583002B00D070
:102B200000BEFDF775FFFEF7E5FAFEF77DFE144CDB
:102B300001E008CC9847134B9C42FAD370BDC046C5
:102B400000E00040BFCDFBFE00F00040FE7F3C00F7
:102B500000C00040D00C0020E00C0020FFFFFF016F
:102B600000F00140C00C0020889C0010289D00103F
:102B7000A89C0010D00C002000ED00E00000002018
:102B8000E00C0020EC0C00200FB400B583B0084826
:102B900001F0AEFE049B002B07D005A9019118009F
:102BA00001F0B6FE034801F0A3FE0120FFF74CFF41
:102BB000089D0010508F001010B50148FFF7E4FF8A
:102BC000189D00109A4200D288547047704710B583
:102BD000002802D00B684968984710BD010000200A
:102BE00007E083001B185B00501C08601078C018B9
:102BF00030380A681378303BDBB2092BF1D97047C3
:102C0000F0B5DE4657464E464546E0B583B093469E
:102C10001F000C9B9A460D9C0E9B99460F9B9B0791
:102C200003D0B8460F00060022E00192A346884672
:102C30004E46B9460700B44207D2551C4B464146A2
:102C40002020B84701342A00F5E73D004F465C4696
:102C5000019B9B46B1464646B84637002E0007E02A
:102C6000013C551C5346185D43463900B0472A00C5
:102C7000002CF5D135003E0047460F9B9B0707D43B
:102C8000100003B0F0BCBB46B246A946A046F0BD5A
:102C9000B0464E46B9462F005D46531BB342EFD2B5
:102CA000541C4B4641462020B8472200F5E7F0B5BA
:102CB000CE46474680B585B0944698460C9D0D9CFF
:102CC0000EAB1B789946109A119B129EB7071CD425
:102CD000002B0CD0F7070AD54F46002F02D10C3736
:102CE000374204D0013B02E030272F550134944293
:102CF00001D21F2CF8D9F70707D59C4205D21F2C0B
:102D000003D830272F550134F5E7F70615D5770599
:102D100005D4002C03D0944224D09C4222D00F9A98
:102D2000102A2BD00F9A102A30D00F9A022A35D0B1
:102D30001F2C02D830222A5501341F2C05D84A46B0
:102D4000002A31D02D222A55013403960293019492
:102D5000009543466246FFF753FF05B0C0BCB94635
:102D6000B046F0BD621E012C06D00F9F102F01D07F
:102D70001400D4E7023CD2E71400D0E7B206D1D465
:102D80001F2CCFD878222A550134D1E7B206CCD5F2
:102D90001F2CCAD858222A550134C9E71F2CC7D87E
:102DA00060322A550134C3E7720703D52B222A5516
:102DB0000134CAE73207C8D520222A550134C4E7B6
:102DC000F0B5DE4657464E464546E0B593B08146DF
:102DD0008A46089209931CAB10CB1B789B461E9D1C
:102DE000219B9846002C03D1102342469A439046DB
:102DF0008023DB0046461E4042461A4212D0002C79
:102E000022D000260EE03033D9B2771C0AAB995598
:102E10002900200000F0EAFFAC4216D31F2F14D87F
:102E20003E0004002900200000F0E0FFCBB2092B97
:102E3000E9D94246920605D54121C918C9B20A39D5
:102E4000C9B2E2E76121F8E7270043460693209BD9
:102E500005931F9B049303955B46029301970AAB6E
:102E60000093099B089A51464846FFF720FF13B08C
:102E7000F0BCBB46B246A946A046F0BDF0B5DE4662
:102E800057464E464546E0B595B0089009910A92DE
:102E90000B931E9E1F9C20AB1B789B46229B994642
:102EA000239D269B9A463300234303D11033524679
:102EB0009A4392468023DB0057461F4052461A42EF
:102EC00019D0330023432DD0002714E03033DAB279
:102ED0007B1C98460CABDA554A462B00300021008B
:102EE00000F0C2FFA5421FD819D043461F2B1BD8A4
:102EF000474606000C004A462B003000210000F037
:102F0000B3FFD3B2092BE1D95246920605D541222F
:102F1000D218D2B20A3AD2B2DAE76122F8E7B14562
:102F2000E3D901E00023984653460693259B059379
:102F3000249B04934B4603935B46029343460193C1
:102F40000CAB00930B9B0A9A09990898FFF7AFFE08
:102F500015B0F0BCBB46B246A946A046F0BD000085
:102F6000F0B5DE4657464E464546E0B591B083463D
:102F70008A460C9298461A9C08941B9D099522003B
:102F80002B002000290001F0EAF9002800D0E5E03C
:102F900001225242D74B2000290001F0DBF9002822
:102FA00000D0DBE001225242D34B2000290001F087
:102FB000BBF9002800D0D1E000220023089E300099
:102FC000099D290001F0B0F9002800D0DDE0089843
:102FD0000999069007918023DB001E9A1A400D92F2
:102FE0001E9A1A4201D106231C93069807990400E1
:102FF0000D000A000600024300D1D1E0080D400593
:10300000400DBE4CA44660440A03120BBC4B134354
:103010001F0001F0B7F9BB4ABB4B01F046F9BB4AB0
:10302000BB4B01F023F904000D000022B94B300026
:10303000390001F016F9B84AB84B01F036F9020030
:103040000B002000290001F011F901F0B3F98146CD
:1030500001F098F904000D00B14AB24B01F025F9D6
:103060000022B14B01F002F901F0A4F90600AF4AC9
:10307000AF4B2000290001F018F904000D003000CA
:1030800001F080F9AB4AAC4B01F00FF902000B00E4
:103090002000290001F0E5F804000D0002000B00FB
:1030A00001F003F90A900B91A44BF31800261F05B9
:1030B00022002B002000290001F0D8F80E900F917B
:1030C00022002B0000208021C90501F0CAF804006D
:1030D0000D0000229A4B0A980B9901F0CCF80022BF
:1030E000984B01F0C3F802000B000A980B9901F00D
:1030F000C2F80022944B01F0B9F802000B000A98C4
:103100000B9901F0B8F802000B002000290001F033
:10311000ADF802000B000E980F9901F0ACF80022F8
:10312000774B01F0A3F832003B0001F0BEF8060037
:103130000F0004000D00069A079B01F00BF9002810
:1031400030D001235B429C46E14400227D4B30009D
:10315000390001F090F804000D0023E01E9B049359
:103160001D9B03931C9B0293089A099B0092019359
:1031700043460C9A5146584600F0FCF811B0F0BC9A
:10318000BB46B246A946A046F0BD002300240693E4
:103190000794069680231B069C46654407951AE70C
:1031A000002399464B466333C62B1ED804261E9B2C
:1031B0001B0526D52B0023430FD0644A644B069889
:1031C000079901F0BFF8002879D00022614B0698DA
:1031D000079901F0A9F8002871D01C9B4B4506DD2A
:1031E0004A46981A431E1C9303E00526DFE7002396
:1031F0001C938023DB001E9A1A431E920026002394
:1032000099461D9B9E4264D29F1B02231E9A1A4020
:103210000A921E9A134202D0002E00D000274B467D
:10322000002B07D022002B000698079901F023F805
:1032300006900791002200230898099901F074F87C
:10324000002848D1444B1E9A1340049303971C9BBB
:103250000293069B079C0093019443460C9A5146A7
:10326000584600F087F8002E00D187E71E9B9B068A
:103270003DD54525441C4346020051462800D84709
:103280004B46DA179B18534005220592013E0496DF
:10329000002203920A3202924A46D00F0190009314
:1032A0004346220051465846FFF78AFD0A9B002BF1
:1032B00000D163E702005F460C9E1D9D54E01C9BFD
:1032C000002B9ED00D9B002B9BD01C9B013B1C9385
:1032D00097E7002799E7069C079D22002900802098
:1032E0000006844661440B0006920793AAE7652511
:1032F000C0E7C046FFFFEF7FFFFFEFFF01FCFFFFCE
:103300000000F03FFB799F501344D33FB3C8608B5C
:10331000288AC63F0000F83F61436F63A787D23F0A
:1033200071A379094F930A400000E03F1655B5BBE1
:10333000B16B0240EF39FAFE422EE63FFF03000078
:1033400000002C4000002440000018402D431CEBDE
:10335000E2361A3F80842E41FFF7FFFF541C43469C
:1033600051462020B8472200931BAB42F6D31000F1
:1033700004E7C046F0B5DE4657464E464546E0B542
:1033800095B00690079193469946209F1E9A1F9BE1
:103390001000190000F0E3FF002831D10122524251
:1033A000BF4B1E981F9900F0BFFF002837D10122A4
:1033B0005242BC4B1E981F9900F0CCFF00283DD113
:1033C0000022B94B1E981F9900F0C4FF002850D16D
:1033D0000022B64B1E981F9900F0A6FF002848D186
:1033E000002200231E981F9900F09EFF002850D154
:1033F00000239846229B5B0500D4B6E0002458E0E9
:10340000229B0393219B029303230193A84B0093D8
:103410004B465A4607990698FFF7F2FB0EE1229BAE
:103420000393219B029304230193A24B00934B46E9
:103430005A4607990698FFF7E3FBFFE00423229A18
:103440001A4022990B4210D09B4B002A0FD0042225
:103450002299039121990291019200934B465A4679
:1034600007990698FFF7CCFBE8E0944BEDE70322C1
:10347000EEE7229B0493219B039302971E9B1F9CC4
:10348000009301944B465A4607990698FFF768FD4A
:10349000D4E01E9A1F9B0020002100F0E2FE1E9047
:1034A0001F9101239846A5E70CAB30221A55013F26
:1034B00001341F2C01D8092FF6D81E981F9900F04F
:1034C00079FF050000F05EFF02000B001E981F99B7
:1034D00000F0C7FEFA007A4B9B181A685B680A92E4
:1034E0000B9300F0E2FE0890099100F087FF0600C0
:1034F00000F044FF02000B000898099900F0B1FEAB
:103500000890099100226F4B00F024FF00282ED074
:103510000136300000F032FF02000B000A980B99D0
:1035200000F008FF002801D001350026002F2CD123
:10353000280000F027FF02000B001E981F9900F0E2
:1035400090FE06000F0000225E4B00F0EDFE00280A
:1035500046D100225B4B3000390000F0FBFE002812
:103560003ED1EB073CD501353AE0062746E700227D
:10357000544B0898099900F0D7FE0028D6D1002EA8
:1035800001D0F307D2D50136D0E7AA461F2C11D8B7
:10359000013F0A21300000F029FC651C30310CABE2
:1035A00019550A21300000F021FC092E0ED9060021
:1035B0002C00EBE755461F2C0CD87B1E002F09D0A2
:1035C0000CAA302111551F000134F4E72B00554699
:1035D0001C00F0E71F2C03D80CAB2E221A55013427
:1035E0001F2C10D80A21280000F0D8FB661C3031AF
:1035F0000CAB19550A21280000F0D0FB051E01D0A4
:103600003400EDE734000323229A1340012B1CD031
:103610001F2C06D84346002B32D00CAB2D221A5556
:103620000134229B0393219B029301940CAB0093E2
:103630004B465A4607990698FFF7E2FA15B0F0BCD8
:10364000BB46B246A946A046F0BD219B002B13D035
:103650004346002B02D10C3313420FD0219B013B78
:103660002193190003E00CAB30221A5501348C422F
:10367000CED21F2CF7D9CBE72199F8E72199F6E7AD
:10368000229B5B0704D50CAB2B221A550134C8E7EB
:10369000229B1B07C5D50CAB20221A550134C0E76D
:1036A000FFFFEFFFFFFFEF7F65CDCD4165CDCDC1C2
:1036B000449D0010489D00103C9D0010389D001056
:1036C000309F00100000E03FF0B5DE4657464E4602
:1036D0004546E0B593B082468B469046119300294B
:1036E00000D1EBE200275546119B1878002800D145
:1036F000E7E2252809D07C1C43463A005946A847F2
:10370000119B013311932700EEE70133119300243D
:10371000119A11780B00203BD8B2102803D88300EF
:10372000D048C3589F460B00303BDBB2092B2CD945
:103730002A292FD000230A93119B1A782E2A39D0D8
:1037400000239A46119A1378683BD9B2122976D889
:103750008B00C549CB589F4601231C43013211926F
:10376000D6E702231C4301321192D1E704231C4304
:1037700001321192CCE708231C4301321192C7E7B2
:1037800010231C4301321192C2E711A8FFF726FA59
:103790000A90D1E71C9B1A1D1C921868002804DBB4
:1037A0000A90119B01331193C6E702231C43434245
:1037B0000A93F6E78022D20014435A1C11925A78D9
:1037C0001300303BDBB2092B04D92A2A07D000238F
:1037D0009A46B7E711A8FFF701FA8246B2E71C9BA9
:1037E0001A1D1C921868002804DB8246119B0133C5
:1037F0001193A7E70020F8E780235B002343511CC7
:10380000119152786C2A01D01C0018E0C0239B0053
:103810001C430131119112E080232343511C11916B
:103820005278682A01D01C0009E0C0231C430131F2
:10383000119104E080235B001C4301321192119B23
:1038400018780300253BDAB2532A00D92CE2930002
:10385000864AD3589F4680239B001C430132119215
:10386000EDE780235B001C4301321192E7E77828E3
:1038700009D0582838D06F2838D0622838D0102383
:103880009C430A2600E01026582833D0692803D02C
:10389000642801D00C229443630501D5012294438E
:1038A00069282AD0642828D0A30500D59FE0E30525
:1038B00000D5B8E0630600D4CAE01C9A111D1C9123
:1038C0001168FF220A4005940A9B04935346039310
:1038D000029600230193009243463A00594628007D
:1038E000FFF76EFA070027E01026CDE70826CBE7A2
:1038F0000226C9E720221443C8E7A30520D4E30524
:1039000050D4630666D51C9A111D1C911168FF22C4
:103910000A40D317D118594005940A9B0493534683
:1039200003930296D20F0192009143463A00594602
:103930002800FFF745FA0700119B01331193D3E6E6
:103940001C9BDA1D07218A43110008311C91116864
:1039500053689C46DB170C930D930C9A0D9B10003B
:1039600048400E90624653400F930E980F990C9A60
:103970000D9B801A99410E900F9108940A9B079312
:10398000534606930496002305936346DA0F02928A
:103990000090019143463A0059462800FFF76EFA1D
:1039A0000700C9E71C9A111D1C911268D317D11882
:1039B000594005940A9B0493534603930296D20FF1
:1039C0000192009143463A0059462800FFF7F8F962
:1039D0000700B1E7230605D51C9A111D1C91002391
:1039E000D25E96E71C9A111D1C91126891E71C9BF0
:1039F000DA1D07218A43110008311C9108940A9BA3
:103A00000793534606930496002305930293136885
:103A100054680093019443463A0059462800FFF742
:103A20002DFA070088E71C9A111D1C9105940A9B2A
:103A30000493534603930296002301931368009363
:103A400043463A0059462800FFF7BAF9070073E7E2
:103A500023060DD51C9A111D1C9112681204120C1C
:103A600031E7C046509D0010949D0010E09D00106D
:103A70001C9A111D1C91126825E746281AD01C9B20
:103A80000733072293431A0008321C9204940A9ABF
:103A90000392524602925C681B680093019443466D
:103AA0003A0059462800FFF765FC0700119B0133D7
:103AB000119319E620231C43E1E7672801D047282A
:103AC00002D180231B011C43452801D0472801D186
:103AD00020231C431C9B0733072293431A00083200
:103AE0001C9204940A9A0392524602925C681B68E4
:103AF0000093019443463A0059462800FFF730FAF4
:103B00000700119B01331193EEE502231A002240B6
:103B1000924623421FD001241C9B1A1D1C927A1C22
:103B20009146187843463A005946A8475346002B19
:103B300016D1119B013311934F46D5E5561C4346D0
:103B400059462020B847230032005C1C9D42F5D81E
:103B50003D001700E0E701233A002F000A9DF4E73B
:103B60004A46A9460A9D06E0571C4346594620206E
:103B7000C84734003A00661CA542F5D84D46914628
:103B8000D7E71C9B1A1D1C921B6899465346002BB5
:103B900000D1013B4E4601E0013613003278002A85
:103BA00002D05A1E002BF7D14B46F21A10928023F6
:103BB000DB0026001E401C4203D0524501D953466B
:103BC000109302231A0022400B92234205D03A00A0
:103BD00037004C46A946554620E03A00109B5F4608
:103BE000B3462E0006E0551C434639002020B0475E
:103BF00023002A005C1C0A999942F4D835005E46DD
:103C0000BB46109437004C46A946554606E01D00B9
:103C10000134561C43465946C847320020780028D4
:103C200004D0002FF4D06B1E002DF0D117004D46AC
:103C30000B9B002B03D1119B0133119354E50A9F79
:103C4000109B06E0561C434659462020A8472300F7
:103C500032005C1C9F42F5D81700ECE721231C437F
:103C60001C9B1A1D1C921B68009305940823049347
:103C700053460393102302930023019343463A00D3
:103C800059462800FFF79CF80700119B0133119358
:103C90002AE57C1C43463A0059462520A847119B3B
:103CA0000133119327001FE57C1C43463A00594617
:103CB000A847119B01331193270015E50A4B9A463B
:103CC00010E5AA46474502D343465A1E00E03A0093
:103CD000434659460020D047380013B0F0BCBB46DD
:103CE000B246A946A046F0BDCD2B00100EB410B5CB
:103CF00085B0010007AC08CC039401220094524225
:103D00000348FFF7E1FC05B010BC08BC03B018473E
:103D1000C52B001000B585B00290039101210093DE
:103D200013004A4202A90248FFF7CEFC05B000BDCD
:103D3000CF2B001001480421014B1847300C002004
:103D4000653D001010B5010018231B88142210884F
:103D5000984710BD10B5010018231B881622108843
:103D6000984710BDF0B5C64600B507000E00002507
:103D70000123984600E00135B5420AD2AC003C1957
:103D80002068FFF7DFFF20600028F4D10023984669
:103D9000F1E7404680BCB846F0BD0000124A936F80
:103DA0009B0815D29066D166002905D0FFE7FFE792
:103DB000FFE7516F106F704704B580210906C217E5
:103DC0005140002800D0C84304F0EAFF002104BDA0
:103DD000F0B5146E556E576F166FFFF7E3FF14665C
:103DE000556657671667F0BD000000D0114A936F03
:103DF0009B0813D210665166002905D0FFE7FFE744
:103E0000FFE7516F106F704704B5002801D0002004
:103E1000C04304F0C5FF002104BDC046F0B5146ED8
:103E2000556E576F166FFFF7E5FF146655665767B7
:103E30001667F0BD000000D094464A4A926F92087F
:103E4000624601D228E0C046F0B5464E346E756E2B
:103E5000776F366F00F020F89446424A1466556634
:103E6000576716676246F0BD94463E4A926F9208C5
:103E7000624601D254E0C046F0B53A4E346E756EDB
:103E8000776F366F00F04CF89446364A14665566E4
:103E9000576716676246F0BD002B24DB11D000295E
:103EA0003EDA00B5C943404200D1013100F038F894
:103EB000C943404200D10131DB43524200D10133BA
:103EC00000BD002AEBD1002801D1002905D0002037
:103ED000C90FC90701D1C043410800B504F058FF1C
:103EE0000022002300BD00B500290ADBDB4352425B
:103EF00000D1013300F014F8C943404200D1013130
:103F000000BDC943404200D10131DB43524200D1E0
:103F1000013300F005F8DB43524200D1013300BD0C
:103F2000002923D1002B18D1002A0CD0BC460D4FFC
:103F300038667A6600210023FFE7FFE7FFE77A6F24
:103F4000386F67467047002801D00748010000B568
:103F500004F01EFF0022002300BD02000B00002021
:103F600000217047000000D0FFFFFFFF002B00D0B2
:103F7000BFE0130C28D1002AE7D080B4114F396676
:103F80007A66FFE7FFE730B4040C7B6F396F1B04E0
:103F900023433B667A66FFE7FFE7FFE7C04684B24C
:103FA0007B6F3D6F1B0423433B667A66FFE7FFE7A9
:103FB000C04600232C042D0C7A6F386F001969411C
:103FC000B0BC7047000000D0F0B594460025140E38
:103FD00001D112020835140F01D112010435940FDA
:103FE00001D192000235D40F01D152000135D40B1A
:103FF0000134254F7C66254C3C660E0C93B2FFE7DE
:10400000FFE7FFE73C6F6643360C7703BE4673431A
:10401000DF0B5B04C01AB941130C7343DB18C91AD8
:10402000CE086643360CB64493B273431F0F1B0190
:10403000C01AB941130C73431F0B1B05C01AB941B9
:10404000860D8F023E436643360C092D24DB520A4F
:104050007243801A7703460A6643360C16235B1BAD
:10406000DE40DF40BF1964466643821B704604355C
:1040700006330100D940A840C01900D30131A24243
:1040800006D20023F0BD0000000000D0FFFFFFFFBC
:10409000121B0130F3D3F1E709277F1BFE40644672
:1040A000A2B27243801A00D20139220C7243130C5F
:1040B0001204821A99410B0070460435133701002F
:1040C000F940A840801900D30131002B02D1A2424F
:1040D0000AD2F0BD013000D30131121BFAD2013BEC
:1040E000F8D1A24200D2F0BD013000D30131121B41
:1040F000F7E7F0B51C0C00D080E00CB400251C0ADA
:1041000004D11B02160E3343120208351C0B04D1D6
:104110001B01160F3343120104359C0B04D19B0085
:10412000960F334392000235DC0B02D192185B41AB
:1041300001351C00971864410134464F7C66464C9B
:104140003C660E0CFFE7FFE7FFE7C0463C6F6643A7
:10415000360C7703BE4697B27743C01B00D20139B5
:10416000C01B00D201399FB27743C91BC91B170C72
:1041700077437E04FF0B801BB941CE086643360CA3
:104180000C2D33DBB644120B1F053A431B0B97B2C1
:104190007743C01B00D201399FB27743C91B170C6C
:1041A00077433E043F0C801BB941860D8F023E438E
:1041B000664329277F1BFE400C3D7746AF40BF1961
:1041C00030BCA2B2ABB272437343801A9941220C45
:1041D0007243130C1204801A994102000B0001373C
:1041E000001BA941F9D2781E0021F0BD0C277F1BCE
:1041F000FE4077467F0BAF40FF19E0E700245D1CCF
:1042000007D0144F7D663966FFE7FFE7FFE7FFE75A
:104210003C6F95B29EB265436643401BB141150C9D
:104220001E0C6543664336042F0C3E432D04401B91
:10423000B141994204D202000B0020000021F0BDE0
:1042400001D19042F7D3801A994101349942F2D3B7
:10425000F6E70000000000D0FFFFFFFF48404140AC
:10426000484018B4134B5B68019308BD18B4114B58
:104270001B68019308BD94460F4A926F920805D2BD
:10428000624618B40B4BDB68019308BD0A4AF0B5CF
:10429000146E556E576F166F6246FFF7F2FF064AAF
:1042A0001466556657671667F0BD18B4014B9B68D6
:1042B000019308BDE01C0020000000D0FFB5504075
:1042C0004240504059404B40594000E0FFB5154F27
:1042D0004C00640D03D0BC4204D10C0314D8002060
:1042E000090D09055C00640D03D0BC4204D11C0318
:1042F0000AD800221B0D1B0501264B4009D44B4058
:1043000003D58B4200D18242FFBD9942FCD190423D
:10431000FFBD0B43DB1803431343F5D0C9434918D2
:10432000FFBD0000FF07000000B5FFF7CFFF804191
:1043300000BDC04600B5FFF7C9FF01D9002000BD90
:10434000012000BD00B5FFF7B9FF01D9002000BD75
:10435000012000BD00B5FFF7B1FF804100BD012085
:1043600040054A00121804D85A00121801D800203B
:10437000704701207047002070470000002100288E
:1043800005D17047C1174840401AFAD0C90713B584
:10439000064B1B6898470CBC441CA2401005120B2E
:1043A0000349091B09051943114310BDE01D0020F5
:1043B0001F04000010B54C00620D8023D218DB00F2
:1043C000D21A5B057E2A10DD9E3A13DACC17090358
:1043D000490819435242D140640001341532202A61
:1043E00005DAD0400843604310BD002010BD0846E8
:1043F000604310BDC80FC018013810BD18B4024B7F
:104400005B6A019308BD0000E01C002010B5014864
:10441000FEF7BAFB809F001070B513231C78012CA7
:1044200014D0012C14DC022C02DC1F4A1F4B9A64AE
:104430001F48FFF787FC1F4B186070BD99001E488E
:104440001A4A885001331F2BF8D9EAE70023FAE70C
:104450001A48FFF77FFC05001948FFF77BFC02387C
:1044600003789B007F2B19DD802229000F4800F084
:1044700017F9022CD7D1134B1A88B5231B029A4285
:1044800009D1114B1A88114B9A4204D1104B1A884A
:10449000104B9A42C7D00020FEF776FB0E4B0F4A16
:1044A00032210F48FEF7D6FAE5440010E01C002048
:1044B0004C330000E01D00200D4400105344000068
:1044C0005346000054380000D83800004946000028
:1044D0009C38000059460000989F001050A0001022
:1044E000EC9F001007B56046002800D100BE01888F
:1044F0000A0A0230DF2AFAD1C9B2820804D302883C
:1045000040880004104300E00068024A50500390C5
:1045100007BD0000E01C002051434343C9188C46EE
:10452000110C83B24B4310B4040C614392B280B2BD
:10453000504362431C041B0C001910BC5941130466
:10454000120CC0185141614470470000484041407E
:1045500048400E4B5B6818470C4B1B6818470C4AC9
:10456000936F9B0802D2094BDB681847F0B5146EB5
:10457000556E576F166FFFF7F6FF054A14665566BE
:1045800057671667F0BD014B9B681847E41D002074
:10459000000000D0491A002808D1084670470000E2
:1045A000C10FC90700D54042002817D0F44603B414
:1045B0000B4B1B68984706BC81409E3840428031B7
:1045C00007D20B0607D04900490AC005104308432B
:1045D00060470130F8E7490A8902F5E770470000B3
:1045E000E01D0020014BDB6F18470000E41D002098
:1045F00010B50148FEF7C8FA688F001070B5132394
:104600001E781848FFF7A6FB0500012E11D0012ED9
:1046100009DDAB1E1B789B007F2B1DDD802229004E
:10462000114800F03DF81148FFF78CFB104B186063
:1046300070BD542201000C4800F032F8002300E065
:1046400001331F2BE3D89A00074C1259002AF7D1E7
:104650009A0008481051F3E7074B084A42210848DE
:10466000FEF7F8F953460000E41D00204C3300002B
:10467000E01D0020F145001064A00010FCA0001017
:1046800098A0001001480421014B1847400C00205D
:10469000653D0010014B1B6818470000400C0020CE
:1046A000014B5B6818470000400C002010B5030068
:1046B000080011001B68984710BD0000F8B50700FE
:1046C0000D001600437D002B02D0002400200CE0DA
:1046D00003681100280098472DE03B7D10E002217F
:1046E00015483B689847601C0134B44214DA002C2A
:1046F000F3DD2B19013B1B780D3B5A425341DBB2D2
:104700002A5D0A2AF0D1002BEED1A042E7DA211A65
:1047100028183B689847E2E7B04203DA311A2818B4
:104720003B689847002E06DDAD19013D2B780D3B07
:104730005A4253413B75F8BD90A1001070B5050079
:104740000368002B16D00C4B1C6805E0290004C937
:104750002000FFF7B3FF2469002C09D02368002B49
:10476000F9D0064B1B68002BF0D0A342F3D1EDE744
:1047700000232B6070BDC0461818002020180020B0
:1047800070B505000C000B68802B05D021684B1C10
:1047900023606418257170BD0800FFF7CFFFF5E7AF
:1047A00010B5FDF723FB02000B1E0BDB0D480021AB
:1047B00012184B41002B0BDB002B0DDB0A4804F0D9
:1047C00017FB10BD094B0A4A3F210A48FEF742F980
:1047D00001225242084BEFE7044B054A3F210548AE
:1047E000FEF738F940420F00C80C0020708E001010
:1047F00078A10010C48E0010FFFFFF7F10B50248A3
:1048000004F0B6FA10BDC046C80C0020F0B5CE4684
:10481000474680B583B006000D0090461C00FFF7A8
:10482000BFFF81466B1C05D0002C08D0194F1A4BD6
:104830001C6807E0300004F061FA0500F4E7174F48
:10484000F5E72469002C17D02368002BF9D0144B0E
:104850001B68002B01D0A342F3D12A0031002000B5
:10486000B8474346002BECD06B46D91D0A230B708A
:1048700001222000B847E4E74B46002B07D16B1E0E
:104880009D41E8B203B0C0BCB946B046F0BDFFF7E9
:10489000B5FFF4E7AD46001018180020BD46001023
:1048A00020180020094A01E010331A001368002B79
:1048B00008D08342F8D1002907D10369136000238F
:1048C000036102E0002900D0106070471818002032
:1048D00010B5064B1C6801E098472469002C03D0F2
:1048E0006368002BF8D1F8E710BDC0461818002007
:1048F00070B5050004F002FA040000230122010053
:104900002800FFF783FFFFF7E3FF200070BD0000E2
:1049100070B5A2B004000E00FFF742FF05000023AF
:1049200001933300220001A90848FFF7F3F90400BE
:1049300001A8FFF703FFFFF7CBFF002D02D12000F6
:1049400022B070BDFFF75AFFF9E7C046814700105B
:104950000FB400B583B004A901C90191FFF7D8FFD6
:1049600003B008BC04B0184710B500F0FBF800F025
:1049700043FA012010BD0000F0B583B005000E0021
:1049800000240FE06B46D91D0D230B70002000287A
:1049900016D193699B06FCD40B781360013001316A
:1049A000F5E70134B44219DA0D4B1A682F5D0D4B4F
:1049B000D31859424B415B000B495B5EBB42E1D0CF
:1049C0006B46D91D0F7000200028EAD193699B0621
:1049D000FCD40B78136001300131F5E703B0F0BD72
:1049E000041F00200080FCBF001F0020F0B583B032
:1049F00006000F00002504E06B4607331B782B7080
:104A00002500BD4215DA174B1A689369102421005E
:104A100019401C420DD16C1C75196B46D81D00291C
:104A2000EAD19369DB06FCD41368037001310130CD
:104A3000F5E70D4B1B68002B0CD00A4B1A6850236E
:104A4000936311003431536B38221A4080235B0189
:104A50000B431A60002D02D0280003B0F0BD033DC7
:104A6000FAE7C046041F00206813002010B5064B6B
:104A70001B68002B06D0054A126800219163044A86
:104A80001068984710BDC04668130020041F00201E
:104A90007013002070B504000E001C4B1B681C4AEC
:104AA00098184242504114300500002C03D0194A96
:104AB0001268002A06D0002C19D0164B1C60164B29
:104AC0001E6070BD1549FCF76FF801212800FCF746
:104AD00041F80E4B1A685023936311003431536B25
:104AE00038221A4080235B010B431A60E5E7094A2C
:104AF0001268002AE1D000229A6300212800FCF706
:104B000029F806492800FCF793F9D6E7041F00208E
:104B10000080FCBF68130020701300206D4A001055
:104B200070B50D001C000D4B1860002A0BDA002C2C
:104B30000EDA0A4B18682900FDF726FD0121084806
:104B4000FFF7B0FE70BD02211000FBF7A9FEEEE7F3
:104B500002212000FBF7A4FEEBE7C046041F002063
:104B6000500C002010B5064B1B78064B1B78E1213A
:104B70000123002249020448FFF7D2FF10BDC046BE
:104B800040A9001044A900100040034070470000F5
:104B9000014B00221A707047F91F01204B79FF2B3F
:104BA0000CD18B79002B0BD1CB79012B0AD1082AA0
:104BB0000AD98A78054B1A70092000E00020704756
:104BC0000020FCE70020FAE70020F8E7F91F0120A9
:104BD0000120704770B504000D000348FFF7B2F8DC
:104BE00003002900200098475542000010B5012914
:104BF00026D1117953791B020B43124909788B4254
:104C000001D000201DE05378012B03D0022B10D0DF
:104C1000002016E09178D3781B021943DB0506D5F6
:104C20004B0A012098407F231940FFF7D3FF002053
:104C3000F9E7642200210020FDF7CEFE012000E00C
:104C4000012010BDF91F01200123037000487047A7
:104C5000D4A1001010B50B784878000218438A7868
:104C600012041043CB781B0603439622D2009342D2
:104C700000D010BD00210800FFF7ACFF024B186008
:104C8000024B19607047C0466C130020741300205B
:104C900010B5024B1878FBF765FF10BDFA1F012015
:104CA00070B5134B1B68002B1DD0114B1968EFF327
:104CB000108372B60A68002AFCD0BFF35F8F0C49DC
:104CC0004B6000220B4802700968BFF35F8F0A60D7
:104CD00083F3108800240025074B1878FBF742FF68
:104CE0002000290070BDFA24A4000025F4E7C04686
:104CF0003C1C0020FB1F0120FA1F012010B584B0CE
:104D000000212D4804F054F800283AD12B4B1B68A1
:104D1000002B3ED0294B1968EFF3108272B60B6856
:104D2000002BFCD0BFF35F8F24494A6024480378EE
:104D300001246340DBB2012404700968BFF35F8F74
:104D40000020086082F31088002B22D0FCF78CFD35
:104D50000400FDF74BF802000B1E1CDBFA2080005C
:104D6000002112184B41002B1BDB002B1DDB012106
:104D7000029100210191134900912000FCF78AFD66
:104D800007E001200021404201F0F0F80A4803F05A
:104D9000EFFF04B010BD0C4B0C4A3F210C48FDF74F
:104DA00059FE012252420B4BDFE7074B074A3F21D6
:104DB0000748FDF74FFEC046E81E00203C1C0020BF
:104DC000FB1F0120A14C0010708E001080A200106B
:104DD000C48E0010FFFFFF7F10B5054B1868002838
:104DE00004D0044B1968002200F0E6FD10BDC04657
:104DF0006C1300207413002010B584B0D0231B0660
:104E00001C68FCF731FDFCF775FEA0422AD1324B3D
:104E10001B7801F093FD3148FCF796F90120FCF76F
:104E200077F9C0B22E4C20702E49FBF7BDFE2078DA
:104E30000121FBF78FFE0520FBF7A4FE041E17D00F
:104E4000002229490520FBF7D9FEFBF7F1FD0100FF
:104E50002648FCF795F901212548FFF723FD20009E
:104E600004B010BD234B244AB2212448FDF7F2FDC3
:104E7000FCF7FAFC0400FCF7B9FF02000B1E1BDB79
:104E8000FA208000002112184B41002B1ADB002B66
:104E90001CDB0121029100210191194900912000A0
:104EA000FCF7F8FCC443E40F082200210F48FFF789
:104EB000F1FB002CD3D0CEE7124B134A3F2113480D
:104EC000FDF7C8FD01225242114BE0E70D4B0E4A9F
:104ED0003F210E48FDF7BEFD48A90010E81E002046
:104EE000FA1F0120FD4C0010914C00103C1C0020CA
:104EF000680C00203493001070A20010ECA1001088
:104F0000A14C0010708E001080A20010C48E001002
:104F1000FFFFFF7F10B5002001F030FA10BD000048
:104F200070B505000C00FFF7F5FF002845D0002004
:104F300001F046FA002843D0FCF758FF02000B1E90
:104F400021DB2248002112184B41002B21DB002BD2
:104F500023DB1F4803F04CFF002834D0FFF7DAFFB3
:104F6000002804D0002001F02BFA00281BD10120DA
:104F70000021404200F0FAFF03246442144803F089
:104F8000F7FE200070BD134B134A3F211348FDF775
:104F900061FD01225242124BD9E70E4B0E4A3F21CE
:104FA0000E48FDF757FD22002900002001F014FAF9
:104FB000041EE3D103246442E0E703246442E0E7F3
:104FC00003246442DDE703246442DAE740420F0031
:104FD000E81E0020708E001080A20010C48E001009
:104FE000FFFFFF7FF0B5C64600B580460C00FCF71A
:104FF000FDFE02000B1E0FDB3748002112184B414B
:10500000002B0FDB002B11DB344803F0F1FE0028EE
:1050100012D180BCB846F0BD314B324A3F213248F4
:10502000FDF718FD01225242304BEBE72C4B2D4A85
:105030003F212D48FDF70EFDFFF76CFF002849D1F9
:105040002B4B0020002118605960244803F090FE8B
:10505000DFE701200021404200F088FF002001F03E
:10506000CFF9FFF757FF0028EFD0002001F040FAFA
:10507000002820D0A542E8DA661B002001F038FAAB
:105080000200864200DC3200002AE2D04346591971
:10509000002001F011FA060001200021404200F03A
:1050A00065FF002001F0ACF9AD19FCF79FFE104B35
:1050B00018605960DEE7FCF799FE0D4B1E685F68CB
:1050C0000C4A002392197B419942BED8D2D190421A
:1050D000D0D9BAE70025CDE740420F00E81E0020F6
:1050E000708E001080A20010C48E0010FFFFFF7FA2
:1050F000F00D002020A107000048704718A3001001
:1051000000487047C4A2001010B50400154B1B786E
:10511000002B0ED0002C11D1134B144A5A800123BE
:1051200001335B001BB2C022920013430E48038080
:1051300010BD11210B4800F025F8EBE7052C0ED827
:10514000A4000B4BE4580023122BE9D8E25C002AA0
:10515000E6D00133590004484252DBB2F4E70020A4
:10516000E6E7C0460C1F0120E413002009040000FC
:105170002CA3001010B5024800F034F810BDC04652
:10518000D81C002010B5002901D000230AE0114BE3
:10519000114A1F311148FDF75DFC00240DE0373244
:1051A000C25401334A1E9A420FD90F2B0DD85A0808
:1051B0000B4CA25CDC07F0D40424224114000F2223
:1051C0002240092AEBDC3032EAE7C01800230370E2
:1051D00010BDC04644A30010B0A300104CA30010A3
:1051E000D81C002070B588B0040004AD00260496D9
:1051F0000922002105A8FFF74DFA00960922002197
:1052000001A8FFF747FA4B232B700D2269462800AF
:1052100003F0A6FD002304E05A1D69468A5CE254AF
:105220000133072BF8DD08B070BD000002007F20BD
:105230001040D209400080184001014BC01870474F
:105240003418002010B5038B3F333F2293430229CB
:1052500015D0124C2268C260D31823609C0610D16E
:105260000F4C6240634080246401A3420FD889063A
:10527000114380231B0619434368196010BD5B006E
:10528000E7E7084B084A54210848FDF7E3FB084BC1
:10529000054A56210548FDF7DDFBC046381C0020B5
:1052A0000000105058A500108CA6001088A5001012
:1052B000F8A50010F8B505000E001400FFF7B6FFC2
:1052C0007F232B40EF0985707A427A414270002299
:1052D000C2700683C476012F0DD0DA0012498C46C5
:1052E00062448260826800211160002B09D1436012
:1052F0000E4BC360F8BDDA000D498C4662448260F3
:10530000F0E7012F09D0013BDB000A4A94466344D1
:1053100043602100FFF796FFECE7013BDB00064A04
:10532000944663444360F4E7840010500001105039
:10533000800010500C0010500800105070B50C0088
:105340001500FFF773FF2A00210000F00DF970BD72
:1053500010B5002804D101210520FBF7FBFB10BD8F
:10536000D521034B034A49000348FDF773FBC046B0
:1053700040A600107CA6001088A5001010B50028DB
:1053800005D1002200218020FFF7D8FF10BDDB21CE
:10539000024B034A49000348FDF75CFB40A600109E
:1053A0006CA6001088A50010024B80225202DA641D
:1053B0007047C0460020115070B5041E26D100F081
:1053C000ADF8164D0C23AB67FF2215490520FBF7FE
:1053D00015FC402200211348FFF75CF90022402110
:1053E0000020FFF767FF002240218020FFF762FFC7
:1053F00003F01EFD01232B6480239B05EB649023A7
:10540000094AEA502000FFF7CFFF70BD8621074B05
:10541000074AFF310748FDF71DFBC0460000115049
:10542000A10400203418002010D0010040A6001074
:10543000A0A6001088A500100B785B0602D14B785F
:10544000052B00D070478A78014B1A60FAE7C046F6
:105450000000115010B50C0000280DD109796379B6
:105460001B020B435B05590DE2789207920FA0785F
:10547000FFF720FF012010BDFC21034B034AFF3141
:105480000348FDF7E7FAC04640A600105CA60010EE
:1054900088A5001010B503F0CBFC10BD10B50400BA
:1054A000080011001A00002C03D1FFF747FF01206C
:1054B00010BD034B034A04490448FDF7CBFAC0462C
:1054C00040A600104CA600100A02000088A500109B
:1054D00010B508004B0605D1CB09012B0AD00222DA
:1054E000054B9A66FFF7A2FE80221201002103F00D
:1054F00097FC10BD0122F3E70020115010B5080001
:105500004B0600D110BDFFF791FE0023C3700022AF
:10551000014903F085FCF5E7FFF7FFFF10B5802395
:105520005B040C4A13600C4A13600C4B9A6880238E
:105530005B049343F9D10A4C9C2200212000FFF721
:10554000A9F88022520100210648FFF7A3F8092399
:10555000636710BD00E0004000F0004000C0004064
:10556000000011500000105070B504000D0016002E
:10557000837E002B17D1A6820023E3820133A3761A
:105580002561200003F0FCFB002804D0094A902389
:1055900080218902D150200003F022FC002805D090
:1055A0000123237770BD03F033FCE4E7200003F010
:1055B00027FCF7E70020115070B5050000240CE02F
:1055C00063001B19DA00184B1B689B18002B2AD0AC
:1055D0005B68280098470134E4B2144B1B78A3425F
:1055E00010D3134A002A0BD0A342E9D8E31ADBB246
:1055F000002B18D15A00D218D2000E4B9B18E5E7A9
:105600002300F5E70C4C532200212000FFF742F85D
:10561000E01C1022FF21FFF73DF82000133020226C
:10562000FF21FFF737F870BD140E0020F41F012092
:10563000494C001044A800103C11002010B5FFF7A1
:10564000BBFF00F0F1FD10BD70B505000C001600A9
:10565000C86800F0F3FDE368320001212800984794
:1056600070BD0000F0B5DE4657464E46C0B582B06C
:1056700000900139C8B2FFF743FD002800D18CE04B
:1056800043789A46022B00D089E0C5796A11013B24
:105690004B491A4014010A781027BA4322430A7072
:1056A000AD112B405B01D2B22024A24313430B70F7
:1056B000060009368278C478240214430419A642ED
:1056C00064D273780B2B09D001239B467378042B8B
:1056D0006CD1A31B9BB29946002525E0F3789B462D
:1056E0003378F618F2E76F007F19FB00354A176828
:1056F000FF182BE02B0022E0BA68334B9A4234D1DA
:10570000D34632E02E482B00019F3A00310013307F
:1057100001F0A2F9BC4666442C4B1B78AB42CED2BA
:1057200000203DE00135EDB2284B1B78AB42F3D3AE
:10573000274A002ADED0AB42D5D8EB1ADBB2002BC9
:1057400036D15F00FB18DB00224FFF18002F31D04D
:105750004A4631000098BB68984701900828E1D973
:105760008145DFD35B46012BC6D000229345C9D9C2
:10577000B3789B18DBB21249C918C978FF291BD12D
:105780000F49CB18DD700132D2B2EFE7124B002B7C
:1057900014D000E000BF012002E0002000E0002063
:1057A00002B0E0BCBB46B246A946F0BD0020F7E718
:1057B0000020F5E70020F3E70020F1E70120EFE704
:1057C0003C110020140E00200D660010F41F012073
:1057D000494C001044A800100000000070B50500FE
:1057E0000C00CB7888780F2B50D89A002E498A5815
:1057F0009746FFF781FC020012232100280000F0E9
:10580000D9FC44E0294B002B42D000E000BF021E2F
:1058100040D08178C3781B020B432100280000F0A0
:10582000C9FC34E0022B09D0214B002B34D000E01E
:1058300000BF0200002A05D1002028E0FFF760FC2D
:105840000200F7E79178D3781B020B432100280070
:1058500000F0B0FC1BE02379617909021943FFF7DE
:1058600053FC021E1AD003782100280000F0A2FC8D
:105870000DE0104B002B13D000E000BF021E11D032
:1058800003782100280000F095FC00E0002070BDA6
:105890000020FCE70020FAE70020F8E70020F6E708
:1058A0000020F4E70020F2E7B8A700100000000095
:1058B0000000000000000000024B5878431E984191
:1058C000C0B270473C110020024B18784007C00F4F
:1058D0007047C0463C110020034B1878FF38431E28
:1058E0009841C0B27047C046A40C002070B50400B7
:1058F000FFF7F2FF061E01D0300070BD53220021D9
:105900002348FEF7C7FE234D2800FBF71DFC224B62
:105910001D60224D28001430FBF73CFC280001F0EC
:10592000F0FB1F4B1D601F4B002B04D01E48FFF7E0
:105930008BF91E4B186000250BE06B005B19DA0039
:105940001A4B1B689B18002BD6D01B689847013553
:10595000EDB2154B1B78AB4210D3124A002A0BD084
:10596000AB42EAD8EB1ADBB2002BC5D15A00D218F1
:10597000D2000F4B9B18E6E72B00F5E70D4B1C7090
:105980002000FFF719FD2000FFF7E2FC0126B3E736
:105990003C110020F410002090110020880C002001
:1059A00094110020494C0010F41F0120140E002017
:1059B00044A80010A40C0020F0B585B007000E002C
:1059C000150001AC0C2200212000FEF763FE082325
:1059D0006370029703962900200003F0F9F905B0DF
:1059E000F0BD000070B50C00094B1D788B7870225B
:1059F0001A4201D0002070BD064B9978200000F0BB
:105A0000EFFF0028F7D021002800FFF723FDF2E781
:105A1000A40C00203C110020F8B5CE46474680B5C6
:105A200081460C0017001E00089B9846002504E0E4
:105A3000099A13702378E4180135AF4214DD6378B6
:105A4000052B16D1E1788907890FB14213D12100C6
:105A50004846FFF7C7FF002807D0A378DA09012AD4
:105A6000E6D042461370E5E70120C0BCB946B04617
:105A7000F8BD0020F9E70020F7E7000010B57F200F
:105A80000840C90940004018303004490818033064
:105A9000034B196800F05EFF10BDC0463C110020AA
:105AA0009011002010B57F200840C909400040181F
:105AB0003030044908180330034B196800F072FFB6
:105AC00010BDC0463C11002090110020F8B5CE4614
:105AD000474680B5194800787F250D40CE096F00F4
:105AE000174CE419A4193034E478E40704D50020F5
:105AF000C0BCB946B046F8BD114CE419A419302712
:105B0000B946A1444C46E4780127BC4667463C436D
:105B100027004C46E770FFF7C1FC0028E8D16D0074
:105B2000074B5D19AE193036F37801229343F370B9
:105B3000F37803329343F370DAE7C046A40C0020F5
:105B40003C11002070B50F4B18787F240C40CD0914
:105B500062000D4B9B185B193033DB789B0700D537
:105B600070BDFFF7B5FC6300074CE41864193034CE
:105B7000E37802221343E370E37801221343E370D6
:105B8000EEE7C046A40C00203C11002070B50F4B7E
:105B900018787F240C40CD0962000D4B9B185B19CF
:105BA0003033DB789B0700D470BDFFF7A7FC6300A0
:105BB000074CE41864193034E37802229343E3700D
:105BC000E378013A9343E370EEE7C046A40C00206B
:105BD0003C1100207F220A40CB095200034989185A
:105BE000C9183031C8788007C00F70473C110020B9
:105BF000F0B5C64600B582B005000C00002000F0EC
:105C00001DFB237860221340602B00D185E1402BDF
:105C10000FD02278D206D20E012A00D1C9E0022A82
:105C200000D10FE1002A11D0002002B080BCB8469C
:105C3000F0BDC74B002B00D171E1180000F0FEFA57
:105C400022000121280000E000BFEEE7202B0AD04F
:105C5000002B00D06BE16378092B00D969E19B0030
:105C6000BC4AD3589F4623790F2B00D959E1BA4A31
:105C7000D318DB78B94A002A05D0B94A1278934282
:105C800011D39B1ADBB2002B00D04CE15900CB188A
:105C9000DB00B449C918002900D146E122002800E0
:105CA000FFF7D2FCC1E75900CB18DB00AE4A116800
:105CB000C918F0E7200000F0C7FAA1782800FFF724
:105CC0005DFBA54A137802210B4313700120ACE75A
:105CD000A14B5B786A46063213700123210028002D
:105CE00000F068FA0120A0E7A6789B4B5B78DBB256
:105CF000B34205D0984B5B78002B09D1002E13D10D
:105D0000954B5E702100280000F038FA01208CE7E6
:105D10002800FFF7BFFB904FBB7898462800FFF79D
:105D20004BFC4346BB70E9E731002800FFF79AFCC3
:105D30000028E5D179E721002800FFF74FFD74E73F
:105D4000A278E3781B021343012B01D000206CE7FB
:105D5000814A137808210B4313702100280000F0BA
:105D60000DFA012061E7A278E3781B021343012BAF
:105D700001D0002059E7784A137808218B4313702B
:105D80002100280000F0FAF901204EE7724B1A7842
:105D90005109920801230B4002210A4013436A462D
:105DA0000632138002232100280000F003FA0120AC
:105DB0003BE723790F2B00D9BDE0674AD318D97888
:105DC000664B002B05D0664B1B78994228D3C91A25
:105DD000C9B2002900D0B0E04B005B18DB0061497C
:105DE000C918002900D1AAE022002800FFF72CFCE6
:105DF000002800D019E7237860221A4200D014E767
:105E000063780A3B012B00D90FE700F017FA63789B
:105E10000A2B0CD02100280000F0B0F9012004E783
:105E20004B005B18DB00504A1168C918D9E76B4674
:105E30009A1D0023137001332100280000F0BAF9E5
:105E40000120F2E621797F220A40CE097020084223
:105E500077D15200404882189219D27C3F480028DE
:105E600005D03F480078824212D3121AD2B2002ADB
:105E700015D15600B218D2003A4EB618002B10D0E9
:105E8000002E60D0220031002800FFF7DDFBCCE6B9
:105E90005600B218D20034480668B618EEE700265D
:105EA000ECE76378012B12D0032B10D0002B01D02C
:105EB0000020BAE62800FFF78DFE6B469A1D108081
:105EC00002232100280000F075F90120ADE6A77833
:105ED000E27812023A4304D1012B1AD02800FFF7CE
:105EE00031FE002E31D0220031002800FFF7ACFB3C
:105EF000002000F0A3F9184A3423D35CDB07D80F45
:105F0000002B00D091E62100280000F037F9012095
:105F10008BE62800FFF73AFEE3E7002085E6002045
:105F200083E6002081E600207FE600207DE6002059
:105F30007BE6002079E6002077E6002075E6002069
:105F400073E6002071E600206FE601206DE6C04692
:105F500000000000F8A700103C110020494C001080
:105F6000F41F012044A80010140E002030B585B0A5
:105F700000F0E9FC002808D105B030BD01AC207864
:105F8000FFF75CFB22795D4B9A705D4B1C6821002A
:105F900014316269EFF3108072B61368002BFCD0E5
:105FA000BFF35F8F486001A9200001F04DF86269DE
:105FB000A369BFF35F8F0021116083F3108800286D
:105FC000DAD001AB5B78082BDFD89B004D4AD35861
:105FD0009F4601AB1878FFF731FB4B4B002BD4D019
:105FE00000E000BFD1E7454B1A78012401210A43A4
:105FF0001A703322995CA1439954995C042081431F
:1060000099540132995CA1439954995C8143995404
:1060100001AB187802A9FFF7EBFD0028B5D101AC60
:1060200020780021FFF754FA20788021FFF750FAFA
:10603000ABE701AB19797F220A40CC0950002F4B06
:106040001B181B193033D8780125A843D870D8788D
:106050000335A843D870002A1FD05200274B9A1846
:106060001219D37C294A002A05D0294A1278934272
:106070001AD39B1ADBB2002B00D07DE75A00D2184E
:10608000D200244B9B18002B00D175E71C6901A896
:106090004279039B0078A04777E701A84279039BE8
:1060A000007800F0DFF870E75A00D218D2001A4BDF
:1060B0001B689B18E7E7114B1B78DB0700D464E7EC
:1060C000164B002B00D160E70C4B18780007C00F6F
:1060D00000E000BF59E7094B1B78DB0700D454E709
:1060E0000F4B002B00D150E700E000BF4DE7029BB3
:1060F000002B00D149E70398984746E73C11002060
:106100009411002020A8001000000000494C00104D
:10611000F41F012044A80010140E0020000000000D
:1061200000000000F8B50500124B9F89DE89B91BFD
:1061300089B20B1C402900D940239CB20D4B1B781F
:106140005BB2002B08DB0021B74211D00A4A2300C2
:106150002800FFF7BBFCF8BDB74201D18021F3E76F
:10616000044B996822000448FEF79AFA8021EBE775
:106170000022ECE7E0100020FC10002070B50600C3
:106180000C000B4D08222800FEF78AFA0023AB60B2
:10619000EB81AB810023E356002B06DB802100233B
:1061A00000223000FFF792FC70BD0021F7E7C046E7
:1061B000E0100020F0B5C64600B580460C00160081
:1061C0001D00184F08223800FEF76AFABE6000234F
:1061D000FB81A379E179090219430B1CA94200D97B
:1061E0002B1C99B20F4A9381A279E3791B021343C6
:1061F00009D0002901D0002E12D04046FFF792FFAF
:1062000080BCB846F0BD0023E356002B06DB80219E
:10621000002300224046FFF759FCF1E70021F7E791
:106220000020EDE7E010002010B514220021024804
:10623000FEF730FA10BDC046E0100020014B186197
:106240007047C046E010002010B50100044C082241
:106250002000FEF725FA0023A360E381A38110BD8F
:10626000E010002070B505001C00C9092D4B1B78FB
:10627000DB098B4211D0002C50D12B4B002B02D0CC
:106280002849FFF7D9F8274B1B69002B03D0254A73
:10629000032128009847012070BD224B1B785BB278
:1062A000002B07DB1F4B9868002839D022001F49BC
:1062B000FEF7F6F9A2B21B49CB89D3189BB2CB816A
:1062C0008A6812198A60CA88934201D03F2C21D86B
:1062D000144B1B69002B05D0124A02212800984755
:1062E00000280DD00F4B1B785BB2002B06DB802102
:1062F000002300222800FFF7E9FBCDE70021F7E7A4
:1063000000212800FFF7E4F880212800FFF7E0F8DB
:106310000120C1E72800FFF705FFBDE70020BBE72C
:106320000020B9E7E010002039540010FC100020D4
:1063300070B5040005001035280000F06FFE3F28FE
:1063400001D8002070BDE1780020FFF797FB0028FE
:10635000F8D0280000F062FE3F2808D992239B0065
:10636000E218E17840230020FFF7B0FBEAE7E1788C
:106370000020FFF797FB0020E4E7000010B50400C1
:10638000FFF79AFA00280CD10022002A11D0B2237C
:106390009B0063430948C0180379DB070BD5012034
:1063A00008E0FFF791FA002801D10122EDE7002271
:1063B000EBE7002010BD0020FCE7C046180E0020CF
:1063C00010B5B2239B0058431030024BC01800F0A8
:1063D000F4FD10BD180E002070B5B2239B00584389
:1063E000064BC51892B21030C01800F04EFE0400E3
:1063F0002800FFF79DFF200070BDC046180E00204A
:1064000070B50500FFF758FA002804D10023002BCF
:1064100009D1002070BDFFF757FA002801D10123F0
:10642000F5E70023F3E7B224A4006C432034214BAA
:10643000E4180434200000F0C0FD002801D1002041
:10644000E8E7B22292006A431A4B9B189978002021
:10645000FFF714FB002801D10020DBE7B226B600CD
:106460006E43A2239B009C466644124BF6184022C2
:106470003100200000F009FE041E0ED0B220800082
:1064800068430C4D2D18A978230032000020FFF737
:106490001DFB00280CD02000BCE7B2208000684320
:1064A000044D2D18A9780020FFF7FCFA0020B1E771
:1064B0000020AFE7180E002070B50500B224A4003C
:1064C00044432034094BE418043492B2200000F015
:1064D00013FE0600200000F070FD3F2801D83000B8
:1064E00070BD2800FFF78CFFF9E7C046180E0020AA
:1064F00010B5B2239B0058432030034BC018043022
:1065000000F08CFD10BDC046180E0020F0B5CE4640
:10651000474680B583B0B222920000212848FEF79A
:10652000B9F80026002E04D003B0C0BCB946B0466E
:10653000F0BD234FB224A40074433D19FF236B71B7
:10654000002398461F4AEA8001222A81AB72EB722F
:1065500008232B7321003831C919F83399462000DC
:106560001030C0194346009301334A4600F0E7FC5F
:1065700021003931FF31C91920002030C019043001
:10658000012300934A4600F0DAFC8E239B00E318B7
:106590009946B9444846FAF7D7FD4346EB614B4666
:1065A0002B6290239B009C466444E4192000FAF778
:1065B000CBFD2C6343466B630136F6B2B2E7C046AF
:1065C000180E002000C2FFFF70B50025002D00D07E
:1065D00070BDB224A4006C430B4EA019052200210B
:1065E000FEF758F820001030801900F08AFD2034A2
:1065F000A4190434200000F084FD0121200000F0E3
:106600009FFD0135EDB2E1E7180E0020F0B583B033
:1066100006004B79022B50D18B79022B51D10023EC
:10662000002B08D00027002F4DD08B783B700C78C2
:106630000C19092511E0B224A4005C432548001977
:106640008078002802D00133DBB2E9E7214FE71957
:10665000E9E721784D19ADB264186378242B01D194
:106660009542F6D9052B09D06378042B02D16379C2
:106670000A2B10D03800FFF75BFE1FE0210030002E
:10668000FFF7B0F9002820D0A3787B702278551945
:10669000ADB2A418E8E721784D19ADB26118BB1C62
:1066A0000193FB1C0093022302223000FFF7B4F990
:1066B00000280CD00E35ADB2DCE70025280003B071
:1066C000F0BD0025FAE70025F8E70025F6E70025EC
:1066D000F4E7C046180E0020F8B5140012786023C5
:1066E0001340202B00D07FE0444A0025002D00D02D
:1066F0007CE01678277963791B023B439E4206D0E3
:106700000135EDB2B2239B009C466244EEE763780C
:10671000222B31D009D8202B11D0212B03D10129D4
:1067200023D0012061E000205FE0232B05D1012967
:1067300049D003294CD0012057E0002055E0012921
:1067400003D0032908D001204FE00632072321009F
:10675000FFF730FD012048E0294B002B48D0911D68
:106760002800FEF777FA01203FE0063207232100D8
:10677000FFF720FD012038E0012903D0032906D0CE
:10678000012032E02100FFF7F9FC01202DE0A17883
:10679000E3781B020B430120190001400E005C0846
:1067A000044013714B425941C9B22432100000F029
:1067B000C7FC144B002B1DD022003100280000E044
:1067C00000BF012011E02100FFF7D8FC01200CE000
:1067D0000D4B002B10D0A378E17809021943280053
:1067E00000E000BF012000E00020F8BD0020FCE731
:1067F0000120FAE70120F8E70120F6E7180E002053
:10680000554C00100000000000000000F0B5D64616
:1068100000B582B001900F0000930024002C0ED030
:10682000002C00D07CE0EB78BB4216D0AB78BB42AA
:106830004DD00124200002B080BCBA46F0BDB22584
:10684000AD006543394BED18EB78BB42E8D0AB782F
:10685000BB42E5D00134E4B2E0E710239A46AA44F3
:1068600092239B00E9186B461A88504600F044FCBE
:106870002F4B002B1BD06B79FF2B18D0002600E08C
:106880000136009B9E4212D26A79AB19922189008F
:106890008C4663441B789A42F2D1504600F0A2FB2A
:1068A0000028EDD16979200000E000BFE8E7214B26
:1068B000002B04D0504600F095FB002803D02800A0
:1068C000FFF736FDB2E72000FEF786FAF7E71A4B2E
:1068D000002B02D0200000E000BF2000FFF790FD59
:1068E000002801D00124A5E72800243000F065FB32
:1068F000002817D1009B002B16D09B0601D0012445
:1069000098E7A9780198FFF7B9F8041E01D101248E
:1069100090E7A978002300220198FFF7D7F889E7CC
:10692000002487E7012485E7012483E7180E00206F
:1069300000000000D94D00100000000010B500203C
:10694000FEF7D4FF10BD10B5FEF7C6FF002800D03B
:10695000012010BD70B504000D000378DB07DE0FC9
:10696000002B1CD103785B071AD40121494228006F
:1069700002F026FA2378DB0704D423785B070CD5D2
:10698000002600E00026002E03D0237804221343C3
:106990002370280002F0ECF902E00126F3E700265C
:1069A000300070BD70B504000E0001214942300076
:1069B00002F006FA23785B070BD40025002D03D0E4
:1069C0002378042293432370300002F0D1F9280089
:1069D00070BD2378DB0701D50025EFE70125EDE742
:1069E00010B5047943791B0223435B055B0DC27824
:1069F0009207920F022A0FD0032A19D0012A01D040
:106A0000002010BD022904D0124A9A421AD3012054
:106A1000F7E78022D200F8E7022903D0402B15D8EF
:106A20000120EEE78022920093420DD10120E8E799
:106A3000022904D040229A420AD30120E1E78022B1
:106A4000D200F8E70020DCE70020DAE70020D8E7F2
:106A50000020D6E7FF03000030B58A1801E00C786B
:106A6000091991420AD24C78052CF8D18D787A34E4
:106A70002C4064000419ED096355F0E730BD0300B4
:106A80008A1890B2814202D85A00904203DB5B0020
:106A90009BB2C01A80B2704770B505000800AC8880
:106AA0009A420BD3D11A89B200291ED08C4210D23F
:106AB000944209D8131B9BB26B810AE0D11A89B2A8
:106AC0006600891989B2EFE7A21893B2F4E71B1B9D
:106AD0009BB29C42FBD92968EA885204520C53436A
:106AE000C918FDF7DDFD012070BD0020FCE7F0B501
:106AF00083B0060093080CE00B784D782D021D43FF
:106B00008C7824042543CB781B062B433360043157
:106B10003B005F1EBFB2002BEED1033310001840C4
:106B20001A4201D103B0F0BD00230193020001A875
:106B3000FDF7B6FD019B3360F4E7F0B5DE4657463E
:106B40004E464546E0B583B005008A460CA9097853
:106B50008488E01A80B21C1B1419A4B2EF887F0449
:106B60007E0C07007743BFB27443A4B2A3467343BD
:106B70002C68A0469844002908D001291AD003B0F7
:106B8000F0BCBB46B246A946A046F0BD904205D334
:106B9000724341465046FDF783FDF0E73A00414617
:106BA0005046FDF77DFD2968380050445A46FDF7F0
:106BB00077FDE4E7904206D3724392B241465046D5
:106BC000FFF795FFDBE703233A009A4391464146DE
:106BD0005046FFF78CFF43464B4403213A000A40DE
:106BE0000F4230D00421891A89B2081C594500D9B6
:106BF0005846C7B2FF2101405846441AA1B28B46FD
:106C00000021019101A804E01A78027001300A0005
:106C10000133511EC9B2002AF6D1296804E00A786E
:106C2000027001301F0001317B1EDBB2002FF6D154
:106C30005346019A1A605B46002BA0D05A46504634
:106C4000FFF755FF9BE72968F5E7F0B5C64600B5A5
:106C500082B01E0008AB1B8809AC277884889E424E
:106C60000FD3F51AADB2002D1FD0AC4205D2B442FD
:106C700010D8331B9BB24381250095420FD31500DA
:106C80000DE0F51AADB2A8466500AC464546654430
:106C9000ADB2E8E7A619B3B2EDE71B1B9BB29C426D
:106CA000FBD900972A00FFF748FF280002B080BCFC
:106CB000B846F0BDF0B583B004000D0016001F000B
:106CC0000069002803D00121494202F079F82389A4
:106CD0009BB2628901970092320029002000FFF7E1
:106CE000B4FF0500618989B2A0882A00FFF7C7FEBA
:106CF00060812069002801D002F03AF8280003B032
:106D0000F0BD70B582B01600950809E00B680370FD
:106D10001D0A45701D0C85701B0EC37004302500C4
:106D20006C1EA4B2002DF1D1032332001A401E4282
:106D300001D102B070BD0B68019301A9FDF7B0FC51
:106D4000F7E7F0B5DE4657464E464546E0B583B018
:106D500005008A460CA90878AC88E11A89B21C1B88
:106D60001419A4B2EF887F047E0C0F007743BFB2E2
:106D70007443A4B2A34673432C68A04698440028E9
:106D800008D001281AD003B0F0BCBB46B246A946D1
:106D9000A046F0BD914205D3724351464046FDF7EF
:106DA0007FFCF0E73A0051464046FDF779FC286841
:106DB000390051445A46FDF773FCE4E7914206D38B
:106DC000724392B251464046FFF79BFFDBE7032335
:106DD0003A009A43914651464046FFF792FF434698
:106DE0004B4403213A000A400F422ED00421891A55
:106DF00089B2081C594500D95846C7B2FF21014045
:106E00005846441AA1B28B4651460968019101A91E
:106E100004E00A781A70013102000133501EC0B23A
:106E2000002AF6D1286804E00A78027001311F00B8
:106E300001307B1EDBB2002FF6D15B46002BA2D0C7
:106E40005A465146FFF75DFF9DE72868F5E7F0B524
:106E500085B006000391151E029300D16DE0C06855
:106E6000002803D00121494201F0AAFF3489A4B2CD
:106E7000718989B2F379DB091AD1B3888C420FD3B7
:106E8000611A89B28B4211D95B1A9BB22F1C9D42A9
:106E900000D91F1CBFB2002F47D0B288230035E0B5
:106EA000611A89B25A00891889B2EBE70023EDE72D
:106EB000B788AF420ED8029B002B21D1ED1BF3887F
:106EC0005B045A0C6A43039B9C46944463460393B9
:106ED0000C00E0E78C420DD3631A9BB25B197A0079
:106EE00093420FDB7A1B92B23800FFF7C8FD040013
:106EF0002F00D0E7631A9BB27A009B189BB2EDE794
:106F00000C00C8E72F00C6E79B1A9BB29A42FBD938
:106F1000029A00923A0003993000FFF712FFB088FE
:106F20003A002100FFF7ABFD3081F068002801D066
:106F300001F01EFF380005B0F0BD1700FAE7F0B50C
:106F400083B00400019116001D0008AB1F78802358
:106F50001B029A422DD8C068002803D00121494263
:106F600001F02EFF2069002803D00121494201F0E1
:106F700027FF019B2360A6806D046B0CE288D20B77
:106F8000D5031D43E580FB01E2797F2717401F43AE
:106F9000E771002363812381E068002801D001F0BC
:106FA000E7FE2069002806D001F0E2FE012003B0D0
:106FB000F0BD0020FBE70120F9E7818803899BB23F
:106FC000428992B2934207D39B1A9BB2081C994202
:106FD00000D9181C80B270479B1A9BB24A009B18BC
:106FE0009BB2F3E7030000895B89C01A4342584112
:106FF000C0B27047818803899BB2428992B29342A2
:1070000006D39B1A9BB200208B424041C0B270470E
:107010009B1A9BB24A009B189BB2F4E782880389B3
:107020009BB2408980B2834206D31B1A9BB29A421C
:1070300008D9D31A98B270471B1A9BB250001B187C
:107040009BB2F4E70020F6E770B504000D0000697C
:10705000002803D00121494201F0B2FE228992B2F8
:1070600063899BB229002000FFF716FD05006189A6
:1070700089B282B2A088FFF702FD608120690028F2
:1070800001D001F075FE280070BD10B50023FFF798
:1070900011FE10BDF8B504000E00C068002803D032
:1070A0000121494201F08CFE2589ADB22000FFF795
:1070B000A1FF002802D0E779FF0916D0A2882B0093
:1070C00001E09B1A9BB29A42FBD9E2885204520C0F
:1070D00053432168C8183100FDF7E2FAA088012265
:1070E0002900FFF7CCFC20810127E068002801D0AF
:1070F00001F03EFE3800F8BD10B50023FFF7A7FEF3
:1071000010BD10B50400C068002803D00121494219
:1071100001F056FE2069002803D00121494201F008
:107120004FFE002363812381E068002801D001F035
:107130001FFE2069002801D001F01AFE012010BDB9
:1071400070B504000D00C068002803D00121494239
:1071500001F036FE2069002803D00121494201F0E8
:107160002FFEED01E3797F2119402943E171E068A9
:10717000002801D001F0FCFD2069002801D001F0B9
:10718000F7FD012070BDF0B5DE4657464E46454638
:10719000E0B585B0060010001C0002930EAB1A7813
:1071A00003920F9D109F33680022DA66336859609E
:1071B00033680132DA66A246002398469B460024D3
:1071C0002BE03279002A31D001222FE003990029E7
:1071D00001D000212EE001212CE03800A847030057
:1071E0000443E4B2002B06D13268526BD20602D4BB
:1071F000002DF2D1F6E7002B09D1326880215158D9
:107200008B4600291FD1002C2FD1C1451ED0002C48
:1072100033D101229446E0440198D0452DDA029AF8
:10722000013A91464246002ACBD000229202C14543
:10723000CCD0002149020A43411C019100783168F9
:1072400002430A61D4E7526D01240EE0039A002A3A
:10725000DDD10AE03800A84703000443E4B2002B64
:1072600006D13268526B920502D4002DF2D1F6E7B6
:10727000002BCCD13268126EC9E7002C09D0002B4C
:1072800015D15B46002B16D0DB0718D45B461B07D5
:1072900009D5039B3371404605B0F0BCBB46B246EE
:1072A000A946A046F0BD02235B429846F1E70123C0
:1072B0005B429846EDE702235B429846E9E70223EA
:1072C0005B429846E5E7F0B5DE4657464E464546F2
:1072D000E0B583B0050091469A460CAB1B7801934C
:1072E0000D9E0E9F03680022DA66036859600368EA
:1072F0000132DA66D3460023984600242AE0297931
:10730000002933D0012131E00198002801D000206C
:1073100030E001202EE03800B04703000443E4B21F
:10732000002C0DD12A68926F002A09D12A68802189
:107330005158546D621E9441E4B2002EEBD1EFE738
:10734000002C1ED12A68126949460A70012294460F
:10735000E044E144D84514DA5246541E2A68516F7D
:107360001029FBD041460029C9D00021890244459B
:10737000CAD0002040020843802149000143116126
:10738000D4E7002C04D0002B0CD001235B4298469C
:10739000019B2B71404603B0F0BCBB46B246A946E8
:1073A000A046F0BD02235B429846F1E7F0B5D64611
:1073B0004F464646C0B505000C000520FBF728FAED
:1073C0000600600880192100FCF710FD070043004B
:1073D0009946814405214846FCF708FD80463B1A42
:1073E0009A46284B9C4224D8700080192649FCF705
:1073F000FDFC441C4346023BA34221D32B680022E0
:10740000DA6629680A680423534006221A4080235A
:107410005B010B431A602B685246DA612B684246C7
:107420001A624B464F2B11D950214846FCF7DEFC1F
:107430000DE0700080191549FCF7D8FC441CD9E711
:10744000134B144A5D211448FBF704FB0120A023D1
:107450002A68D0502A6811007C31D06F444024043F
:10746000240C80235B010B431C602B680122DA662D
:1074700039003000FCF7BAFCE0BCBA46B146A84679
:10748000F0BDC0463F420F008096980040787D01D5
:107490005CA80010D8A800107CA8001010B5114BF3
:1074A00098421CD01022104B1A60104B1A60104BDF
:1074B0009B6814009C43231EF9D104710268D466B2
:1074C00002686624FF3414600268D3630268936321
:1074D000883303220468E250FFF768FF10BD0822DA
:1074E000E1E7C046A80C002000E0004000F00040AA
:1074F00000C0004030B585B008AC25780024029467
:1075000001940095FFF73FFE05B030BDF0B5CE46C3
:10751000474680B589B08146884616001F0010ABEB
:107520001C7804AD129A139B2800FAF705FC02950B
:10753000019000943B00320041464846FFF723FE8D
:1075400009B0C0BCB946B046F0BDF0B5CE4647461E
:1075500080B589B08146884616001F0010AB1C78A4
:1075600004AD129A139B2800FAF7E6FB02950190EE
:1075700000943B00320041464846FFF7A4FE09B0A4
:10758000C0BCB946B046F0BD0123084A1360084AA2
:107590001360084B9A6801239343FAD1064B0122EA
:1075A0001A60054B1B68DB05FBD5704700E0004007
:1075B00000F0004000C0004000C0044010B50400CE
:1075C00001F0B0FAA36B002B04D1012401F0B6FA4C
:1075D000200010BD0024F9E770B504001500866B8B
:1075E000026C002A0CD10368002B03D00020013666
:1075F000A66370BD806800F0A1FE0023A360F6E7DB
:10760000002D0ED14068FDF74BF86368226C94465C
:1076100063446360A26893421BD3236863602800BD
:10762000E5E7C068FDF73CF8236C5A42E168CB1AE5
:10763000E36021688B4203D2A3689C466244E26007
:10764000022D01D00020D2E7002E04D0013E002000
:10765000CDE72800CBE70020C9E710B503000800FC
:107660001A6C002A0AD0D9688918D9609C68A1428E
:1076700001D31968D960D968FDF712F810BD70B54B
:10768000050001F04FFA4523EC5C64B201E0013CD7
:1076900064B2002C0BDD6B6A002B08D0280024306C
:1076A00000F07EFD0028F2D000F030FEEFE7452329
:1076B000FF22EA5401F042FA01F034FA4423EC5C70
:1076C00064B201E0013C64B2002C0BDD2B69002B9D
:1076D00008D02800103000F063FD0028F2D000F040
:1076E00015FEEFE74423FF22EA5401F027FA70BDAC
:1076F000F8B504000D0000280FD0C36B002B0AD092
:10770000026C0026170C190C002F0AD188B2002831
:1077100005D1002E16D072B6FEE772B6FEE7101C39
:1077200004E089B200290BD1391C181C92B29BB21B
:10773000534380B289B241431B0CCB181B0CE8D0D9
:107740000126E6E701F0EEF92268E36B206C010008
:1077500059435118A1600021A1636260013B43437A
:10776000D318E360FF234422A3540132A354002D15
:107770000FD12369002B03D101F0E0F90120F8BDFE
:107780002000103000F00CFD0028F5D001F076F953
:10779000F2E72000103001F005F92000243001F05C
:1077A00001F9E9E710B503000298002906D100604D
:1077B000C36301640121FFF79BFF10BD0260F7E77F
:1077C000F0B583B004000D00160000280ED0002292
:1077D000080C230C002818D199B2002908D1002ADE
:1077E00004D1280060430300493314D972B6FEE780
:1077F000281CAFB2A1B2794380B29BB24343090CBB
:107800005B181B0CEBD00122E9E79BB2002BFAD1ED
:10781000031C201CEDE7483000F0F2FF071E07D0E4
:10782000020048320090330029002000FFF7BAFF21
:10783000380003B0F0BDF0B5C64600B582B0040014
:107840000F0001921D00002808D0002908D0022D49
:107850000BD1E36B012B08D072B6FEE772B6FEE7E0
:10786000036C002BF3D072B6FEE701F077F9060047
:10787000A36BE26B93420AD3022D08D000243000A0
:1078800001F070F9200002B080BCB846F0BD45237D
:10789000E35C5BB29846A36B2A0039002000FFF737
:1078A0009BFE4346013311D1636A002B01D10124B1
:1078B000E5E72000243000F073FC002815D0019A81
:1078C000002A14D0012313600124D8E700F07EFAC7
:1078D00080450ED243467F2B05D001335BB2452253
:1078E000A3540124CBE772B6FEE70124C7E70124C5
:1078F000C5E70124C3E7F0B585B004000F0001928D
:1079000000280AD000290AD000F006FD061E0BD17F
:10791000019B002B42D072B6FEE772B6FEE7036C05
:10792000002BF1D072B6FEE7002637E039002000C8
:10793000FFF793FE013DA5632369002B04D101F0FD
:10794000FDF8012005B0F0BD2000103000F028FC4B
:107950000028F4D001F092F8F1E701F0EFF80020F0
:10796000F0E702A800F090FC013621E04423002259
:10797000E25428E045230022E25429E02000FFF7EA
:107980007EFE00F0DBFA09E02000FFF778FE00F051
:10799000D5FA2000FFF712FE002835D101F0C2F819
:1079A000A56B002DC2D1019B002BD6D0002ED8D0C4
:1079B00001F0C4F800F0FCF901F0B4F84423E35CF2
:1079C0005BB20133D2D04523E35C5BB20133D1D04B
:1079D00001F0B4F801A902A800F062FC0028D3D19C
:1079E0002000FFF7EBFD0028C8D0200024300199CB
:1079F00000F0A0FB2000FFF742FE00F09FFA0028F5
:107A0000CCD101F03BF8C9E700209BE770B504003A
:107A10000D00160001F086F84423E35C5BB20133ED
:107A20000DD04523E35C5BB201330CD001F086F846
:107A3000A36B002B0BD02000FFF721FE70BD442369
:107A40000022E254EDE745230022E254EEE7200055
:107A500024303200290000F07FFBECE7084B1B6864
:107A60001B68002B04D1074B012252421A60704759
:107A7000034B1B68DB681A68024B1A60F7E7C046C5
:107A8000601C00209C1F0120F8B504001D00089E0A
:107A90001C4B9C4662449700336B9C46674407230B
:107AA0009F4300290ED000220F2A08D8885CB31803
:107AB000343318708B5C002B01D00132F4E7432380
:107AC0000022F254069B042B01D972B6FEE7069BF6
:107AD000F3627364301D00F070FF3000183000F066
:107AE0006CFF36610523069A9B1AB36176622A0001
:107AF0002100380000F0B2FF3060079B002B00D05F
:107B00001E60F8BDFFFFFF3F10B5034B1B68012B44
:107B1000FBD900F0B3FFF8E7701C002070B500241B
:107B200007E0A3001B199A000C48801800F03AFFE8
:107B30000134042CF5D90A4D280000F033FF094C1C
:107B4000200000F02FFF084800F02CFF074800F04D
:107B500029FF074B1D60074B1C6070BD701C002087
:107B6000601F0120741F0120B01F0120D01F0120C1
:107B7000601C0020681C002010B5040000F0D2FF3B
:107B8000284A136801331360274B1B68002B0CD065
:107B9000264B1B68002B0DD1234B1B68DB6AE26A66
:107BA000934207D8204B1C6004E01F4B1C601368F5
:107BB000012B30D01E4A136801331360E26A1D4B5B
:107BC0001B689A4201D91B4B1A601B4993009B18F2
:107BD0009B00CB185B68A3609868E060221D426040
:107BE0009A60E06A83001A1892008A1862611A1873
:107BF0009200525801321B189B005A5000F09EFF11
:107C00000A4B1B68002B05D0074B1B68DA6AE36A36
:107C10009A4203D310BDFFF781FFCBE700F02EFFA0
:107C2000F8E7C046281F0120581C0020C41F01206F
:107C3000301F0120341F0120701C002070B504008B
:107C40000D001D4B1E681D4B1868043000F0CFFE60
:107C5000631C0DD03419194B1B685C60A6421DD9FA
:107C6000174B1868154B1968043100F0A9FE70BD58
:107C7000002DEFD0134A5168104B186881601868C6
:107C80008C68C460186804306060186804308860CC
:107C90001B685A61136801331360E8E70A4B1868E0
:107CA000064B1968043100F08BFE084B1B68A34299
:107CB000DDD9064B1C60DAE7E41F0120581C0020C8
:107CC000681C0020D01F0120601C00209C1F012088
:107CD000F0B587B00490059116001F00900000F0E9
:107CE0008FFD041E21D0542000F08AFD051E18D0FF
:107CF00054220021FCF7CEFC2C63002D19D0002368
:107D0000039302950D9B01930C9B00933B00320063
:107D100005990498FFF7B8FE2800FFF72DFF012012
:107D200005E0200000F002FEE7E70120404207B036
:107D3000F0BD01204042FAE700B583B08022054B38
:107D4000019300230093520003490448FFF7C0FF4A
:107D500003B000BD901F0120ECA80010097B0010AB
:107D600010B5FFF7E9FF012806D0012807D0431C12
:107D700013D00B4B1B6810BD00F0A8FCF5E772B6E2
:107D8000084B012252421A60074B02321A60074B1D
:107D900000221A6000F04AFFEBE772B6FEE7C04629
:107DA000B80C00209C1F0120C41F0120E41F0120EB
:107DB000024A1368013313607047C0462C1F01202C
:107DC000014B18687047C046E41F0120014B18683A
:107DD0007047C046281F0120F8B54D4B1B68002B8B
:107DE00000D08FE04B4B1E6801361E60002E12D172
:107DF000494B1B681B68002B01D072B6FEE7464A50
:107E00001168464B186810601960454A13680133C1
:107E10001360FFF723FE434B1B68B34211D90020C8
:107E2000414B1B68DA6A93009B189A003F4BD3586A
:107E3000012B00D901203E4B1B68002B67D001208D
:107E400065E0002033E0374B012252421A60E7E739
:107E5000344B1A60E4E7D96851603EE00021996232
:107E6000116801391160DA6A324909688A4201D918
:107E700030490A602D499400A418A2008A1852685B
:107E80009A609468DC6065609560DC6AA2001719EE
:107E9000BD004D195D61BD006D580135BC006550D8
:107EA000DA6A214B1B68DB6A9A4200D901201A4B1F
:107EB0001B681B68002BC6D0174B1B68DB68DB6890
:107EC0005A689642C4D35A699C68D968A1609C6874
:107ED0004C601D1D5168A942BDD000215961116837
:107EE000013911609A6A002ABDD0DC69196AA16063
:107EF000DC694C601900183154688C42AED1196AA3
:107F00005160ABE70C4A1368013313600020F8BDE1
:107F10002C1F0120E41F0120601C0020681C002091
:107F2000A01F01209C1F0120581C0020701C002055
:107F3000F01F0120341F0120AC1F012010B500F0FC
:107F4000F1FD464B1B68002B01D172B6FEE7434B97
:107F50001A68013A1A601B68002B7AD1404B1B68E3
:107F6000002B07D1002475E0196A516015E0D9682B
:107F7000516021E000233B4A1268002A4AD0394B65
:107F8000DB68DB689A6AD869196A8160D8694860D9
:107F90001900183150688842E6D0002199621168B2
:107FA000013911605A699868D96881609868486099
:107FB0001C1D5168A142DAD00021596111680139B4
:107FC0001160D96A284A1268914201D9264A116083
:107FD00026488A0052189200821852689A60916866
:107FE000D9604C609460DC6AA200111989004118C4
:107FF0005961111989000958013112199200115063
:108000001B4A1268D26AD96A9142B4D9194A01212D
:108010001160B0E7002B01D0FFF720FD164B1C6864
:10802000002C0AD1134B1C68002C13D000F026FD45
:1080300001240FE0013C002C07D0FFF7CDFE002803
:10804000F8D00C4B01221A60F4E70B4B00221A60A7
:10805000E8E7002400F072FD200010BD2C1F012075
:10806000281F0120B01F0120341F0120701C002098
:10807000581C0020F01F0120AC1F012010B5041E69
:108080000FD0FFF795FE084B1B68012B01D072B68D
:10809000FEE700212000FFF7D1FDFFF74FFF00288A
:1080A00001D100F0EBFC10BD2C1F012010B51C4BC2
:1080B0001B68002B03D01B4B01221A6010BD194B0B
:1080C00000221A60184B1B689A00D2189100174AB8
:1080D0008A58002A05D1002B01D0013BF4E772B683
:1080E000FEE712489A0041184C6864684C60D21848
:1080F00091000831401884420BD09A00D2189100A8
:108100000A4A52185268D168094A1160064A136037
:10811000D4E79000054A1218D1685160EDE7C046D7
:108120002C1F0120F01F0120341F0120701C002093
:10813000581C002010B50C00002809D0054B196808
:10814000183100F03DFC01212000FFF777FD10BD44
:1081500072B6FEE7581C002070B50300080011003D
:10816000002B18D05C680D4A1568EC611568A6688C
:108170002E6215681835756015681835A560126887
:1081800093621A6801321A60002901D0012040422E
:10819000FFF754FD70BD72B6FEE7C046581C0020C4
:1081A00010B5C368DB68002B4CD09A6AD869196A8D
:1081B0008160D8694860180018305168814243D006
:1081C00000219962116801391160294A1268002A58
:1081D00040D15A699868D9688160986848601C1DC8
:1081E0005168A14233D000215961116801391160F1
:1081F000D96A204A1268914201D91E4A11601E486C
:108200008A0052189200821852689A609168D96068
:108210004C609460DC6AA200111989004118596110
:108220001119890009580131121992001150DA6AA6
:10823000124B1B68DB6A9A4218D9114B01221A6053
:10824000012010BD72B6FEE7196A5160B8E7D9681F
:108250005160C8E70B4A5168D9618C681C62606044
:1082600088609A62116801311160E0E70020E8E758
:108270002C1F0120341F0120701C0020581C0020DE
:10828000F01F0120B01F0120034B1B680360034B4C
:108290001B6843607047C046A01F0120E41F0120F7
:1082A000F8B504000D00002815D0002915D000F005
:1082B00039FC144B19686368C81A2A68561C1CD00C
:1082C000114E36682768B74209D08B4207D8002381
:1082D0002B60012412E072B6FEE772B6FEE782421E
:1082E00003D800232B60012408E05B1A9B182B6045
:1082F0002000FFF7C9FF002400E0002400F01EFC6E
:108300002000F8BDE41F0120A01F0120014B012225
:108310001A607047F01F0120064B1B68002B07D026
:10832000054B1B68002B01D0002002E0022000E07A
:1083300001207047C41F01202C1F012070B5041EAE
:108340003DD0214B1B68834201D072B6FEE7836C9F
:10835000002B01D172B6FEE7013B8364C26A416C17
:108360008A422ED0002B01D0002029E0051D2800D4
:1083700000F03DFB626CE26205239B1AA361134B84
:108380001B689A4201D9114B1A60114993009B183E
:108390009B00CB185B68A3609A68E26055609D60A3
:1083A000E06A83001A1892008A1862611A18920013
:1083B000525801321B189B005A50012000E0002047
:1083C00070BD0020FCE7C046581C0020341F01206F
:1083D000701C0020074B1A681368002B06D101336C
:1083E0000360002B04D1D368186870470023F7E7B7
:1083F0000020FAE75C1C002010B54160006191424A
:108400000CD8D21A83699A4201D3012010BD011DF4
:10841000094B186800F0D4FA0020F7E79A4201D21D
:10842000994206D2011D054B186800F0C9FA0020D8
:10843000ECE70120EAE7C0466C1C00205C1C002031
:1084400070B504000D00160005E0A3699C46654464
:108450002000236A9847A36959192B003200200095
:10846000FFF7CAFF0028F0D170BD000070B505000D
:108470000E000C4B1B68DB68DC68201D00F0B7FAAF
:108480002423E35C5A0707D4012293432332A354E5
:10849000236A2000984770BD320029002000FFF7B2
:1084A000CFFFF5E75C1C002010B505E0DB6818681D
:1084B00001214942FFF7DAFF054B1B681A68002AC1
:1084C000F4D1044A024910680860136010BDC04628
:1084D0005C1C00206C1C002070B50500FFF770FCD0
:1084E0000400074B1B68834205D800232B60044B14
:1084F0001C60200070BDFFF7D7FF01232B60F6E75B
:10850000941F012070B582B004000D00FFF750FCED
:1085100001A8FFF7E1FF0600019B002B23D1002DEE
:1085200001D1A04213D2002D05D0104A1268126862
:10853000002A13D10125A11B0D4B18682A00FFF753
:1085400065FAFFF7FBFC00280AD002B070BDFFF708
:10855000F5FC31002000FFF789FFF6E71D00EAE790
:1085600000F08CFAF1E7FFF7E9FCEEE76C1C002065
:10857000E81F012030B587B002E0029B002B0FDA24
:10858000364B1868002202A9FFF7B5F9002863D01E
:10859000029B002BF1DA039B059904989847ECE7BE
:1085A000049C6369002B02D0201D00F020FA01A872
:1085B000FFF792FF0500029B092BE1D89B00284A98
:1085C000D3589F462422A35C01210B43A354039953
:1085D000A3699C466144039B02002000FFF70CFF47
:1085E0000028CDD02423E35C5A0707D4012293430B
:1085F0002332A354236A20009847C1E70399A36953
:108600009C4661442A002000FFF71AFFF2E724226B
:10861000A35C01218B43A354B2E72422A35C012174
:108620000B43A3540399A161002906D00918030044
:1086300002002000FFF7E0FEA2E772B6FEE7242367
:10864000E35C9A0704D5012293432332A35497E7AE
:10865000200000F06BF993E707B030BDE81F012060
:10866000F4A8001000B583B001A8FFF7B3FE01998C
:10867000FFF748FFFFF77EFFF6E7000070B500F058
:1086800051FA0D4B1B68002B02D000F057FA70BD59
:108690000A4D280000F086F9094C200000F082F90C
:1086A000084B1D60084B1C60002210210A20FFF7B8
:1086B00087F8014B1860E8E7E81F0120381F012008
:1086C0004C1F01205C1C00206C1C002000B583B0F6
:1086D000FFF7D4FF0A4B1B68002B0CD08022094BFC
:1086E0000193042300930023D20007490748FFF7B2
:1086F000EFFA002801D172B6FEE703B000BDC04614
:10870000E81F0120EC1F01201CA900106586001045
:1087100010B584B014001A0002235B42009301904C
:1087200002910394034B186800236946FFF783F80E
:1087300004B010BDE81F0120104A53071BD0D11D03
:108740000723994380235B025B1A9B180A000C489D
:10875000026000214160D318083B07208343094889
:10876000036059601960991A51601360064B1960D3
:10877000064B1960704780235B02E8E7081F002062
:10878000C81F0120641C0020981F01208C1F01209D
:1087900010B5174B19001B688342FBD3144A914252
:1087A00007D0144A914202D3134A914201D972B6BA
:1087B000FEE74A688C18844208D042688418A342B5
:1087C00009D00360884200D0086010BD40681218CC
:1087D0004A600800F1E7094C2468A34206D05B68B0
:1087E000D21842600B681B680360EBE70460E9E79E
:1087F000C81F0120081F0020071F0120641C002043
:10880000F8B5041E10D0030009330CD80834072330
:108810001A002240234207D001339B1ADA43A242B6
:1088200019D3E41800E00024FFF7C2FA384B1B68A4
:10883000002B12D0002C5CDB5DD0364B1868A042B8
:1088400060D3354B1B68354A934202D3344A934276
:1088500008D972B6FEE70024E6E7FFF76DFFE9E707
:1088600072B6FEE72C495A68A2420BD21A68002A57
:1088700008D02A498A42F3D31900294B9A42EFD8EB
:108880001300F0E7224A12689A423DD00D6808357D
:10889000224A954202D3224A954201D972B6FEE796
:1088A0001A680A605A68A24207D3121B102A0BD911
:1088B0001E19770703D072B6FEE772B6FEE7726044
:1088C0005C600A6832600E605968401A114A106094
:1088D000144A1268904201D2124A10608022120695
:1088E0000A435A6000221A600F4A1368013313606A
:1088F00002E0002500E00025FFF720FB6B0705D014
:1089000072B6FEE70025F7E70025F5E72800F8BD79
:10891000641C00208C1F0120C81F0120081F00209C
:10892000071F0120981F0120A41F012070B50028F7
:1089300017D00500083D174B9D4207D3164B9D42AB
:1089400004D86B68002B03DB72B6FEE772B6FEE755
:108950000200083A1268002A01D072B6FEE7002B26
:1089600000DB70BD083804005B005B084360FFF764
:108970001FFA6368094A11688C4663441360280033
:10898000FFF706FF064A136801331360FFF7D6FAB4
:10899000E7E7C046081F0020071F01208C1F0120A9
:1089A000A81F012003000833436001225242826065
:1089B000C3600361002303607047002303617047B5
:1089C00030B50C68631C10D0030008331A005B68D4
:1089D0001D68A542FAD953684B6099608A6051605E
:1089E000086103680133036030BD0269F3E703697E
:1089F000416882688A60416851605A68824206D044
:108A0000002202611A68013A1A6018687047826889
:108A10005A60F5E7000000000000000000000000C0
:108A20000B4A13681868203080F30988022080F30D
:108A30001488BFF36F8F3FBCAE4608BC04BC62B65F
:108A40001847C046C046C046C046C046C046C0469D
:108A5000581C002010B5FAF7AFF8000010B5031F3E
:108A6000802464041C60043B1960043B02491960C3
:108A7000143B1A60403810BD558A0010D0231B06E5
:108A80001B689B00074A9B58002B01D072B6FEE77B
:108A9000054B802252051A60BFF34F8FBFF36F8FD3
:108AA0007047C046D41C002004ED00E000B583B040
:108AB00002E0D0231B069B6DD0231B061B6DDB073A
:108AC000F7D4D0231B06FF221A6500230193114B14
:108AD0001A68EFF3108072B61368002BFCD0BFF356
:108AE0005F8F0D490A6800230B600A490968BFF3CC
:108AF0005F8F0B6080F31088084B196801AB084842
:108B0000FFF706FE019B002B01D103B000BDFFF76C
:108B1000B5FFFAE7541C0020241F0120881F012004
:108B20000503001072B6044A136801331360BFF3E3
:108B30004F8FBFF36F8F7047201F0120064B1B68BC
:108B4000002B01D172B6FEE7013B034A1360002BF4
:108B500000D162B67047C046201F0120EFF310809D
:108B600072B6704780F31088704700000000000064
:108B7000EFF30980164B1A6820381060F0C04446A5
:108B80004D4656465F46F0C00D221207146E556ED4
:108B9000566F176F3038F0C008B572B6FFF786FA17
:108BA00062B60CBC116808681030F0C8A046A9462F
:108BB000B246BB4680F309880D2212073038F0C850
:108BC0001466556656671767F0C81847C046C04612
:108BD000581C002010B5FFF7C1FF0400FFF7FCF898
:108BE000002803D0034B802252051A602000FFF7B3
:108BF000B9FF10BD04ED00E010B5094C002323605F
:108C0000084A13600520F9F703FEFA218900FBF7F3
:108C1000EDF80138044B18600723236010BDC046EF
:108C200010E000E018E000E014E000E010B51B4B9D
:108C30001968FF2212040A431A601968FF221206FB
:108C40000A431A60FFF7D8FF154B00221A60D023A1
:108C50001B06144A19681170FF221A6502E0D0231E
:108C60001B069B6DD0231B061B6DDB07F7D4D0239F
:108C70001B061C680F34FF212000F8F7AFF90A49E2
:108C80002000F7F791FF01212000F7F763FFFFF7BE
:108C9000C7FEFFF70BFAFFF7DDFEC04620ED00E050
:108CA000201F0120BC0C0020AD8A001010B5F7F782
:108CB000BFFE0C4B9C46604480000B4B18600B4B76
:108CC00000221A600023002B03DD094B00221A60EA
:108CD00010BD9A0000210748115007481150013378
:108CE000F1E7C04640000034541C0020881F0120DA
:108CF000241F0120D41C0020081F012010B5830769
:108D00000AD00300032102E001330B4205D01A7898
:108D1000002AF9D1181A10BD030019680C4A0D4C2D
:108D20008A188A4322420FD15968094A04338A18A3
:108D30008A43224208D15968054A04338A188A4373
:108D40002242F1D000E001331A78002AFBD1E1E79A
:108D5000FFFEFEFE80808080F8B5C0460000000067
:108D600001B40248844601BC604700BFE502002010
:108D700001B40248844601BC604700BF31020020B4
:108D800001B40248844601BC604700BF6D06002064
:108D900001B40248844601BC604700BF1D0B00209F
:108DA00001B40248844601BC604700BF1D0B00208F
:108DB00001B40248844601BC604700BFC1000020E6
:108DC00001B40248844601BC604700BFC9010020CD
:108DD00001B40248844601BC604700BF1D09002061
:108DE00001B40248844601BC604700BF99060020D8
:108DF00001B40248844601BC604700BF95010020D1
:108E000001B40248844601BC604700BF4508002009
:108E100001B40248844601BC604700BFE10700205E
:108E200001B40248844601BC604700BFED07002042
:108E300001B40248844601BC604700BFBD03002066
:108E40000A2D2D2D2042555343414E444F2053456A
:108E50004E534F524553204E4F2042415252414DA6
:108E6000454E544F2049324331202D2D2D00000016
:108E700075735F73696E63655F626F6F74203C3DED
:108E800020494E5436345F4D41580000766F696476
:108E9000207570646174655F75735F73696E636577
:108EA0005F626F6F74286162736F6C7574655F7455
:108EB000696D655F742A2C2075696E7436345F7431
:108EC00029000000433A2F50726F6772616D20468F
:108ED000696C65732F52617370626572727920508C
:108EE000692F5069636F2053444B2076312E352E05
:108EF000312F7069636F2D73646B2F7372632F63EF
:108F00006F6D6D6F6E2F7069636F5F626173652F38
:108F1000696E636C7564652F7069636F2F74797007
:108F200065732E68000000005375636573736F3AB4
:108F300020446973706F73697469766F2064657417
:108F400065637461646F20656D20307825303278F8
:108F50000A0000002D2D2D2046494D20444F20535E
:108F600043414E202D2D2D0A00000000454D424169
:108F70005243415445434820414D00004952454425
:108F800045202D20323032360000000041523A2078
:108F90002025642050504D004C555A3A20252E3142
:108FA00066204C5800000000553A20252E316625D9
:108FB000252020543A20252E3166430054656C65E7
:108FC0006D65747269613A2041723D25642C204CB4
:108FD000757A3D252E31662C20556D693D252E3143
:108FE000660A0000AC3300004D4F4E49544F52000A
:108FF000AED580A83FD300408D142002A1C8DA125C
:1090000081CFD9F1DB40A4A6AF0000000000000032
:109010000000005F00000007000700147F147F14A9
:10902000242A7F2A122313086462364956205000EE
:1090300008070300001C2241000041221C002A1CDA
:109040007F1C2A08083E0808000050300008080865
:109050000808000060600020100804023E514945E5
:109060003E00427F400072494949462141494D3303
:109070001814127F1027454545393C4A494931416A
:10908000211109073649494936464949291E000038
:10909000363600000056360000081422411414141D
:1090A0001414412214080002015109063249794181
:1090B0003E7E1111117E7F494949363E4141412290
:1090C0007F4141221C7F494949417F090901013EF5
:1090D000414151327F0808087F00417F4100204014
:1090E000413F017F081422417F404040407F0204FD
:1090F000027F7F0408107F3E4141413E7F090909FC
:10910000063E4151215E7F091929464649494931A8
:1091100001017F01013F4040403F1F2040201F7F51
:109120002018207F6314081463030478040361513A
:10913000494543004E6F207370696E6C6F636B73AB
:109140002061726520617661696C61626C65000006
:1091500064656C7461203E3D202D32303438202609
:10916000262064656C7461203C3D2032303436200A
:10917000262620212864656C746120262031290070
:10918000433A2F50726F6772616D2046696C657348
:109190002F5261737062657272792050692F506925
:1091A000636F2053444B2076312E352E312F70695A
:1091B000636F2D73646B2F7372632F7270325F63F2
:1091C0006F6D6D6F6E2F68617264776172655F6934
:1091D00072712F6972712E6300000000212864658E
:1091E0006C7461203E3E20313175290063757272C6
:1091F000656E74203D3D205F5F756E68616E646CC6
:1092000065645F757365725F697271207C7C206331
:10921000757272656E74203D3D2068616E646C6588
:10922000720000006972715F68616E6465725F63ED
:109230006861696E5F667265655F736C6F745F68A5
:10924000656164203E3D203000000000767461625C
:109250006C655F68616E646C6572203D3D205F5F88
:10926000756E68616E646C65645F757365725F6965
:1092700072710000212828282875696E7470747234
:109280005F7429767461626C655F68616E646C6599
:109290007229202D20282875696E747074725F748D
:1092A000296972715F68616E646C65725F63686181
:1092B000696E5F736C6F747329202D2031292573BB
:1092C000697A656F66287374727563742069727148
:1092D0005F68616E646C65725F636861696E5F731D
:1092E0006C6F74292900000030783163203D3D20E7
:1092F000282A696E7374293E3E31317500000000E2
:1093000021657863657074696F6E207C7C20657858
:1093100063657074696F6E203D3D206E756D202B06
:1093200020565441424C455F46495253545F49527E
:109330005100000066616C736500000069735F7323
:1093400068617265645F6972715F7261775F68619D
:109350006E646C657228736C6F745F68616E646CA8
:1093600065722900657863657074696F6E0000002E
:10937000666F756E640000004E6F20757365722015
:10938000495251732061726520617661696C616236
:109390006C6500006972715F6164645F7461696C1F
:1093A0005F746F5F667265655F6C6973740000005F
:1093B000696E736572745F6272616E63685F616E1D
:1093C000645F6C696E6B00006972715F72656D6FCE
:1093D00076655F68616E646C657200006D616B65D7
:1093E0005F6272616E6368007265736F6C76655F51
:1093F0006272616E636800006972715F6164645FCC
:109400007368617265645F68616E646C65720000A8
:109410006972715F7365745F6578636C7573697683
:10942000655F68616E646C6572000000746F7461E2
:109430006C000000433A2F50726F6772616D2046D6
:10944000696C65732F526173706265727279205016
:10945000692F5069636F2053444B2076312E352E8F
:10946000312F7069636F2D73646B2F7372632F6379
:109470006F6D6D6F6E2F7069636F5F73796E632FA1
:109480006D757465782E63006D74782D3E636F7210
:10949000652E7370696E5F6C6F636B006C6F636BCE
:1094A0005F69735F6F776E65725F69645F76616C29
:1094B0006964286D74782D3E6F776E65722900009F
:1094C0006D74782D3E656E7465725F636F756E7432
:1094D000000000006D757465785F65786974000040
:1094E0006D757465785F656E7465725F626C6F63CD
:1094F0006B5F756E74696C007570646174655F751F
:10950000735F73696E63655F626F6F740000000064
:1095100072742D3E616C61726D5F6964203D3D2007
:1095200069640000433A2F50726F6772616D204684
:10953000696C65732F526173706265727279205025
:10954000692F5069636F2053444B2076312E352E9E
:10955000312F7069636F2D73646B2F7372632F6388
:109560006F6D6D6F6E2F7069636F5F74696D652FBE
:1095700074696D652E630000696420262620696485
:10958000203C3D20706F6F6C2D3E686561702D3EF4
:109590006D61785F6E6F64657300000069642026FA
:1095A00026206964203C3D20686561702D3E6D6118
:1095B000785F6E6F64657300433A2F50726F677205
:1095C000616D2046696C65732F52617370626572BC
:1095D00072792050692F5069636F2053444B207675
:1095E000312E352E312F7069636F2D73646B2F739D
:1095F00072632F636F6D6D6F6E2F7069636F5F7530
:1096000074696C2F696E636C7564652F7069636F24
:109610002F7574696C2F70686561702E680000008A
:10962000706172656E745F69640000006368696CE4
:10963000645F696400000000706172656E745F6948
:109640006420213D206368696C645F6964000000E8
:109650002170685F636F6E7461696E735F6E6F64B3
:109660006528706F6F6C2D3E686561702C20726587
:109670007573655F6964290072656D6F7665645FF7
:109680006964203D3D206E6578745F696400000068
:1096900063616C6C6261636B00000000706F6F6CE3
:1096A0002D3E616C61726D5F696E5F70726F677283
:1096B000657373203D3D206D616B655F7075626CF5
:1096C00069635F69642869645F686967682C206EF4
:1096D0006578745F696429006964202626202170FA
:1096E000685F636F6E7461696E735F6E6F64652827
:1096F000686561702C20696429000000216865613B
:10970000702D3E667265655F7461696C5F696400A7
:1097100064656661756C745F616C61726D5F706FBA
:109720006F6C5F696E697469616C697A6564282918
:1097300000000000616C61726D5F696420213D2052
:10974000706F6F6C2D3E616C61726D5F696E5F70E2
:10975000726F6772657373007263000041747465A1
:109760006D7074656420746F20736C65657020691A
:109770006E73696465206F6620616E20657863652D
:109780007074696F6E2068616E646C65723B2075E1
:10979000736520627573795F7761697420696620EB
:1097A000796F75206D75737400000000616C6172D3
:1097B0006D5F706F6F6C5F63616E63656C5F616C32
:1097C00061726D007570646174655F75735F736954
:1097D0006E63655F626F6F7400000000616C6172A0
:1097E0006D5F706F6F6C5F616C61726D5F63616CF8
:1097F0006C6261636B0000006765745F656E747214
:1098000079000000616C61726D5F706F6F6C5F67F3
:1098100065745F64656661756C7400006765745F8C
:10982000656E7472795F69645F68696768000000DB
:1098300070685F667265655F6E6F6465000000004A
:1098400070685F6164645F6368696C645F6E6F64B5
:109850006500000070685F696E736572745F6E6F9B
:109860006465000070685F6765745F6E6F646500B3
:109870006164645F616C61726D5F756E6465725F77
:109880006C6F636B00000000486172647761726501
:1098900020616C61726D20256420616C7265616469
:1098A0007920636C61696D656400000074696D65A1
:1098B000725F68772D3E696E7473202620317520A3
:1098C0003C3C20616C61726D5F6E756D0000000044
:1098D000433A2F50726F6772616D2046696C6573F1
:1098E0002F5261737062657272792050692F5069CE
:1098F000636F2053444B2076312E352E312F706903
:10990000636F2D73646B2F7372632F7270325F639A
:109910006F6D6D6F6E2F68617264776172655F74D1
:10992000696D65722F74696D65722E6300000000A9
:1099300068617264776172655F616C61726D5F739B
:1099400065745F74617267657400000075706461AE
:1099500074655F75735F73696E63655F626F6F7463
:1099600000000000726F6F745F696400433A2F500B
:10997000726F6772616D2046696C65732F526173F7
:109980007062657272792050692F5069636F20533D
:10999000444B2076312E352E312F7069636F2D7335
:1099A000646B2F7372632F636F6D6D6F6E2F7069B1
:1099B000636F5F7574696C2F70686561702E6300EA
:1099C0002170685F6765745F6E6F646528686561A4
:1099D000702C20726F6F745F6964292D3E73696209
:1099E0006C696E67000000002170685F6765745FD6
:1099F0006E6F646528686561702C20726F6F745F8C
:109A00006964292D3E706172656E74006E65775FC2
:109A10007375625F7472656520213D2068656170B1
:109A20002D3E726F6F745F696400000070685F7232
:109A3000656D6F76655F616E645F667265655F6EAA
:109A40006F64650070685F72656D6F76655F616EEB
:109A5000795F68656164000070685F6164645F637A
:109A600068696C645F6E6F646500000070685F67B2
:109A700065745F6E6F6465007372635F66726571B3
:109A8000203E3D206672657100000000433A2F5071
:109A9000726F6772616D2046696C65732F526173D6
:109AA0007062657272792050692F5069636F20531C
:109AB000444B2076312E352E312F7069636F2D7314
:109AC000646B2F7372632F7270325F636F6D6D6F93
:109AD0006E2F68617264776172655F636C6F636B30
:109AE000732F636C6F636B732E630000636C6F6323
:109AF0006B5F636F6E6669677572650076636F5F33
:109B000066726571203E3D20285049434F5F504C9E
:109B10004C5F56434F5F4D494E5F465245515F4B38
:109B2000485A202A204B485A292026262076636F3F
:109B30005F66726571203C3D20285049434F5F505D
:109B40004C4C5F56434F5F4D41585F465245515F05
:109B50004B485A202A204B485A290000433A2F509C
:109B6000726F6772616D2046696C65732F52617305
:109B70007062657272792050692F5069636F20534B
:109B8000444B2076312E352E312F7069636F2D7343
:109B9000646B2F7372632F7270325F636F6D6D6FC2
:109BA0006E2F68617264776172655F706C6C2F7084
:109BB0006C6C2E63000000006662646976203E3D96
:109BC000203136202626206662646976203C3D20BE
:109BD0003332300028706F73745F64697631203ED1
:109BE0003D203120262620706F73745F64697631C2
:109BF000203C3D2037292026262028706F73745F73
:109C000064697632203E3D203120262620706F7315
:109C1000745F64697632203C3D20372900000000E3
:109C20007265665F66726571203C3D202876636FC1
:109C30005F66726571202F2031362900706C6C5F71
:109C4000696E6974000000002C2066756E6374698B
:109C50006F6E3A2000000000617373657274696F63
:109C60006E2022257322206661696C65643A206645
:109C7000696C6520222573222C206C696E65202575
:109C800064257325730A000031203D3D2028756945
:109C90006E747074725F74296C2D3E7370696E5FA0
:109CA0006C6F636B00000000433A2F50726F677255
:109CB000616D2046696C65732F52617370626572C5
:109CC00072792050692F5069636F2053444B20767E
:109CD000312E352E312F7069636F2D73646B2F73A6
:109CE00072632F7270325F636F6D6D6F6E2F70696C
:109CF000636F5F72756E74696D652F72756E7469CE
:109D00006D652E63000000000A2A2A2A2050414E69
:109D10004943202A2A2A0A006E6F742073757070D6
:109D20006F7274656400000072756E74696D655FB2
:109D3000696E697400000000666E6900666E692BCA
:109D4000000000006E616E00666E692D000000006C
:109D500076370010263700102637001080370010A5
:109D6000263700102637001026370010263700103F
:109D70002637001026370010263700106C370010E9
:109D800026370010623700102637001026370010E3
:109D900058370010183800103E38001056380010A0
:109DA0003E380010F83700103E3800103E380010E2
:109DB0003E3800103E3800103E3800103E3800108B
:109DC0003E380010343800103E3800103E38001085
:109DD0003E3800103E3800103E3800106238001047
:109DE000923C0010A83C0010A83C0010A83C0010B9
:109DF000A83C0010A83C0010A83C0010A83C001093
:109E0000A83C0010A83C0010A83C0010A83C001082
:109E1000A83C0010A83C0010A83C0010A83C001072
:109E2000A83C0010A83C0010A83C0010A83C001062
:109E3000A83C0010A83C0010A83C0010A83C001052
:109E4000A83C0010A83C0010A83C0010A83C001042
:109E5000A83C0010A83C0010A83C0010A83C001032
:109E6000BA3A00107A3A0010BA3A0010A83C001032
:109E7000A83C0010A83C0010A83C0010A83C001012
:109E8000A83C0010A83C0010A83C0010A83C001002
:109E9000A83C0010A83C0010A83C0010A83C0010F2
:109EA000A83C0010A83C0010A83C00106E38001020
:109EB000A83C0010A83C0010A83C0010A83C0010D2
:109EC000A83C0010A83C0010A83C0010A83C0010C2
:109ED000A83C00106E3800100A3B00106E380010CD
:109EE000BA3A00107A3A0010BA3A0010A83C0010B2
:109EF0006E380010A83C0010A83C0010A83C0010D0
:109F0000A83C0010A83C00106E3800105C3C00100B
:109F1000A83C0010A83C0010823B0010A83C001098
:109F20006E380010A83C0010A83C00106E380010DD
:109F3000000000000000F03F00000000000024408E
:109F400000000000000059400000000000408F4069
:109F5000000000000088C34000000000006AF840D4
:109F60000000000080842E4100000000D0126341F8
:109F70000000000084D797410000000065CDCD416E
:109F80006D697373696E6720646F75626C652066B6
:109F9000756E6374696F6E002A282875696E74384F
:109FA0005F74202A29726F6D5F646174615F6C6FEA
:109FB0006F6B757028726F6D5F7461626C655F6343
:109FC0006F6465282753272C2027462729292D32FF
:109FD00029202A2034203E3D2053465F5441424CE4
:109FE000455F56325F53495A45000000433A2F50AF
:109FF000726F6772616D2046696C65732F52617371
:10A000007062657272792050692F5069636F2053B6
:10A01000444B2076312E352E312F7069636F2D73AE
:10A02000646B2F7372632F7270325F636F6D6D6F2D
:10A030006E2F7069636F5F646F75626C652F646FFC
:10A0400075626C655F696E69745F726F6D2E630017
:10A050005F5F61656162695F646F75626C655F69AE
:10A060006E6974002A282875696E74385F74202A16
:10A0700029726F6D5F7461626C652D3229202A2010
:10A0800034203E3D2053465F5441424C455F56329A
:10A090005F53495A45000000433A2F50726F677270
:10A0A000616D2046696C65732F52617370626572D1
:10A0B00072792050692F5069636F2053444B20768A
:10A0C000312E352E312F7069636F2D73646B2F73B2
:10A0D00072632F7270325F636F6D6D6F6E2F706978
:10A0E000636F5F666C6F61742F666C6F61745F691C
:10A0F0006E69745F726F6D2E630000005F5F616553
:10A100006162695F666C6F61745F696E697400009B
:10A110004465627567000000626F6F74325F77326A
:10A120003571303830000000312E352E31000000FE
:10A130007069636F5F77000045636F537461746982
:10A140006F6E5F45647500004665622020372032DF
:10A150003032360006005250BBFF3CB630A1001032
:10A1600006005250E182887F18A10010060052506C
:10A17000D3F0754210A100107570646174655F754D
:10A18000735F73696E63655F626F6F7400000000D8
:10A190000D0A00005541525420737464696E00002A
:10A1A00055415254207374646F7574005541525474
:10A1B00020737464696E202F207374646F7574004B
:10A1C0000600525053B4F4A1ACA100100800525044
:10A1D000920000008D4B0010914B00109D4B001021
:10A1E000ED4B0010D14B001000000000433A2F50FF
:10A1F000726F6772616D2046696C65732F5261736F
:10A200007062657272792050692F5069636F2053B4
:10A21000444B2076312E352E312F7069636F2D73AC
:10A22000646B2F7372632F7270325F636F6D6D6F2B
:10A230006E2F7069636F5F737464696F5F757362AB
:10A240002F737464696F5F7573622E630000000082
:10A2500055534220737464696E202F207374646FA9
:10A26000757400000600525053B4F4A150A20010BF
:10A27000737464696F5F7573625F696E69740000FF
:10A280007570646174655F75735F73696E63655F34
:10A29000626F6F74000000005261737062657272C9
:10A2A00079205069000000005069636F00000000D1
:10A2B000426F61726420434443000000526573653D
:10A2C0007400000009025400030100807D080B00A7
:10A2D0000202020000090400000102020004052439
:10A2E00000200105240100010424020205240600C7
:10A2F000010705810308001009040100020A00009B
:10A300000007050202400000070582024000000924
:10A3100004020000FF00010512010002EF020140EB
:10A320008A2E0A0000010102030100000000000063
:10A3300098A20010A8A200100C1F0120B0A20010CB
:10A34000BCA200106C656E203E203000433A2F50B6
:10A35000726F6772616D2046696C65732F5261730D
:10A360007062657272792050692F5069636F205353
:10A37000444B2076312E352E312F7069636F2D734B
:10A38000646B2F7372632F7270325F636F6D6D6FCA
:10A390006E2F7069636F5F756E697175655F696453
:10A3A0002F756E697175655F69642E63000000002A
:10A3B0007069636F5F6765745F756E697175655FFE
:10A3C000626F6172645F69645F737472696E670063
:10A3D000666C6173685F6F666673202B20636F75B0
:10A3E0006E74203C3D205049434F5F464C415348DA
:10A3F0005F53495A455F425954455300433A2F50E1
:10A40000726F6772616D2046696C65732F5261735C
:10A410007062657272792050692F5069636F2053A2
:10A42000444B2076312E352E312F7069636F2D739A
:10A43000646B2F7372632F7270325F636F6D6D6F19
:10A440006E2F68617264776172655F666C617368B4
:10A450002F666C6173682E6300000000636F6E6E80
:10A460006563745F696E7465726E616C5F666C6162
:10A47000736820262620666C6173685F657869744E
:10A480005F78697020262620666C6173685F726150
:10A490006E67655F657261736520262620666C6154
:10A4A00073685F666C7573685F63616368650000FD
:10A4B000636F6E6E6563745F696E7465726E616CF6
:10A4C0005F666C61736820262620666C6173685F26
:10A4D000657869745F78697020262620666C6173E0
:10A4E000685F72616E67655F70726F6772616D2021
:10A4F000262620666C6173685F666C7573685F639F
:10A500006163686500000000636F6E6E6563745F71
:10A51000696E7465726E616C5F666C61736820262B
:10A520002620666C6173685F657869745F7869700E
:10A5300020262620666C6173685F666C7573685FA1
:10A540006361636865000000666C6173685F646FD7
:10A550005F636D6400000000282875696E74707474
:10A56000725F7420296E6578745F627566666572C5
:10A570005F70747220262030623131313131317593
:10A5800029203D3D20300000433A2F50726F677202
:10A59000616D2046696C65732F52617370626572DC
:10A5A00072792050692F5069636F2053444B207695
:10A5B000312E352E312F7069636F2D73646B2F6CC4
:10A5C00069622F74696E797573622F7372632F706D
:10A5D0006F727461626C652F726173706265727202
:10A5E0007970692F7270323034302F6463645F7217
:10A5F00070323034302E630068775F646174615F5D
:10A600006F6666736574286E6578745F62756666DA
:10A6100065725F70747229203C3D205553425F443F
:10A620005052414D5F4D415800000000556E686129
:10A630006E646C65642049525120307825780A0098
:10A640007268706F7274203D3D2030006463645FF7
:10A65000656470745F786665720000006463645FAF
:10A66000656470745F6F70656E0000006463645FA2
:10A670007365745F61646472657373006463645FBF
:10A68000696E745F656E61626C6500005F68775F1C
:10A69000656E64706F696E745F616C6C6F630000EF
:10A6A0006463645F696E697400000000212862754C
:10A6B000665F6374726C2026205553425F42554694
:10A6C0005F4354524C5F46554C4C2900433A2F503F
:10A6D000726F6772616D2046696C65732F5261738A
:10A6E0007062657272792050692F5069636F2053D0
:10A6F000444B2076312E352E312F7069636F2D73C8
:10A70000646B2F6C69622F74696E797573622F7335
:10A7100072632F706F727461626C652F72617370F7
:10A72000626572727970692F7270323034302F72B4
:10A7300070323034305F7573622E63006275665F0D
:10A740006374726C2026205553425F4255465F4326
:10A7500054524C5F46554C4C00000000657020255B
:10A76000642025732077617320616C726561647960
:10A7700020617661696C61626C65000043616E27DF
:10A780007420636F6E74696E7565207866657220DB
:10A790006F6E20696E61637469766520657020252F
:10A7A000642025730000000073796E635F65705F3D
:10A7B00062756666657200008C580010F2570010D2
:10A7C00024580010565800108C5800108C58001057
:10A7D00072580010245800108C5800108C5800102B
:10A7E0008C5800108C5800108C5800108C58001099
:10A7F0008C580010045800108C5D0010665D00102D
:10A80000325F0010405D0010325F0010B45C001039
:10A81000365D0010325F0010D05C0010E85C001064
:10A820008A5F00107C5F0010D25F00108A5F00100A
:10A83000B6600010D6600010E65F001032600010B5
:10A84000EE6000100D650010C96500100D66001067
:10A85000D96600100D680010000000007364615F8D
:10A8600074785F686F6C645F636F756E74203C3DD5
:10A87000206C636E74202D2032000000433A2F506C
:10A88000726F6772616D2046696C65732F526173D8
:10A890007062657272792050692F5069636F20531E
:10A8A000444B2076312E352E312F7069636F2D7316
:10A8B000646B2F7372632F7270325F636F6D6D6F95
:10A8C0006E2F68617264776172655F6932632F69A8
:10A8D00032632E63000000006932635F7365745F4A
:10A8E00062617564726174650000000049444C4502
:10A8F0000000000080850010C4850010C485001091
:10A900000E8600101A8600103E860010C4850010C6
:10A91000C48500100E8600101A860010546D722037
:04A920005376630007
:10A92400AC020010A00200109402001054A1001008
:10A934008802001060A100106CA10010C0A10010DA
:08A94400CCA1001064A2001078
:10A94C0003000068EFF3108C72B60268002AFCD08A
:10A95C00BFF35F8F04229A56002A0BDB002910D01C
:10A96C000A6000201B68BFF35F8F00221A608CF313
:10A97C0010887047D0221206127852B21A71012038
:10A98C00F0E70020EEE70000F8B5CE46474680B56C
:10A99C000400170098460368002B20D0D0231B0618
:10A9AC001B785BB299462668EFF3108C72B635684B
:10A9BC00002DFCD0BFF35F8F04256557002D14DBF1
:10A9CC002368BFF35F8F00221A608CF31088380065
:10A9DC00414600F0E5FC0028E5D000200FE00A4BD2
:10A9EC000A4A85210A4800F0E3FC4B462371236890
:10A9FC00BFF35F8F00221A608CF310880120C0BC5B
:10AA0C00B946B046F8BDC04688940010E0940010DA
:10AA1C003494001070B582B0060015001C0001A91A
:10AA2C00FFF78EFF002807D1019B5BB2D0221206E4
:10AA3C00127852B2934201D102B070BD2A002300A9
:10AA4C003000FFF7A1FFF7E7F8B506000F0000F0A4
:10AA5C00C7FC04000D1E12DBFA2292000023380002
:10AA6C00002100F0CDFC22002B0012184B41002BD2
:10AA7C000BDB002B0DDB3000FFF786FFF8BD084B1E
:10AA8C00084A3F21084800F093FC01225242074B30
:10AA9C00EFE7034B034A3F21034800F089FCC04613
:10AAAC00708E0010F8940010C48E0010FFFFFF7F12
:10AABC0010B50268EFF3108172B61368002BFCD04E
:10AACC00BFF35F8F0423C356002B0ADBFF230371F4
:10AADC000368BFF35F8F00221A6081F3108840BFB8
:10AAEC0010BD034B034AB421034800F061FCC0467F
:10AAFC009C940010D494001034940010094B1B78D3
:10AB0C00002B08D00CE09A008021490551180868E8
:10AB1C000549505001333F2BF5DD024B01221A70D1
:10AB2C007047C046F61F01206812002010B5024B7A
:10AB3C000133984710BDC0466812002000280AD087
:10AB4C0003231B02054A12685340C0229200134093
:10AB5C00034A136070470223F3E7C0460C800140A0
:10AB6C000C900140F0B5D6464F464646C0B507009E
:10AB7C000E00150018239A461B8814229046108844
:10AB8C0028499847814653461B88424610882649D7
:10AB9C009847040053461B8842461088234998471F
:10ABAC0080464B46002B0CD0002C0AD0002808D035
:10ABBC00FFF7A4FFC847A0470020FFF7BFFF2A00FC
:10ABCC000FE01B4B1B4A80211B4800F0F1FB002BB4
:10ABDC0007D0002A05D0C0235B051B6E3370013AE9
:10ABEC0001362B00134312D0C0235B059C6A08234B
:10ABFC002340A107EBD5002DE9D0511B0D29E6D838
:10AC0C003878C02149050866013D0137DFE701208E
:10AC1C00FFF794FFC047FFF789FFE0BCBA46B14687
:10AC2C00A846F0BD494600004558000046430000C8
:10AC3C0008A5001048A50010FCA3001010B50023B7
:10AC4C0008E00133DA0000210848115084466244C0
:10AC5C005160DBB20E2BF4D9F02292000021044893
:10AC6C0000F0AEFB034B044A1A6010BD00001050FC
:10AC7C0074180020381C002080011050F0B5CE460E
:10AC8C00474680B585B0234B9F6D0024012603E019
:10AC9C00B74376000134E4B2002F36D01F2C34D8E1
:10ACAC003E42F6D01C4B9E656308994601236340D7
:10ACBC0001221A4090464B465D0045446D01174BEE
:10ACCC00ED18280000F042FA0028E1D04B465B005A
:10ACDC0043445B01114AD3189A789146DB8A984613
:10ACEC000C22002101A800F06BFB07236A4653716C
:10ACFC006B464A461A7243460393012101A800F0A1
:10AD0C004DFA280000F0ACF9C2E705B0C0BCB9465A
:10AD1C00B046F0BD00001150003011503418002026
:10AD2C00F0B585B0684A9823D55880239B022C0037
:10AD3C001C401D424AD0654B9A6A654B1A60002430
:10AD4C00002609E0634B99183C3100230B7000F08E
:10AD5C00B9F93E000134E4B20F2C17D8A20110004F
:10AD6C0020305C4BC0189B183B331B78022BF1D165
:10AD7C00584B9B183A331F78002FEBD0554B9B1830
:10AD8C003C331B78002BDDD13E00E3E7002E08D1CD
:10AD9C00514B1B78002B04D1504A903380218902EF
:10ADAC00D150494B9C6C6405640D0C22002101A808
:10ADBC0000F006FB00236A461371033353710294AF
:10ADCC00012101A800F0EAF98024A402EB0609D4C1
:10ADDC00EB0329D580235B021C4301AB404A1A804C
:10ADEC0000260BE010231C43FFF748FFF0E701ABF4
:10ADFC00985D00F0FDFA0123C3700136012EF6D9DF
:10AE0C0001AE0C220021300000F0DAFA0623737038
:10AE1C00344A02AB03CA03C30121300000F0BEF96F
:10AE2C002E4B802292021A65EB0407D46B041ED4BD
:10AE3C002B042FD4AC4241D105B0F0BD80235B0173
:10AE4C001C43214B00221A60FFF7F8FE01AE0C22C6
:10AE5C000021300000F0B4FA01237370012130009E
:10AE6C0000F09CF91D4B802212031A65DEE780234B
:10AE7C00DB011C4301AE0C220021300000F0A0FAD3
:10AE8C00042373700121300000F088F9134B102259
:10AE9C001A65CDE780231B021C4301AE0C22002156
:10AEAC00300000F08DFA052373700121300000F0A2
:10AEBC0075F90A4B802212011A65BBE72100694023
:10AECC00094800F0A5FAC0460000115000400540AA
:10AEDC001C18002034180020F51F012000301150E0
:10AEEC000080FFFF000010502CA60010094B1B6CBB
:10AEFC009B070CD48378DB09012B01D0002007E0E1
:10AF0C00C37E022B01D0002002E0012000E00020D3
:10AF1C007047C0460000115010B5FFF7E7FF00283E
:10AF2C0009D0064B9B6A064A12689B1A054A94463E
:10AF3C006344C62B00D810BD0020FCE70040054040
:10AF4C001C180020E0FCFFFFF8B504000F00838AFA
:10AF5C00028B1E1C934200D9161CB6B29B1BA382FB
:10AF6C008025ED003543E378002B13D0802292012D
:10AF7C00154301225340E3706378002B0CD0A38A55
:10AF8C00002B02D18023DB011D43002F00D02D04A8
:10AF9C002800F8BD0022EBE7B801E3689C4660444A
:10AFAC003200216900F014FA23699C46664426613C
:10AFBC0080231B021D43E2E770B5040083681B6805
:10AFCC00002900D01B0C9D05AD0D6278002A12D112
:10AFDC001B0409D4E38A5B19E382238BAB4201D9AE
:10AFEC000023A382280070BD81210F4B0F4A49001A
:10AFFC000F4800F0DDF91B040ED58901E3689C466F
:10B00C0061442A00206900F0E3F9E38A5B19E382CA
:10B01C0023695B192361E0E70A21064B034AFF31E0
:10B02C00034800F0C5F9C046ACA60010A8A7001054
:10B03C00CCA600103CA7001010B5040083681B6858
:10B04C000021FFF7B9FF63681B685B0002D5238BF7
:10B05C00834200D010BD01212000FFF7ADFFF9E7BE
:10B06C00002383768382C3820361704710B5002965
:10B07C0002D083681B681940002A0FD01143530576
:10B08C000CD5826813685B050BD40B4B0B4013601B
:10B09C00FFE7FFE7FFE7FFE7FFE7FFE783681960DC
:10B0AC0010BD83787F211940DB099B00034A9A5815
:10B0BC00034800F0ADF9C046FFFBFFFF800C0020F9
:10B0CC005CA7001070B5040043681E680021FFF7F0
:10B0DC003BFF80256D010543194B1B6C02221100AF
:10B0EC0019401A4202D1A378DB0906D0002906D0F8
:10B0FC00A3785B0616D1002302E0012300E00023B5
:10B10C00A28A002A01D0002B0ED00E4B1E408023A9
:10B11C009B053343626813602A0000212000FFF76F
:10B12C00A5FF70BD0123EBE701212000FFF70CFF09
:10B13C000543054B1E40A023DB053343EAE7C0461D
:10B14C0000001150FFFFFFAFFFFFFFDF70B50400E1
:10B15C00857E002D06D0FFF76FFFA38A002B0BD145
:10B16C00280070BD83787F211940DB099B00094AB8
:10B17C009A58094800F04CF92000FFF7CDFE051E47
:10B18C0003D0012323770025EAE72000FFF79AFF7D
:10B19C00E6E7C046800C00207CA7001030B585B0D7
:10B1AC0005004378042B00D159E006D8022B2BD094
:10B1BC00032B00D0CBE0002483E0052B00D0C6E0AD
:10B1CC00704B1B78DB0748D56E4A137804218B43F0
:10B1DC0013706D4B1C68210014316269EFF3108001
:10B1EC0072B61368002BFCD0BFF35F8F4860290048
:10B1FC00200000F015F96269A369BFF35F8F00218D
:10B20C00116083F3108828E05E4B1A7801218A4381
:10B21C001A701A7801318A431A7000225A701A78FF
:10B22C0002318A431A70584B1C6821001431626930
:10B23C00EFF3108072B61368002BFCD0BFF35F8F56
:10B24C0048602900200000F0EBF86269A369BFF3A5
:10B25C005F8F0021116083F3108805B030BD494B1E
:10B26C001B78DB07F9D5474A137804210B4313707D
:10B27C00454B1C68210014316269EFF3108072B6E3
:10B28C001368002BFCD0BFF35F8F486029002000AF
:10B29C0000F0C6F86269A369BFF35F8F00211160EB
:10B2AC0083F31088D9E763001B19DA00374B1B684E
:10B2BC009B1818E023000FE0287869689847013440
:10B2CC00E4B2334B1B78A34213D3324A002AF1D099
:10B2DC00A342E8D8E31ADBB2002BF0D15A00D21803
:10B2EC00D2002D4B9B18002BE9D05B69002BE3D1CE
:10B2FC00E5E7244B1B785B07AFD5224A1378042172
:10B30C008B4313700C22002101A800F059F82B7804
:10B31C006A461371052353711B4B1C6821001431B1
:10B32C006269EFF3108072B61368002BFCD0BFF388
:10B33C005F8F486001A9200000F072F86269A36970
:10B34C00BFF35F8F0021116083F3108885E70E4BEC
:10B35C001C68210014316269EFF3108072B6136817
:10B36C00002BFCD0BFF35F8F48602900200000F059
:10B37C0057F86269A369BFF35F8F0021116083F3F3
:10B38C0010886AE73C11002094110020140E002054
:10B39C00F41F0120494C001044A800107047C0460F
:10B3AC0001B40248844601BC604700BF611C001018
:10B3BC0001B40248844601BC604700BF552A001006
:10B3CC0001B40248844601BC604700BF954600109A
:10B3DC0001B40248844601BC604700BFA14600107E
:10B3EC0001B40248844601BC604700BFED1D00104B
:10B3FC0001B40248844601BC604700BF2D520010C6
:10B40C0001B40248844601BC604700BF19450010D6
:10B41C0001B40248844601BC604700BF892B001070
:10B42C0001B40248844601BC604700BF957000100F
:10B43C0010000000000000000000010000000000EF
:10B44C0000000000000002000000000000000000EE
:10B45C000000030000000000000000000000FF00DE
:10B46C000000000001B5486801318E460047704667
:10B47C0009380149884701BD05100010140C002043
:10B48C0000000000F00C0020A413002000000000BD
:10B49C0000000000B41300200000000000000000B9
:10B4AC001000000000000000000000000000000080
:10B4BC00503300004C330000543300005233000072
:10B4CC004D5300004D430000533400004334000042
:10B4DC007949001000000000ED490010954A001059
:10B4EC000000000000010000E54F0010000000000B
:10B4FC00214F00107D4C00100000000000010000E6
:10B50C00BCA100109CA100109811002010000C0090
:10B51C00000000000000000000000000000000001F
:10B52C0000000000FF00000000400440000000008C
:10B53C00008004400000000004000000FF00000038
:10B54C0000000000000000000000000000000000EF
:10B55C0085460010353D001019440010FD450010C3
:0CB56C00E502001075510010AD8C0010BD
:04000005100001E9FD
:00000001FF
