
C:/Users/User/Desktop/EcoStation_Edu_2026/build/EcoStation_Edu.elf:     file format elf32-littlearm

Sections:
Idx Name          Size      VMA       LMA       File off  Algn
  0 .boot2        00000100  10000000  10000000  00001000  2**0
                  CONTENTS, ALLOC, LOAD, READONLY, CODE
  1 .text         00008d40  10000100  10000100  00001100  2**4
                  CONTENTS, ALLOC, LOAD, READONLY, CODE
  2 .rodata       00001ae4  10008e40  10008e40  00009e40  2**3
                  CONTENTS, ALLOC, LOAD, READONLY, DATA
  3 .binary_info  00000028  1000a924  1000a924  0000b924  2**2
                  CONTENTS, ALLOC, LOAD, READONLY, DATA
  4 .ram_vector_table 000000c0  20000000  20000000  0000d000  2**2
                  ALLOC
  5 .data         00000c2c  200000c0  1000a94c  0000c0c0  2**4
                  CONTENTS, ALLOC, LOAD, READONLY, CODE
  6 .uninitialized_data 00000000  20000cec  20000cec  0000ccec  2**0
                  CONTENTS
  7 .scratch_x    00000000  20040000  20040000  0000ccec  2**0
                  CONTENTS
  8 .scratch_y    00000000  20041000  20041000  0000ccec  2**0
                  CONTENTS
  9 .bss          00011310  20000cf0  20000cf0  0000d000  2**3
                  ALLOC
 10 .heap         00000800  20012000  20012000  0000ccec  2**2
                  CONTENTS, READONLY
 11 .stack1_dummy 00000800  20040000  20040000  0000d000  2**2
                  ALLOC
 12 .stack_dummy  00000800  20041000  20041000  0000d500  2**5
                  CONTENTS, READONLY
 13 .ARM.attributes 00000028  00000000  00000000  0000dd00  2**0
                  CONTENTS, READONLY
 14 .comment      00000049  00000000  00000000  0000dd28  2**0
                  CONTENTS, READONLY
 15 .debug_info   00033d08  00000000  00000000  0000dd71  2**0
                  CONTENTS, READONLY, DEBUGGING, OCTETS
 16 .debug_abbrev 00009130  00000000  00000000  00041a79  2**0
                  CONTENTS, READONLY, DEBUGGING, OCTETS
 17 .debug_loc    000230af  00000000  00000000  0004aba9  2**0
                  CONTENTS, READONLY, DEBUGGING, OCTETS
 18 .debug_aranges 00001b68  00000000  00000000  0006dc58  2**3
                  CONTENTS, READONLY, DEBUGGING, OCTETS
 19 .debug_ranges 00006158  00000000  00000000  0006f7c0  2**3
                  CONTENTS, READONLY, DEBUGGING, OCTETS
 20 .debug_line   00022baf  00000000  00000000  00075918  2**0
                  CONTENTS, READONLY, DEBUGGING, OCTETS
 21 .debug_str    0000a3ce  00000000  00000000  000984c7  2**0
                  CONTENTS, READONLY, DEBUGGING, OCTETS
 22 .debug_frame  00003f10  00000000  00000000  000a2898  2**2
                  CONTENTS, READONLY, DEBUGGING, OCTETS

C:/Users/User/Desktop/EcoStation_Edu_2026/build/EcoStation_Edu.elf:     file format elf32-littlearm


Disassembly of section .boot2:

10000000 <__boot2_start__>:
10000000:	4b32b500 	.word	0x4b32b500
10000004:	60582021 	.word	0x60582021
10000008:	21026898 	.word	0x21026898
1000000c:	60984388 	.word	0x60984388
10000010:	611860d8 	.word	0x611860d8
10000014:	4b2e6158 	.word	0x4b2e6158
10000018:	60992100 	.word	0x60992100
1000001c:	61592102 	.word	0x61592102
10000020:	22f02101 	.word	0x22f02101
10000024:	492b5099 	.word	0x492b5099
10000028:	21016019 	.word	0x21016019
1000002c:	20356099 	.word	0x20356099
10000030:	f844f000 	.word	0xf844f000
10000034:	42902202 	.word	0x42902202
10000038:	2106d014 	.word	0x2106d014
1000003c:	f0006619 	.word	0xf0006619
10000040:	6e19f834 	.word	0x6e19f834
10000044:	66192101 	.word	0x66192101
10000048:	66182000 	.word	0x66182000
1000004c:	f000661a 	.word	0xf000661a
10000050:	6e19f82c 	.word	0x6e19f82c
10000054:	6e196e19 	.word	0x6e196e19
10000058:	f0002005 	.word	0xf0002005
1000005c:	2101f82f 	.word	0x2101f82f
10000060:	d1f94208 	.word	0xd1f94208
10000064:	60992100 	.word	0x60992100
10000068:	6019491b 	.word	0x6019491b
1000006c:	60592100 	.word	0x60592100
10000070:	481b491a 	.word	0x481b491a
10000074:	21016001 	.word	0x21016001
10000078:	21eb6099 	.word	0x21eb6099
1000007c:	21a06619 	.word	0x21a06619
10000080:	f0006619 	.word	0xf0006619
10000084:	2100f812 	.word	0x2100f812
10000088:	49166099 	.word	0x49166099
1000008c:	60014814 	.word	0x60014814
10000090:	60992101 	.word	0x60992101
10000094:	2800bc01 	.word	0x2800bc01
10000098:	4700d000 	.word	0x4700d000
1000009c:	49134812 	.word	0x49134812
100000a0:	c8036008 	.word	0xc8036008
100000a4:	8808f380 	.word	0x8808f380
100000a8:	b5034708 	.word	0xb5034708
100000ac:	20046a99 	.word	0x20046a99
100000b0:	d0fb4201 	.word	0xd0fb4201
100000b4:	42012001 	.word	0x42012001
100000b8:	bd03d1f8 	.word	0xbd03d1f8
100000bc:	6618b502 	.word	0x6618b502
100000c0:	f7ff6618 	.word	0xf7ff6618
100000c4:	6e18fff2 	.word	0x6e18fff2
100000c8:	bd026e18 	.word	0xbd026e18
100000cc:	40020000 	.word	0x40020000
100000d0:	18000000 	.word	0x18000000
100000d4:	00070000 	.word	0x00070000
100000d8:	005f0300 	.word	0x005f0300
100000dc:	00002221 	.word	0x00002221
100000e0:	180000f4 	.word	0x180000f4
100000e4:	a0002022 	.word	0xa0002022
100000e8:	10000100 	.word	0x10000100
100000ec:	e000ed08 	.word	0xe000ed08
	...
100000fc:	7a4eb274 	.word	0x7a4eb274

Disassembly of section .text:

10000100 <__VECTOR_TABLE>:
10000100:	20042000 	.word	0x20042000
10000104:	100001f7 	.word	0x100001f7
10000108:	100001c3 	.word	0x100001c3
1000010c:	100001c5 	.word	0x100001c5
10000110:	100001c1 	.word	0x100001c1
10000114:	100001c1 	.word	0x100001c1
10000118:	100001c1 	.word	0x100001c1
1000011c:	100001c1 	.word	0x100001c1
10000120:	100001c1 	.word	0x100001c1
10000124:	100001c1 	.word	0x100001c1
10000128:	100001c1 	.word	0x100001c1
1000012c:	100001c7 	.word	0x100001c7
10000130:	100001c1 	.word	0x100001c1
10000134:	100001c1 	.word	0x100001c1
10000138:	10008b71 	.word	0x10008b71
1000013c:	10008bd5 	.word	0x10008bd5
10000140:	100001cd 	.word	0x100001cd
10000144:	100001cd 	.word	0x100001cd
10000148:	100001cd 	.word	0x100001cd
1000014c:	100001cd 	.word	0x100001cd
10000150:	100001cd 	.word	0x100001cd
10000154:	100001cd 	.word	0x100001cd
10000158:	100001cd 	.word	0x100001cd
1000015c:	100001cd 	.word	0x100001cd
10000160:	100001cd 	.word	0x100001cd
10000164:	100001cd 	.word	0x100001cd
10000168:	100001cd 	.word	0x100001cd
1000016c:	100001cd 	.word	0x100001cd
10000170:	100001cd 	.word	0x100001cd
10000174:	100001cd 	.word	0x100001cd
10000178:	100001cd 	.word	0x100001cd
1000017c:	100001cd 	.word	0x100001cd
10000180:	100001cd 	.word	0x100001cd
10000184:	100001cd 	.word	0x100001cd
10000188:	100001cd 	.word	0x100001cd
1000018c:	100001cd 	.word	0x100001cd
10000190:	100001cd 	.word	0x100001cd
10000194:	100001cd 	.word	0x100001cd
10000198:	100001cd 	.word	0x100001cd
1000019c:	100001cd 	.word	0x100001cd
100001a0:	100001cd 	.word	0x100001cd
100001a4:	100001cd 	.word	0x100001cd
100001a8:	100001cd 	.word	0x100001cd
100001ac:	100001cd 	.word	0x100001cd
100001b0:	100001cd 	.word	0x100001cd
100001b4:	100001cd 	.word	0x100001cd
100001b8:	100001cd 	.word	0x100001cd
100001bc:	100001cd 	.word	0x100001cd

100001c0 <isr_invalid>:
100001c0:	be00      	bkpt	0x0000

100001c2 <isr_nmi>:
100001c2:	be00      	bkpt	0x0000

100001c4 <isr_hardfault>:
100001c4:	be00      	bkpt	0x0000

100001c6 <isr_svcall>:
100001c6:	be00      	bkpt	0x0000
100001c8:	be00      	bkpt	0x0000
100001ca:	be00      	bkpt	0x0000

100001cc <__unhandled_user_irq>:
100001cc:	f3ef 8005 	mrs	r0, IPSR
100001d0:	3810      	subs	r0, #16

100001d2 <unhandled_user_irq_num_in_r0>:
100001d2:	be00      	bkpt	0x0000

100001d4 <binary_info_header>:
100001d4:	7188ebf2 	.word	0x7188ebf2
100001d8:	1000a924 	.word	0x1000a924
100001dc:	1000a94c 	.word	0x1000a94c
100001e0:	10000234 	.word	0x10000234
100001e4:	e71aa390 	.word	0xe71aa390

100001e8 <_entry_point>:
100001e8:	2000      	movs	r0, #0
100001ea:	491f      	ldr	r1, [pc, #124]	; (10000268 <hold_non_core0_in_bootrom+0xa>)
100001ec:	6008      	str	r0, [r1, #0]
100001ee:	c806      	ldmia	r0!, {r1, r2}
100001f0:	f381 8808 	msr	MSP, r1
100001f4:	4710      	bx	r2

100001f6 <_reset_handler>:
100001f6:	481d      	ldr	r0, [pc, #116]	; (1000026c <hold_non_core0_in_bootrom+0xe>)
100001f8:	6800      	ldr	r0, [r0, #0]
100001fa:	2800      	cmp	r0, #0
100001fc:	d12f      	bne.n	1000025e <hold_non_core0_in_bootrom>
100001fe:	a40d      	add	r4, pc, #52	; (adr r4, 10000234 <data_cpy_table>)
10000200:	cc0e      	ldmia	r4!, {r1, r2, r3}
10000202:	2900      	cmp	r1, #0
10000204:	d002      	beq.n	1000020c <_reset_handler+0x16>
10000206:	f000 f812 	bl	1000022e <data_cpy>
1000020a:	e7f9      	b.n	10000200 <_reset_handler+0xa>
1000020c:	4918      	ldr	r1, [pc, #96]	; (10000270 <hold_non_core0_in_bootrom+0x12>)
1000020e:	4a19      	ldr	r2, [pc, #100]	; (10000274 <hold_non_core0_in_bootrom+0x16>)
10000210:	2000      	movs	r0, #0
10000212:	e000      	b.n	10000216 <bss_fill_test>

10000214 <bss_fill_loop>:
10000214:	c101      	stmia	r1!, {r0}

10000216 <bss_fill_test>:
10000216:	4291      	cmp	r1, r2
10000218:	d1fc      	bne.n	10000214 <bss_fill_loop>

1000021a <platform_entry>:
1000021a:	4917      	ldr	r1, [pc, #92]	; (10000278 <hold_non_core0_in_bootrom+0x1a>)
1000021c:	4788      	blx	r1
1000021e:	4917      	ldr	r1, [pc, #92]	; (1000027c <hold_non_core0_in_bootrom+0x1e>)
10000220:	4788      	blx	r1
10000222:	4917      	ldr	r1, [pc, #92]	; (10000280 <hold_non_core0_in_bootrom+0x22>)
10000224:	4788      	blx	r1
10000226:	be00      	bkpt	0x0000
10000228:	e7fd      	b.n	10000226 <platform_entry+0xc>

1000022a <data_cpy_loop>:
1000022a:	c901      	ldmia	r1!, {r0}
1000022c:	c201      	stmia	r2!, {r0}

1000022e <data_cpy>:
1000022e:	429a      	cmp	r2, r3
10000230:	d3fb      	bcc.n	1000022a <data_cpy_loop>
10000232:	4770      	bx	lr

10000234 <data_cpy_table>:
10000234:	1000a94c 	.word	0x1000a94c
10000238:	200000c0 	.word	0x200000c0
1000023c:	20000cec 	.word	0x20000cec
10000240:	1000b578 	.word	0x1000b578
10000244:	20040000 	.word	0x20040000
10000248:	20040000 	.word	0x20040000
1000024c:	1000b578 	.word	0x1000b578
10000250:	20041000 	.word	0x20041000
10000254:	20041000 	.word	0x20041000
10000258:	00000000 	.word	0x00000000
1000025c:	4770      	bx	lr

1000025e <hold_non_core0_in_bootrom>:
1000025e:	4809      	ldr	r0, [pc, #36]	; (10000284 <hold_non_core0_in_bootrom+0x26>)
10000260:	f003 fd70 	bl	10003d44 <rom_func_lookup>
10000264:	4700      	bx	r0
10000266:	0000      	.short	0x0000
10000268:	e000ed08 	.word	0xe000ed08
1000026c:	d0000000 	.word	0xd0000000
10000270:	20000cf0 	.word	0x20000cf0
10000274:	20012000 	.word	0x20012000
10000278:	10002a91 	.word	0x10002a91
1000027c:	100006dd 	.word	0x100006dd
10000280:	10002a4d 	.word	0x10002a4d
10000284:	00005657 	.word	0x00005657

10000288 <__bi_50>:
10000288:	50520006 5360b3ab 1000a128              ..RP..`S(...

10000294 <__bi_38>:
10000294:	50520006 02031c86 1000a138              ..RP....8...

100002a0 <__bi_30>:
100002a0:	50520006 9da22254 1000a148              ..RPT"..H...

100002ac <__bi_22>:
100002ac:	50520005 68f465de 1000b578              ..RP.e.hx...

100002b8 <_init>:
100002b8:	b5f8      	push	{r3, r4, r5, r6, r7, lr}
100002ba:	46c0      	nop			; (mov r8, r8)

100002bc <__do_global_dtors_aux>:
100002bc:	b510      	push	{r4, lr}
100002be:	4c06      	ldr	r4, [pc, #24]	; (100002d8 <__do_global_dtors_aux+0x1c>)
100002c0:	7823      	ldrb	r3, [r4, #0]
100002c2:	2b00      	cmp	r3, #0
100002c4:	d107      	bne.n	100002d6 <__do_global_dtors_aux+0x1a>
100002c6:	4b05      	ldr	r3, [pc, #20]	; (100002dc <__do_global_dtors_aux+0x20>)
100002c8:	2b00      	cmp	r3, #0
100002ca:	d002      	beq.n	100002d2 <__do_global_dtors_aux+0x16>
100002cc:	4804      	ldr	r0, [pc, #16]	; (100002e0 <__do_global_dtors_aux+0x24>)
100002ce:	e000      	b.n	100002d2 <__do_global_dtors_aux+0x16>
100002d0:	bf00      	nop
100002d2:	2301      	movs	r3, #1
100002d4:	7023      	strb	r3, [r4, #0]
100002d6:	bd10      	pop	{r4, pc}
100002d8:	20000df8 	.word	0x20000df8
100002dc:	00000000 	.word	0x00000000
100002e0:	10008e40 	.word	0x10008e40

100002e4 <frame_dummy>:
100002e4:	4b04      	ldr	r3, [pc, #16]	; (100002f8 <frame_dummy+0x14>)
100002e6:	b510      	push	{r4, lr}
100002e8:	2b00      	cmp	r3, #0
100002ea:	d003      	beq.n	100002f4 <frame_dummy+0x10>
100002ec:	4903      	ldr	r1, [pc, #12]	; (100002fc <frame_dummy+0x18>)
100002ee:	4804      	ldr	r0, [pc, #16]	; (10000300 <frame_dummy+0x1c>)
100002f0:	e000      	b.n	100002f4 <frame_dummy+0x10>
100002f2:	bf00      	nop
100002f4:	bd10      	pop	{r4, pc}
100002f6:	46c0      	nop			; (mov r8, r8)
100002f8:	00000000 	.word	0x00000000
100002fc:	20000dfc 	.word	0x20000dfc
10000300:	10008e40 	.word	0x10008e40

10000304 <vEventGroupSetBitsCallback>:
10000304:	4770      	bx	lr
	...

10000308 <_Z16scan_i2c_ao_vivov>:
10000308:	b530      	push	{r4, r5, lr}
1000030a:	b087      	sub	sp, #28
1000030c:	481e      	ldr	r0, [pc, #120]	; (10000388 <_Z16scan_i2c_ao_vivov+0x80>)
1000030e:	f004 faef 	bl	100048f0 <__wrap_puts>
10000312:	2400      	movs	r4, #0
10000314:	e010      	b.n	10000338 <_Z16scan_i2c_ao_vivov+0x30>
10000316:	4b1d      	ldr	r3, [pc, #116]	; (1000038c <_Z16scan_i2c_ao_vivov+0x84>)
10000318:	4a1d      	ldr	r2, [pc, #116]	; (10000390 <_Z16scan_i2c_ao_vivov+0x88>)
1000031a:	213f      	movs	r1, #63	; 0x3f
1000031c:	481d      	ldr	r0, [pc, #116]	; (10000394 <_Z16scan_i2c_ao_vivov+0x8c>)
1000031e:	f002 fb99 	bl	10002a54 <__assert_func>
10000322:	2201      	movs	r2, #1
10000324:	4252      	negs	r2, r2
10000326:	4b1c      	ldr	r3, [pc, #112]	; (10000398 <_Z16scan_i2c_ao_vivov+0x90>)
10000328:	e014      	b.n	10000354 <_Z16scan_i2c_ao_vivov+0x4c>
1000032a:	4b18      	ldr	r3, [pc, #96]	; (1000038c <_Z16scan_i2c_ao_vivov+0x84>)
1000032c:	4a18      	ldr	r2, [pc, #96]	; (10000390 <_Z16scan_i2c_ao_vivov+0x88>)
1000032e:	213f      	movs	r1, #63	; 0x3f
10000330:	4818      	ldr	r0, [pc, #96]	; (10000394 <_Z16scan_i2c_ao_vivov+0x8c>)
10000332:	f002 fb8f 	bl	10002a54 <__assert_func>
10000336:	3401      	adds	r4, #1
10000338:	2c7f      	cmp	r4, #127	; 0x7f
1000033a:	dc1f      	bgt.n	1000037c <_Z16scan_i2c_ao_vivov+0x74>
1000033c:	b2e5      	uxtb	r5, r4
1000033e:	f001 fd55 	bl	10001dec <time_us_64>
10000342:	0002      	movs	r2, r0
10000344:	1e0b      	subs	r3, r1, #0
10000346:	dbe6      	blt.n	10000316 <_Z16scan_i2c_ao_vivov+0xe>
10000348:	4814      	ldr	r0, [pc, #80]	; (1000039c <_Z16scan_i2c_ao_vivov+0x94>)
1000034a:	2100      	movs	r1, #0
1000034c:	1812      	adds	r2, r2, r0
1000034e:	414b      	adcs	r3, r1
10000350:	2b00      	cmp	r3, #0
10000352:	dbe6      	blt.n	10000322 <_Z16scan_i2c_ao_vivov+0x1a>
10000354:	2b00      	cmp	r3, #0
10000356:	dbe8      	blt.n	1000032a <_Z16scan_i2c_ao_vivov+0x22>
10000358:	9202      	str	r2, [sp, #8]
1000035a:	9303      	str	r3, [sp, #12]
1000035c:	2300      	movs	r3, #0
1000035e:	9300      	str	r3, [sp, #0]
10000360:	3301      	adds	r3, #1
10000362:	2217      	movs	r2, #23
10000364:	446a      	add	r2, sp
10000366:	0029      	movs	r1, r5
10000368:	480d      	ldr	r0, [pc, #52]	; (100003a0 <_Z16scan_i2c_ao_vivov+0x98>)
1000036a:	f007 f8ee 	bl	1000754a <i2c_read_blocking_until>
1000036e:	2800      	cmp	r0, #0
10000370:	dbe1      	blt.n	10000336 <_Z16scan_i2c_ao_vivov+0x2e>
10000372:	0021      	movs	r1, r4
10000374:	480b      	ldr	r0, [pc, #44]	; (100003a4 <_Z16scan_i2c_ao_vivov+0x9c>)
10000376:	f004 faeb 	bl	10004950 <__wrap_printf>
1000037a:	e7dc      	b.n	10000336 <_Z16scan_i2c_ao_vivov+0x2e>
1000037c:	480a      	ldr	r0, [pc, #40]	; (100003a8 <_Z16scan_i2c_ao_vivov+0xa0>)
1000037e:	f004 fab7 	bl	100048f0 <__wrap_puts>
10000382:	b007      	add	sp, #28
10000384:	bd30      	pop	{r4, r5, pc}
10000386:	46c0      	nop			; (mov r8, r8)
10000388:	10008e40 	.word	0x10008e40
1000038c:	10008e70 	.word	0x10008e70
10000390:	10008e8c 	.word	0x10008e8c
10000394:	10008ec4 	.word	0x10008ec4
10000398:	7fffffff 	.word	0x7fffffff
1000039c:	00002710 	.word	0x00002710
100003a0:	20000cb0 	.word	0x20000cb0
100003a4:	10008f28 	.word	0x10008f28
100003a8:	10008f54 	.word	0x10008f54

100003ac <_Z14task_principalPv>:
100003ac:	b5f0      	push	{r4, r5, r6, r7, lr}
100003ae:	46c6      	mov	lr, r8
100003b0:	b500      	push	{lr}
100003b2:	b092      	sub	sp, #72	; 0x48
100003b4:	f007 f8e8 	bl	10007588 <adc_init>
100003b8:	211f      	movs	r1, #31
100003ba:	201a      	movs	r0, #26
100003bc:	f000 fa70 	bl	100008a0 <gpio_set_function>
100003c0:	2200      	movs	r2, #0
100003c2:	2100      	movs	r1, #0
100003c4:	201a      	movs	r0, #26
100003c6:	f000 fa83 	bl	100008d0 <gpio_set_pulls>
100003ca:	2100      	movs	r1, #0
100003cc:	201a      	movs	r0, #26
100003ce:	f000 fa99 	bl	10000904 <gpio_set_input_enabled>
100003d2:	200c      	movs	r0, #12
100003d4:	f000 faae 	bl	10000934 <gpio_init>
100003d8:	23d0      	movs	r3, #208	; 0xd0
100003da:	061b      	lsls	r3, r3, #24
100003dc:	2280      	movs	r2, #128	; 0x80
100003de:	0152      	lsls	r2, r2, #5
100003e0:	625a      	str	r2, [r3, #36]	; 0x24
100003e2:	20fa      	movs	r0, #250	; 0xfa
100003e4:	00c0      	lsls	r0, r0, #3
100003e6:	f007 fe49 	bl	1000807c <vTaskDelay>
100003ea:	f7ff ff8d 	bl	10000308 <_Z16scan_i2c_ao_vivov>
100003ee:	e0a5      	b.n	1000053c <_Z14task_principalPv+0x190>
100003f0:	4ba1      	ldr	r3, [pc, #644]	; (10000678 <_Z14task_principalPv+0x2cc>)
100003f2:	4aa2      	ldr	r2, [pc, #648]	; (1000067c <_Z14task_principalPv+0x2d0>)
100003f4:	213f      	movs	r1, #63	; 0x3f
100003f6:	48a2      	ldr	r0, [pc, #648]	; (10000680 <_Z14task_principalPv+0x2d4>)
100003f8:	f002 fb2c 	bl	10002a54 <__assert_func>
100003fc:	2201      	movs	r2, #1
100003fe:	4252      	negs	r2, r2
10000400:	4ba0      	ldr	r3, [pc, #640]	; (10000684 <_Z14task_principalPv+0x2d8>)
10000402:	e0bc      	b.n	1000057e <_Z14task_principalPv+0x1d2>
10000404:	4b9c      	ldr	r3, [pc, #624]	; (10000678 <_Z14task_principalPv+0x2cc>)
10000406:	4a9d      	ldr	r2, [pc, #628]	; (1000067c <_Z14task_principalPv+0x2d0>)
10000408:	213f      	movs	r1, #63	; 0x3f
1000040a:	489d      	ldr	r0, [pc, #628]	; (10000680 <_Z14task_principalPv+0x2d4>)
1000040c:	f002 fb22 	bl	10002a54 <__assert_func>
10000410:	ab06      	add	r3, sp, #24
10000412:	7818      	ldrb	r0, [r3, #0]
10000414:	0200      	lsls	r0, r0, #8
10000416:	785b      	ldrb	r3, [r3, #1]
10000418:	4318      	orrs	r0, r3
1000041a:	f004 f8c1 	bl	100045a0 <__wrap___aeabi_i2f>
1000041e:	499a      	ldr	r1, [pc, #616]	; (10000688 <_Z14task_principalPv+0x2dc>)
10000420:	f004 f89d 	bl	1000455e <__wrap___aeabi_fdiv>
10000424:	4b99      	ldr	r3, [pc, #612]	; (1000068c <_Z14task_principalPv+0x2e0>)
10000426:	6018      	str	r0, [r3, #0]
10000428:	e0b9      	b.n	1000059e <_Z14task_principalPv+0x1f2>
1000042a:	4b93      	ldr	r3, [pc, #588]	; (10000678 <_Z14task_principalPv+0x2cc>)
1000042c:	4a93      	ldr	r2, [pc, #588]	; (1000067c <_Z14task_principalPv+0x2d0>)
1000042e:	213f      	movs	r1, #63	; 0x3f
10000430:	4893      	ldr	r0, [pc, #588]	; (10000680 <_Z14task_principalPv+0x2d4>)
10000432:	f002 fb0f 	bl	10002a54 <__assert_func>
10000436:	2201      	movs	r2, #1
10000438:	4252      	negs	r2, r2
1000043a:	4b92      	ldr	r3, [pc, #584]	; (10000684 <_Z14task_principalPv+0x2d8>)
1000043c:	e0c2      	b.n	100005c4 <_Z14task_principalPv+0x218>
1000043e:	4b8e      	ldr	r3, [pc, #568]	; (10000678 <_Z14task_principalPv+0x2cc>)
10000440:	4a8e      	ldr	r2, [pc, #568]	; (1000067c <_Z14task_principalPv+0x2d0>)
10000442:	213f      	movs	r1, #63	; 0x3f
10000444:	488e      	ldr	r0, [pc, #568]	; (10000680 <_Z14task_principalPv+0x2d4>)
10000446:	f002 fb05 	bl	10002a54 <__assert_func>
1000044a:	4b8b      	ldr	r3, [pc, #556]	; (10000678 <_Z14task_principalPv+0x2cc>)
1000044c:	4a8b      	ldr	r2, [pc, #556]	; (1000067c <_Z14task_principalPv+0x2d0>)
1000044e:	213f      	movs	r1, #63	; 0x3f
10000450:	488b      	ldr	r0, [pc, #556]	; (10000680 <_Z14task_principalPv+0x2d4>)
10000452:	f002 faff 	bl	10002a54 <__assert_func>
10000456:	2201      	movs	r2, #1
10000458:	4252      	negs	r2, r2
1000045a:	4b8a      	ldr	r3, [pc, #552]	; (10000684 <_Z14task_principalPv+0x2d8>)
1000045c:	e0cf      	b.n	100005fe <_Z14task_principalPv+0x252>
1000045e:	4b86      	ldr	r3, [pc, #536]	; (10000678 <_Z14task_principalPv+0x2cc>)
10000460:	4a86      	ldr	r2, [pc, #536]	; (1000067c <_Z14task_principalPv+0x2d0>)
10000462:	213f      	movs	r1, #63	; 0x3f
10000464:	4886      	ldr	r0, [pc, #536]	; (10000680 <_Z14task_principalPv+0x2d4>)
10000466:	f002 faf5 	bl	10002a54 <__assert_func>
1000046a:	4c89      	ldr	r4, [pc, #548]	; (10000690 <_Z14task_principalPv+0x2e4>)
1000046c:	2100      	movs	r1, #0
1000046e:	0020      	movs	r0, r4
10000470:	f000 f9ac 	bl	100007cc <ssd1306_fill>
10000474:	2302      	movs	r3, #2
10000476:	220a      	movs	r2, #10
10000478:	4986      	ldr	r1, [pc, #536]	; (10000694 <_Z14task_principalPv+0x2e8>)
1000047a:	0020      	movs	r0, r4
1000047c:	f000 f9b2 	bl	100007e4 <ssd1306_draw_string>
10000480:	230c      	movs	r3, #12
10000482:	2214      	movs	r2, #20
10000484:	4984      	ldr	r1, [pc, #528]	; (10000698 <_Z14task_principalPv+0x2ec>)
10000486:	0020      	movs	r0, r4
10000488:	f000 f9ac 	bl	100007e4 <ssd1306_draw_string>
1000048c:	4f83      	ldr	r7, [pc, #524]	; (1000069c <_Z14task_principalPv+0x2f0>)
1000048e:	683a      	ldr	r2, [r7, #0]
10000490:	4983      	ldr	r1, [pc, #524]	; (100006a0 <_Z14task_principalPv+0x2f4>)
10000492:	a80a      	add	r0, sp, #40	; 0x28
10000494:	f003 fc2a 	bl	10003cec <__wrap_sprintf>
10000498:	231c      	movs	r3, #28
1000049a:	2205      	movs	r2, #5
1000049c:	a90a      	add	r1, sp, #40	; 0x28
1000049e:	0020      	movs	r0, r4
100004a0:	f000 f9a0 	bl	100007e4 <ssd1306_draw_string>
100004a4:	4e79      	ldr	r6, [pc, #484]	; (1000068c <_Z14task_principalPv+0x2e0>)
100004a6:	6830      	ldr	r0, [r6, #0]
100004a8:	f004 f89c 	bl	100045e4 <__wrap___aeabi_f2d>
100004ac:	0002      	movs	r2, r0
100004ae:	000b      	movs	r3, r1
100004b0:	497c      	ldr	r1, [pc, #496]	; (100006a4 <_Z14task_principalPv+0x2f8>)
100004b2:	a80a      	add	r0, sp, #40	; 0x28
100004b4:	f003 fc1a 	bl	10003cec <__wrap_sprintf>
100004b8:	232a      	movs	r3, #42	; 0x2a
100004ba:	2205      	movs	r2, #5
100004bc:	a90a      	add	r1, sp, #40	; 0x28
100004be:	0020      	movs	r0, r4
100004c0:	f000 f990 	bl	100007e4 <ssd1306_draw_string>
100004c4:	4d78      	ldr	r5, [pc, #480]	; (100006a8 <_Z14task_principalPv+0x2fc>)
100004c6:	6828      	ldr	r0, [r5, #0]
100004c8:	4b78      	ldr	r3, [pc, #480]	; (100006ac <_Z14task_principalPv+0x300>)
100004ca:	681b      	ldr	r3, [r3, #0]
100004cc:	4698      	mov	r8, r3
100004ce:	f004 f889 	bl	100045e4 <__wrap___aeabi_f2d>
100004d2:	9004      	str	r0, [sp, #16]
100004d4:	9105      	str	r1, [sp, #20]
100004d6:	4640      	mov	r0, r8
100004d8:	f004 f884 	bl	100045e4 <__wrap___aeabi_f2d>
100004dc:	9000      	str	r0, [sp, #0]
100004de:	9101      	str	r1, [sp, #4]
100004e0:	9a04      	ldr	r2, [sp, #16]
100004e2:	9b05      	ldr	r3, [sp, #20]
100004e4:	4972      	ldr	r1, [pc, #456]	; (100006b0 <_Z14task_principalPv+0x304>)
100004e6:	a80a      	add	r0, sp, #40	; 0x28
100004e8:	f003 fc00 	bl	10003cec <__wrap_sprintf>
100004ec:	2336      	movs	r3, #54	; 0x36
100004ee:	2205      	movs	r2, #5
100004f0:	a90a      	add	r1, sp, #40	; 0x28
100004f2:	0020      	movs	r0, r4
100004f4:	f000 f976 	bl	100007e4 <ssd1306_draw_string>
100004f8:	0020      	movs	r0, r4
100004fa:	f000 f9a1 	bl	10000840 <ssd1306_show>
100004fe:	683f      	ldr	r7, [r7, #0]
10000500:	6830      	ldr	r0, [r6, #0]
10000502:	682e      	ldr	r6, [r5, #0]
10000504:	f004 f86e 	bl	100045e4 <__wrap___aeabi_f2d>
10000508:	0004      	movs	r4, r0
1000050a:	000d      	movs	r5, r1
1000050c:	1c30      	adds	r0, r6, #0
1000050e:	f004 f869 	bl	100045e4 <__wrap___aeabi_f2d>
10000512:	9000      	str	r0, [sp, #0]
10000514:	9101      	str	r1, [sp, #4]
10000516:	0022      	movs	r2, r4
10000518:	002b      	movs	r3, r5
1000051a:	0039      	movs	r1, r7
1000051c:	4865      	ldr	r0, [pc, #404]	; (100006b4 <_Z14task_principalPv+0x308>)
1000051e:	f004 fa17 	bl	10004950 <__wrap_printf>
10000522:	24d0      	movs	r4, #208	; 0xd0
10000524:	0624      	lsls	r4, r4, #24
10000526:	2580      	movs	r5, #128	; 0x80
10000528:	016d      	lsls	r5, r5, #5
1000052a:	6165      	str	r5, [r4, #20]
1000052c:	2064      	movs	r0, #100	; 0x64
1000052e:	f007 fda5 	bl	1000807c <vTaskDelay>
10000532:	61a5      	str	r5, [r4, #24]
10000534:	20e1      	movs	r0, #225	; 0xe1
10000536:	0080      	lsls	r0, r0, #2
10000538:	f007 fda0 	bl	1000807c <vTaskDelay>
1000053c:	4b5e      	ldr	r3, [pc, #376]	; (100006b8 <_Z14task_principalPv+0x30c>)
1000053e:	681b      	ldr	r3, [r3, #0]
10000540:	22e0      	movs	r2, #224	; 0xe0
10000542:	01d2      	lsls	r2, r2, #7
10000544:	4013      	ands	r3, r2
10000546:	4a5d      	ldr	r2, [pc, #372]	; (100006bc <_Z14task_principalPv+0x310>)
10000548:	6013      	str	r3, [r2, #0]
1000054a:	4b5d      	ldr	r3, [pc, #372]	; (100006c0 <_Z14task_principalPv+0x314>)
1000054c:	2204      	movs	r2, #4
1000054e:	601a      	str	r2, [r3, #0]
10000550:	4b59      	ldr	r3, [pc, #356]	; (100006b8 <_Z14task_principalPv+0x30c>)
10000552:	681b      	ldr	r3, [r3, #0]
10000554:	05db      	lsls	r3, r3, #23
10000556:	d5fb      	bpl.n	10000550 <_Z14task_principalPv+0x1a4>
10000558:	4b57      	ldr	r3, [pc, #348]	; (100006b8 <_Z14task_principalPv+0x30c>)
1000055a:	685b      	ldr	r3, [r3, #4]
1000055c:	041b      	lsls	r3, r3, #16
1000055e:	0c1b      	lsrs	r3, r3, #16
10000560:	4a4e      	ldr	r2, [pc, #312]	; (1000069c <_Z14task_principalPv+0x2f0>)
10000562:	6013      	str	r3, [r2, #0]
10000564:	f001 fc42 	bl	10001dec <time_us_64>
10000568:	0002      	movs	r2, r0
1000056a:	1e0b      	subs	r3, r1, #0
1000056c:	da00      	bge.n	10000570 <_Z14task_principalPv+0x1c4>
1000056e:	e73f      	b.n	100003f0 <_Z14task_principalPv+0x44>
10000570:	4854      	ldr	r0, [pc, #336]	; (100006c4 <_Z14task_principalPv+0x318>)
10000572:	2100      	movs	r1, #0
10000574:	1812      	adds	r2, r2, r0
10000576:	414b      	adcs	r3, r1
10000578:	2b00      	cmp	r3, #0
1000057a:	da00      	bge.n	1000057e <_Z14task_principalPv+0x1d2>
1000057c:	e73e      	b.n	100003fc <_Z14task_principalPv+0x50>
1000057e:	2b00      	cmp	r3, #0
10000580:	da00      	bge.n	10000584 <_Z14task_principalPv+0x1d8>
10000582:	e73f      	b.n	10000404 <_Z14task_principalPv+0x58>
10000584:	9202      	str	r2, [sp, #8]
10000586:	9303      	str	r3, [sp, #12]
10000588:	2300      	movs	r3, #0
1000058a:	9300      	str	r3, [sp, #0]
1000058c:	3302      	adds	r3, #2
1000058e:	aa06      	add	r2, sp, #24
10000590:	2123      	movs	r1, #35	; 0x23
10000592:	484d      	ldr	r0, [pc, #308]	; (100006c8 <_Z14task_principalPv+0x31c>)
10000594:	f006 ffd9 	bl	1000754a <i2c_read_blocking_until>
10000598:	2802      	cmp	r0, #2
1000059a:	d100      	bne.n	1000059e <_Z14task_principalPv+0x1f2>
1000059c:	e738      	b.n	10000410 <_Z14task_principalPv+0x64>
1000059e:	ab07      	add	r3, sp, #28
100005a0:	4a4a      	ldr	r2, [pc, #296]	; (100006cc <_Z14task_principalPv+0x320>)
100005a2:	8811      	ldrh	r1, [r2, #0]
100005a4:	8019      	strh	r1, [r3, #0]
100005a6:	7892      	ldrb	r2, [r2, #2]
100005a8:	709a      	strb	r2, [r3, #2]
100005aa:	f001 fc1f 	bl	10001dec <time_us_64>
100005ae:	0002      	movs	r2, r0
100005b0:	1e0b      	subs	r3, r1, #0
100005b2:	da00      	bge.n	100005b6 <_Z14task_principalPv+0x20a>
100005b4:	e739      	b.n	1000042a <_Z14task_principalPv+0x7e>
100005b6:	4843      	ldr	r0, [pc, #268]	; (100006c4 <_Z14task_principalPv+0x318>)
100005b8:	2100      	movs	r1, #0
100005ba:	1812      	adds	r2, r2, r0
100005bc:	414b      	adcs	r3, r1
100005be:	2b00      	cmp	r3, #0
100005c0:	da00      	bge.n	100005c4 <_Z14task_principalPv+0x218>
100005c2:	e738      	b.n	10000436 <_Z14task_principalPv+0x8a>
100005c4:	2b00      	cmp	r3, #0
100005c6:	da00      	bge.n	100005ca <_Z14task_principalPv+0x21e>
100005c8:	e739      	b.n	1000043e <_Z14task_principalPv+0x92>
100005ca:	9202      	str	r2, [sp, #8]
100005cc:	9303      	str	r3, [sp, #12]
100005ce:	2300      	movs	r3, #0
100005d0:	9300      	str	r3, [sp, #0]
100005d2:	3303      	adds	r3, #3
100005d4:	aa07      	add	r2, sp, #28
100005d6:	2138      	movs	r1, #56	; 0x38
100005d8:	483b      	ldr	r0, [pc, #236]	; (100006c8 <_Z14task_principalPv+0x31c>)
100005da:	f006 ff97 	bl	1000750c <i2c_write_blocking_until>
100005de:	2064      	movs	r0, #100	; 0x64
100005e0:	f007 fd4c 	bl	1000807c <vTaskDelay>
100005e4:	f001 fc02 	bl	10001dec <time_us_64>
100005e8:	0002      	movs	r2, r0
100005ea:	1e0b      	subs	r3, r1, #0
100005ec:	da00      	bge.n	100005f0 <_Z14task_principalPv+0x244>
100005ee:	e72c      	b.n	1000044a <_Z14task_principalPv+0x9e>
100005f0:	4834      	ldr	r0, [pc, #208]	; (100006c4 <_Z14task_principalPv+0x318>)
100005f2:	2100      	movs	r1, #0
100005f4:	1812      	adds	r2, r2, r0
100005f6:	414b      	adcs	r3, r1
100005f8:	2b00      	cmp	r3, #0
100005fa:	da00      	bge.n	100005fe <_Z14task_principalPv+0x252>
100005fc:	e72b      	b.n	10000456 <_Z14task_principalPv+0xaa>
100005fe:	2b00      	cmp	r3, #0
10000600:	da00      	bge.n	10000604 <_Z14task_principalPv+0x258>
10000602:	e72c      	b.n	1000045e <_Z14task_principalPv+0xb2>
10000604:	9202      	str	r2, [sp, #8]
10000606:	9303      	str	r3, [sp, #12]
10000608:	2300      	movs	r3, #0
1000060a:	9300      	str	r3, [sp, #0]
1000060c:	3306      	adds	r3, #6
1000060e:	aa08      	add	r2, sp, #32
10000610:	2138      	movs	r1, #56	; 0x38
10000612:	482d      	ldr	r0, [pc, #180]	; (100006c8 <_Z14task_principalPv+0x31c>)
10000614:	f006 ff99 	bl	1000754a <i2c_read_blocking_until>
10000618:	2806      	cmp	r0, #6
1000061a:	d000      	beq.n	1000061e <_Z14task_principalPv+0x272>
1000061c:	e725      	b.n	1000046a <_Z14task_principalPv+0xbe>
1000061e:	aa08      	add	r2, sp, #32
10000620:	7850      	ldrb	r0, [r2, #1]
10000622:	0300      	lsls	r0, r0, #12
10000624:	7893      	ldrb	r3, [r2, #2]
10000626:	011b      	lsls	r3, r3, #4
10000628:	4318      	orrs	r0, r3
1000062a:	78d4      	ldrb	r4, [r2, #3]
1000062c:	0921      	lsrs	r1, r4, #4
1000062e:	4308      	orrs	r0, r1
10000630:	0424      	lsls	r4, r4, #16
10000632:	23f0      	movs	r3, #240	; 0xf0
10000634:	031b      	lsls	r3, r3, #12
10000636:	401c      	ands	r4, r3
10000638:	7913      	ldrb	r3, [r2, #4]
1000063a:	021b      	lsls	r3, r3, #8
1000063c:	431c      	orrs	r4, r3
1000063e:	7953      	ldrb	r3, [r2, #5]
10000640:	431c      	orrs	r4, r3
10000642:	f003 ffa7 	bl	10004594 <__wrap___aeabi_ui2f>
10000646:	4922      	ldr	r1, [pc, #136]	; (100006d0 <_Z14task_principalPv+0x324>)
10000648:	f003 ff9d 	bl	10004586 <__wrap___aeabi_fmul>
1000064c:	21d6      	movs	r1, #214	; 0xd6
1000064e:	0589      	lsls	r1, r1, #22
10000650:	f003 ff99 	bl	10004586 <__wrap___aeabi_fmul>
10000654:	4b14      	ldr	r3, [pc, #80]	; (100006a8 <_Z14task_principalPv+0x2fc>)
10000656:	6018      	str	r0, [r3, #0]
10000658:	0020      	movs	r0, r4
1000065a:	f003 ff9b 	bl	10004594 <__wrap___aeabi_ui2f>
1000065e:	491d      	ldr	r1, [pc, #116]	; (100006d4 <_Z14task_principalPv+0x328>)
10000660:	f003 ff91 	bl	10004586 <__wrap___aeabi_fmul>
10000664:	21d6      	movs	r1, #214	; 0xd6
10000666:	0589      	lsls	r1, r1, #22
10000668:	f003 ff8d 	bl	10004586 <__wrap___aeabi_fmul>
1000066c:	491a      	ldr	r1, [pc, #104]	; (100006d8 <_Z14task_principalPv+0x32c>)
1000066e:	f003 ff70 	bl	10004552 <__wrap___aeabi_fsub>
10000672:	4b0e      	ldr	r3, [pc, #56]	; (100006ac <_Z14task_principalPv+0x300>)
10000674:	6018      	str	r0, [r3, #0]
10000676:	e6f8      	b.n	1000046a <_Z14task_principalPv+0xbe>
10000678:	10008e70 	.word	0x10008e70
1000067c:	10008e8c 	.word	0x10008e8c
10000680:	10008ec4 	.word	0x10008ec4
10000684:	7fffffff 	.word	0x7fffffff
10000688:	3f99999a 	.word	0x3f99999a
1000068c:	20001828 	.word	0x20001828
10000690:	2000140c 	.word	0x2000140c
10000694:	10008f6c 	.word	0x10008f6c
10000698:	10008f7c 	.word	0x10008f7c
1000069c:	20001824 	.word	0x20001824
100006a0:	10008f8c 	.word	0x10008f8c
100006a4:	10008f98 	.word	0x10008f98
100006a8:	20001830 	.word	0x20001830
100006ac:	2000182c 	.word	0x2000182c
100006b0:	10008fa8 	.word	0x10008fa8
100006b4:	10008fbc 	.word	0x10008fbc
100006b8:	4004c000 	.word	0x4004c000
100006bc:	4004d000 	.word	0x4004d000
100006c0:	4004e000 	.word	0x4004e000
100006c4:	00004e20 	.word	0x00004e20
100006c8:	20000cb0 	.word	0x20000cb0
100006cc:	10008fe4 	.word	0x10008fe4
100006d0:	42c80000 	.word	0x42c80000
100006d4:	43480000 	.word	0x43480000
100006d8:	42480000 	.word	0x42480000

100006dc <main>:
100006dc:	b510      	push	{r4, lr}
100006de:	b082      	sub	sp, #8
100006e0:	f004 f942 	bl	10004968 <stdio_init_all>
100006e4:	4c17      	ldr	r4, [pc, #92]	; (10000744 <main+0x68>)
100006e6:	4918      	ldr	r1, [pc, #96]	; (10000748 <main+0x6c>)
100006e8:	0020      	movs	r0, r4
100006ea:	f006 fed7 	bl	1000749c <i2c_init>
100006ee:	2103      	movs	r1, #3
100006f0:	200e      	movs	r0, #14
100006f2:	f000 f8d5 	bl	100008a0 <gpio_set_function>
100006f6:	2103      	movs	r1, #3
100006f8:	200f      	movs	r0, #15
100006fa:	f000 f8d1 	bl	100008a0 <gpio_set_function>
100006fe:	2200      	movs	r2, #0
10000700:	2101      	movs	r1, #1
10000702:	200e      	movs	r0, #14
10000704:	f000 f8e4 	bl	100008d0 <gpio_set_pulls>
10000708:	2200      	movs	r2, #0
1000070a:	2101      	movs	r1, #1
1000070c:	200f      	movs	r0, #15
1000070e:	f000 f8df 	bl	100008d0 <gpio_set_pulls>
10000712:	20fa      	movs	r0, #250	; 0xfa
10000714:	0080      	lsls	r0, r0, #2
10000716:	f001 fa99 	bl	10001c4c <sleep_ms>
1000071a:	9400      	str	r4, [sp, #0]
1000071c:	233c      	movs	r3, #60	; 0x3c
1000071e:	2240      	movs	r2, #64	; 0x40
10000720:	2180      	movs	r1, #128	; 0x80
10000722:	480a      	ldr	r0, [pc, #40]	; (1000074c <main+0x70>)
10000724:	f000 f828 	bl	10000778 <ssd1306_init>
10000728:	2280      	movs	r2, #128	; 0x80
1000072a:	2300      	movs	r3, #0
1000072c:	9301      	str	r3, [sp, #4]
1000072e:	3301      	adds	r3, #1
10000730:	9300      	str	r3, [sp, #0]
10000732:	2300      	movs	r3, #0
10000734:	0112      	lsls	r2, r2, #4
10000736:	4906      	ldr	r1, [pc, #24]	; (10000750 <main+0x74>)
10000738:	4806      	ldr	r0, [pc, #24]	; (10000754 <main+0x78>)
1000073a:	f007 fac9 	bl	10007cd0 <xTaskCreate>
1000073e:	f007 fb0f 	bl	10007d60 <vTaskStartScheduler>
10000742:	e7fe      	b.n	10000742 <main+0x66>
10000744:	20000cb0 	.word	0x20000cb0
10000748:	000186a0 	.word	0x000186a0
1000074c:	2000140c 	.word	0x2000140c
10000750:	10008fe8 	.word	0x10008fe8
10000754:	100003ad 	.word	0x100003ad

10000758 <cmd>:
10000758:	b500      	push	{lr}
1000075a:	b085      	sub	sp, #20
1000075c:	2300      	movs	r3, #0
1000075e:	466a      	mov	r2, sp
10000760:	7313      	strb	r3, [r2, #12]
10000762:	7351      	strb	r1, [r2, #13]
10000764:	78c1      	ldrb	r1, [r0, #3]
10000766:	6840      	ldr	r0, [r0, #4]
10000768:	9300      	str	r3, [sp, #0]
1000076a:	3302      	adds	r3, #2
1000076c:	aa03      	add	r2, sp, #12
1000076e:	f006 fec1 	bl	100074f4 <i2c_write_blocking>
10000772:	b005      	add	sp, #20
10000774:	bd00      	pop	{pc}
	...

10000778 <ssd1306_init>:
10000778:	b530      	push	{r4, r5, lr}
1000077a:	b089      	sub	sp, #36	; 0x24
1000077c:	0005      	movs	r5, r0
1000077e:	7001      	strb	r1, [r0, #0]
10000780:	7042      	strb	r2, [r0, #1]
10000782:	70c3      	strb	r3, [r0, #3]
10000784:	9b0c      	ldr	r3, [sp, #48]	; 0x30
10000786:	6043      	str	r3, [r0, #4]
10000788:	08d2      	lsrs	r2, r2, #3
1000078a:	7082      	strb	r2, [r0, #2]
1000078c:	3008      	adds	r0, #8
1000078e:	4a0d      	ldr	r2, [pc, #52]	; (100007c4 <ssd1306_init+0x4c>)
10000790:	2100      	movs	r1, #0
10000792:	f003 ff7f 	bl	10004694 <__wrap_memset>
10000796:	2340      	movs	r3, #64	; 0x40
10000798:	722b      	strb	r3, [r5, #8]
1000079a:	a901      	add	r1, sp, #4
1000079c:	4b0a      	ldr	r3, [pc, #40]	; (100007c8 <ssd1306_init+0x50>)
1000079e:	000a      	movs	r2, r1
100007a0:	cb13      	ldmia	r3!, {r0, r1, r4}
100007a2:	c213      	stmia	r2!, {r0, r1, r4}
100007a4:	cb13      	ldmia	r3!, {r0, r1, r4}
100007a6:	c213      	stmia	r2!, {r0, r1, r4}
100007a8:	781b      	ldrb	r3, [r3, #0]
100007aa:	7013      	strb	r3, [r2, #0]
100007ac:	2400      	movs	r4, #0
100007ae:	e005      	b.n	100007bc <ssd1306_init+0x44>
100007b0:	ab01      	add	r3, sp, #4
100007b2:	5d19      	ldrb	r1, [r3, r4]
100007b4:	0028      	movs	r0, r5
100007b6:	f7ff ffcf 	bl	10000758 <cmd>
100007ba:	3401      	adds	r4, #1
100007bc:	2c18      	cmp	r4, #24
100007be:	ddf7      	ble.n	100007b0 <ssd1306_init+0x38>
100007c0:	b009      	add	sp, #36	; 0x24
100007c2:	bd30      	pop	{r4, r5, pc}
100007c4:	00000401 	.word	0x00000401
100007c8:	10008ff0 	.word	0x10008ff0

100007cc <ssd1306_fill>:
100007cc:	b510      	push	{r4, lr}
100007ce:	3009      	adds	r0, #9
100007d0:	2900      	cmp	r1, #0
100007d2:	d005      	beq.n	100007e0 <ssd1306_fill+0x14>
100007d4:	21ff      	movs	r1, #255	; 0xff
100007d6:	2280      	movs	r2, #128	; 0x80
100007d8:	00d2      	lsls	r2, r2, #3
100007da:	f003 ff5b 	bl	10004694 <__wrap_memset>
100007de:	bd10      	pop	{r4, pc}
100007e0:	2100      	movs	r1, #0
100007e2:	e7f8      	b.n	100007d6 <ssd1306_fill+0xa>

100007e4 <ssd1306_draw_string>:
100007e4:	b5f0      	push	{r4, r5, r6, r7, lr}
100007e6:	46c6      	mov	lr, r8
100007e8:	b500      	push	{lr}
100007ea:	4688      	mov	r8, r1
100007ec:	08df      	lsrs	r7, r3, #3
100007ee:	7883      	ldrb	r3, [r0, #2]
100007f0:	42bb      	cmp	r3, r7
100007f2:	d816      	bhi.n	10000822 <ssd1306_draw_string+0x3e>
100007f4:	bc80      	pop	{r7}
100007f6:	46b8      	mov	r8, r7
100007f8:	bdf0      	pop	{r4, r5, r6, r7, pc}
100007fa:	3201      	adds	r2, #1
100007fc:	b2d2      	uxtb	r2, r2
100007fe:	3501      	adds	r5, #1
10000800:	2d04      	cmp	r5, #4
10000802:	dc0c      	bgt.n	1000081e <ssd1306_draw_string+0x3a>
10000804:	b253      	sxtb	r3, r2
10000806:	2b00      	cmp	r3, #0
10000808:	dbf7      	blt.n	100007fa <ssd1306_draw_string+0x16>
1000080a:	19ac      	adds	r4, r5, r6
1000080c:	1c53      	adds	r3, r2, #1
1000080e:	01f9      	lsls	r1, r7, #7
10000810:	468c      	mov	ip, r1
10000812:	4463      	add	r3, ip
10000814:	4909      	ldr	r1, [pc, #36]	; (1000083c <ssd1306_draw_string+0x58>)
10000816:	5d0c      	ldrb	r4, [r1, r4]
10000818:	18c3      	adds	r3, r0, r3
1000081a:	721c      	strb	r4, [r3, #8]
1000081c:	e7ed      	b.n	100007fa <ssd1306_draw_string+0x16>
1000081e:	3202      	adds	r2, #2
10000820:	b2d2      	uxtb	r2, r2
10000822:	4643      	mov	r3, r8
10000824:	781e      	ldrb	r6, [r3, #0]
10000826:	2e00      	cmp	r6, #0
10000828:	d0e4      	beq.n	100007f4 <ssd1306_draw_string+0x10>
1000082a:	2301      	movs	r3, #1
1000082c:	469c      	mov	ip, r3
1000082e:	44e0      	add	r8, ip
10000830:	3e20      	subs	r6, #32
10000832:	00b3      	lsls	r3, r6, #2
10000834:	199e      	adds	r6, r3, r6
10000836:	2500      	movs	r5, #0
10000838:	e7e2      	b.n	10000800 <ssd1306_draw_string+0x1c>
1000083a:	46c0      	nop			; (mov r8, r8)
1000083c:	1000900c 	.word	0x1000900c

10000840 <ssd1306_show>:
10000840:	b570      	push	{r4, r5, r6, lr}
10000842:	b0a4      	sub	sp, #144	; 0x90
10000844:	0004      	movs	r4, r0
10000846:	2500      	movs	r5, #0
10000848:	e024      	b.n	10000894 <ssd1306_show+0x54>
1000084a:	0029      	movs	r1, r5
1000084c:	3950      	subs	r1, #80	; 0x50
1000084e:	b2c9      	uxtb	r1, r1
10000850:	0020      	movs	r0, r4
10000852:	f7ff ff81 	bl	10000758 <cmd>
10000856:	2100      	movs	r1, #0
10000858:	0020      	movs	r0, r4
1000085a:	f7ff ff7d 	bl	10000758 <cmd>
1000085e:	2110      	movs	r1, #16
10000860:	0020      	movs	r0, r4
10000862:	f7ff ff79 	bl	10000758 <cmd>
10000866:	ae03      	add	r6, sp, #12
10000868:	2340      	movs	r3, #64	; 0x40
1000086a:	7033      	strb	r3, [r6, #0]
1000086c:	0023      	movs	r3, r4
1000086e:	3308      	adds	r3, #8
10000870:	01e9      	lsls	r1, r5, #7
10000872:	3101      	adds	r1, #1
10000874:	1859      	adds	r1, r3, r1
10000876:	2280      	movs	r2, #128	; 0x80
10000878:	200d      	movs	r0, #13
1000087a:	4468      	add	r0, sp
1000087c:	f003 ff10 	bl	100046a0 <__wrap___aeabi_memcpy>
10000880:	78e1      	ldrb	r1, [r4, #3]
10000882:	2300      	movs	r3, #0
10000884:	9300      	str	r3, [sp, #0]
10000886:	3381      	adds	r3, #129	; 0x81
10000888:	0032      	movs	r2, r6
1000088a:	6860      	ldr	r0, [r4, #4]
1000088c:	f006 fe32 	bl	100074f4 <i2c_write_blocking>
10000890:	3501      	adds	r5, #1
10000892:	b2ed      	uxtb	r5, r5
10000894:	78a3      	ldrb	r3, [r4, #2]
10000896:	42ab      	cmp	r3, r5
10000898:	d8d7      	bhi.n	1000084a <ssd1306_show+0xa>
1000089a:	b024      	add	sp, #144	; 0x90
1000089c:	bd70      	pop	{r4, r5, r6, pc}
	...

100008a0 <gpio_set_function>:
100008a0:	b510      	push	{r4, lr}
100008a2:	0083      	lsls	r3, r0, #2
100008a4:	4a08      	ldr	r2, [pc, #32]	; (100008c8 <gpio_set_function+0x28>)
100008a6:	4694      	mov	ip, r2
100008a8:	4463      	add	r3, ip
100008aa:	681c      	ldr	r4, [r3, #0]
100008ac:	2240      	movs	r2, #64	; 0x40
100008ae:	4062      	eors	r2, r4
100008b0:	24c0      	movs	r4, #192	; 0xc0
100008b2:	4014      	ands	r4, r2
100008b4:	2280      	movs	r2, #128	; 0x80
100008b6:	0152      	lsls	r2, r2, #5
100008b8:	4313      	orrs	r3, r2
100008ba:	601c      	str	r4, [r3, #0]
100008bc:	00c0      	lsls	r0, r0, #3
100008be:	4b03      	ldr	r3, [pc, #12]	; (100008cc <gpio_set_function+0x2c>)
100008c0:	469c      	mov	ip, r3
100008c2:	4460      	add	r0, ip
100008c4:	6041      	str	r1, [r0, #4]
100008c6:	bd10      	pop	{r4, pc}
100008c8:	4001c004 	.word	0x4001c004
100008cc:	40014000 	.word	0x40014000

100008d0 <gpio_set_pulls>:
100008d0:	0080      	lsls	r0, r0, #2
100008d2:	4b0b      	ldr	r3, [pc, #44]	; (10000900 <gpio_set_pulls+0x30>)
100008d4:	469c      	mov	ip, r3
100008d6:	4460      	add	r0, ip
100008d8:	2900      	cmp	r1, #0
100008da:	d00d      	beq.n	100008f8 <gpio_set_pulls+0x28>
100008dc:	2308      	movs	r3, #8
100008de:	2a00      	cmp	r2, #0
100008e0:	d00c      	beq.n	100008fc <gpio_set_pulls+0x2c>
100008e2:	2204      	movs	r2, #4
100008e4:	4313      	orrs	r3, r2
100008e6:	6802      	ldr	r2, [r0, #0]
100008e8:	4053      	eors	r3, r2
100008ea:	220c      	movs	r2, #12
100008ec:	4013      	ands	r3, r2
100008ee:	2280      	movs	r2, #128	; 0x80
100008f0:	0152      	lsls	r2, r2, #5
100008f2:	4310      	orrs	r0, r2
100008f4:	6003      	str	r3, [r0, #0]
100008f6:	4770      	bx	lr
100008f8:	2300      	movs	r3, #0
100008fa:	e7f0      	b.n	100008de <gpio_set_pulls+0xe>
100008fc:	2200      	movs	r2, #0
100008fe:	e7f1      	b.n	100008e4 <gpio_set_pulls+0x14>
10000900:	4001c004 	.word	0x4001c004

10000904 <gpio_set_input_enabled>:
10000904:	2900      	cmp	r1, #0
10000906:	d009      	beq.n	1000091c <gpio_set_input_enabled+0x18>
10000908:	0080      	lsls	r0, r0, #2
1000090a:	4b09      	ldr	r3, [pc, #36]	; (10000930 <gpio_set_input_enabled+0x2c>)
1000090c:	469c      	mov	ip, r3
1000090e:	4460      	add	r0, ip
10000910:	2380      	movs	r3, #128	; 0x80
10000912:	019b      	lsls	r3, r3, #6
10000914:	4318      	orrs	r0, r3
10000916:	2340      	movs	r3, #64	; 0x40
10000918:	6003      	str	r3, [r0, #0]
1000091a:	4770      	bx	lr
1000091c:	0080      	lsls	r0, r0, #2
1000091e:	4b04      	ldr	r3, [pc, #16]	; (10000930 <gpio_set_input_enabled+0x2c>)
10000920:	469c      	mov	ip, r3
10000922:	4460      	add	r0, ip
10000924:	23c0      	movs	r3, #192	; 0xc0
10000926:	019b      	lsls	r3, r3, #6
10000928:	4318      	orrs	r0, r3
1000092a:	2340      	movs	r3, #64	; 0x40
1000092c:	6003      	str	r3, [r0, #0]
1000092e:	e7f4      	b.n	1000091a <gpio_set_input_enabled+0x16>
10000930:	4001c004 	.word	0x4001c004

10000934 <gpio_init>:
10000934:	b510      	push	{r4, lr}
10000936:	2301      	movs	r3, #1
10000938:	4083      	lsls	r3, r0
1000093a:	22d0      	movs	r2, #208	; 0xd0
1000093c:	0612      	lsls	r2, r2, #24
1000093e:	6293      	str	r3, [r2, #40]	; 0x28
10000940:	6193      	str	r3, [r2, #24]
10000942:	2105      	movs	r1, #5
10000944:	f7ff ffac 	bl	100008a0 <gpio_set_function>
10000948:	bd10      	pop	{r4, pc}
	...

1000094c <running_on_fpga>:
1000094c:	4b03      	ldr	r3, [pc, #12]	; (1000095c <running_on_fpga+0x10>)
1000094e:	681b      	ldr	r3, [r3, #0]
10000950:	2002      	movs	r0, #2
10000952:	4018      	ands	r0, r3
10000954:	1e43      	subs	r3, r0, #1
10000956:	4198      	sbcs	r0, r3
10000958:	b2c0      	uxtb	r0, r0
1000095a:	4770      	bx	lr
1000095c:	4006c000 	.word	0x4006c000

10000960 <hw_claim_lock>:
10000960:	f3ef 8010 	mrs	r0, PRIMASK
10000964:	b672      	cpsid	i
10000966:	4b03      	ldr	r3, [pc, #12]	; (10000974 <hw_claim_lock+0x14>)
10000968:	681b      	ldr	r3, [r3, #0]
1000096a:	2b00      	cmp	r3, #0
1000096c:	d0fb      	beq.n	10000966 <hw_claim_lock+0x6>
1000096e:	f3bf 8f5f 	dmb	sy
10000972:	4770      	bx	lr
10000974:	d000012c 	.word	0xd000012c

10000978 <hw_claim_unlock>:
10000978:	f3bf 8f5f 	dmb	sy
1000097c:	4b02      	ldr	r3, [pc, #8]	; (10000988 <hw_claim_unlock+0x10>)
1000097e:	2200      	movs	r2, #0
10000980:	601a      	str	r2, [r3, #0]
10000982:	f380 8810 	msr	PRIMASK, r0
10000986:	4770      	bx	lr
10000988:	d000012c 	.word	0xd000012c

1000098c <hw_claim_or_assert>:
1000098c:	b5f8      	push	{r3, r4, r5, r6, r7, lr}
1000098e:	0006      	movs	r6, r0
10000990:	000c      	movs	r4, r1
10000992:	0015      	movs	r5, r2
10000994:	f7ff ffe4 	bl	10000960 <hw_claim_lock>
10000998:	08e3      	lsrs	r3, r4, #3
1000099a:	18f7      	adds	r7, r6, r3
1000099c:	5cf1      	ldrb	r1, [r6, r3]
1000099e:	2207      	movs	r2, #7
100009a0:	4022      	ands	r2, r4
100009a2:	2301      	movs	r3, #1
100009a4:	4093      	lsls	r3, r2
100009a6:	420b      	tst	r3, r1
100009a8:	d105      	bne.n	100009b6 <hw_claim_or_assert+0x2a>
100009aa:	b2db      	uxtb	r3, r3
100009ac:	430b      	orrs	r3, r1
100009ae:	703b      	strb	r3, [r7, #0]
100009b0:	f7ff ffe2 	bl	10000978 <hw_claim_unlock>
100009b4:	bdf8      	pop	{r3, r4, r5, r6, r7, pc}
100009b6:	0021      	movs	r1, r4
100009b8:	0028      	movs	r0, r5
100009ba:	f002 f8e5 	bl	10002b88 <panic>

100009be <hw_claim_unused_from_range>:
100009be:	b5f0      	push	{r4, r5, r6, r7, lr}
100009c0:	b083      	sub	sp, #12
100009c2:	0006      	movs	r6, r0
100009c4:	9101      	str	r1, [sp, #4]
100009c6:	0014      	movs	r4, r2
100009c8:	001f      	movs	r7, r3
100009ca:	f7ff ffc9 	bl	10000960 <hw_claim_lock>
100009ce:	e000      	b.n	100009d2 <hw_claim_unused_from_range+0x14>
100009d0:	3401      	adds	r4, #1
100009d2:	42bc      	cmp	r4, r7
100009d4:	d80c      	bhi.n	100009f0 <hw_claim_unused_from_range+0x32>
100009d6:	08e3      	lsrs	r3, r4, #3
100009d8:	18f5      	adds	r5, r6, r3
100009da:	5cf3      	ldrb	r3, [r6, r3]
100009dc:	2107      	movs	r1, #7
100009de:	4021      	ands	r1, r4
100009e0:	2201      	movs	r2, #1
100009e2:	408a      	lsls	r2, r1
100009e4:	421a      	tst	r2, r3
100009e6:	d1f3      	bne.n	100009d0 <hw_claim_unused_from_range+0x12>
100009e8:	b2d2      	uxtb	r2, r2
100009ea:	431a      	orrs	r2, r3
100009ec:	702a      	strb	r2, [r5, #0]
100009ee:	e001      	b.n	100009f4 <hw_claim_unused_from_range+0x36>
100009f0:	2401      	movs	r4, #1
100009f2:	4264      	negs	r4, r4
100009f4:	f7ff ffc0 	bl	10000978 <hw_claim_unlock>
100009f8:	2c00      	cmp	r4, #0
100009fa:	db02      	blt.n	10000a02 <hw_claim_unused_from_range+0x44>
100009fc:	0020      	movs	r0, r4
100009fe:	b003      	add	sp, #12
10000a00:	bdf0      	pop	{r4, r5, r6, r7, pc}
10000a02:	9b01      	ldr	r3, [sp, #4]
10000a04:	2b00      	cmp	r3, #0
10000a06:	d0f9      	beq.n	100009fc <hw_claim_unused_from_range+0x3e>
10000a08:	9808      	ldr	r0, [sp, #32]
10000a0a:	f002 f8bd 	bl	10002b88 <panic>
	...

10000a10 <spin_locks_reset>:
10000a10:	2300      	movs	r3, #0
10000a12:	e007      	b.n	10000a24 <spin_locks_reset+0x14>
10000a14:	4a05      	ldr	r2, [pc, #20]	; (10000a2c <spin_locks_reset+0x1c>)
10000a16:	189a      	adds	r2, r3, r2
10000a18:	0092      	lsls	r2, r2, #2
10000a1a:	f3bf 8f5f 	dmb	sy
10000a1e:	2100      	movs	r1, #0
10000a20:	6011      	str	r1, [r2, #0]
10000a22:	3301      	adds	r3, #1
10000a24:	2b1f      	cmp	r3, #31
10000a26:	d9f5      	bls.n	10000a14 <spin_locks_reset+0x4>
10000a28:	4770      	bx	lr
10000a2a:	46c0      	nop			; (mov r8, r8)
10000a2c:	34000040 	.word	0x34000040

10000a30 <next_striped_spin_lock_num>:
10000a30:	4a05      	ldr	r2, [pc, #20]	; (10000a48 <next_striped_spin_lock_num+0x18>)
10000a32:	7810      	ldrb	r0, [r2, #0]
10000a34:	1c43      	adds	r3, r0, #1
10000a36:	b2db      	uxtb	r3, r3
10000a38:	7013      	strb	r3, [r2, #0]
10000a3a:	2b17      	cmp	r3, #23
10000a3c:	d902      	bls.n	10000a44 <next_striped_spin_lock_num+0x14>
10000a3e:	0013      	movs	r3, r2
10000a40:	2210      	movs	r2, #16
10000a42:	701a      	strb	r2, [r3, #0]
10000a44:	4770      	bx	lr
10000a46:	46c0      	nop			; (mov r8, r8)
10000a48:	20000bb0 	.word	0x20000bb0

10000a4c <spin_lock_claim_unused>:
10000a4c:	b500      	push	{lr}
10000a4e:	b083      	sub	sp, #12
10000a50:	0001      	movs	r1, r0
10000a52:	4b04      	ldr	r3, [pc, #16]	; (10000a64 <spin_lock_claim_unused+0x18>)
10000a54:	9300      	str	r3, [sp, #0]
10000a56:	231f      	movs	r3, #31
10000a58:	2218      	movs	r2, #24
10000a5a:	4803      	ldr	r0, [pc, #12]	; (10000a68 <spin_lock_claim_unused+0x1c>)
10000a5c:	f7ff ffaf 	bl	100009be <hw_claim_unused_from_range>
10000a60:	b003      	add	sp, #12
10000a62:	bd00      	pop	{pc}
10000a64:	10009134 	.word	0x10009134
10000a68:	20001378 	.word	0x20001378

10000a6c <set_raw_irq_handler_and_unlock>:
10000a6c:	4b07      	ldr	r3, [pc, #28]	; (10000a8c <set_raw_irq_handler_and_unlock+0x20>)
10000a6e:	689b      	ldr	r3, [r3, #8]
10000a70:	3010      	adds	r0, #16
10000a72:	0080      	lsls	r0, r0, #2
10000a74:	5019      	str	r1, [r3, r0]
10000a76:	f3bf 8f5f 	dmb	sy
10000a7a:	f3bf 8f5f 	dmb	sy
10000a7e:	4b04      	ldr	r3, [pc, #16]	; (10000a90 <set_raw_irq_handler_and_unlock+0x24>)
10000a80:	2100      	movs	r1, #0
10000a82:	6019      	str	r1, [r3, #0]
10000a84:	f382 8810 	msr	PRIMASK, r2
10000a88:	4770      	bx	lr
10000a8a:	46c0      	nop			; (mov r8, r8)
10000a8c:	e000ed00 	.word	0xe000ed00
10000a90:	d0000124 	.word	0xd0000124

10000a94 <make_branch>:
10000a94:	b510      	push	{r4, lr}
10000a96:	1a09      	subs	r1, r1, r0
10000a98:	1f08      	subs	r0, r1, #4
10000a9a:	4b0a      	ldr	r3, [pc, #40]	; (10000ac4 <make_branch+0x30>)
10000a9c:	469c      	mov	ip, r3
10000a9e:	4461      	add	r1, ip
10000aa0:	4a09      	ldr	r2, [pc, #36]	; (10000ac8 <make_branch+0x34>)
10000aa2:	4291      	cmp	r1, r2
10000aa4:	d808      	bhi.n	10000ab8 <make_branch+0x24>
10000aa6:	07c3      	lsls	r3, r0, #31
10000aa8:	d406      	bmi.n	10000ab8 <make_branch+0x24>
10000aaa:	1040      	asrs	r0, r0, #1
10000aac:	0540      	lsls	r0, r0, #21
10000aae:	0d40      	lsrs	r0, r0, #21
10000ab0:	4b06      	ldr	r3, [pc, #24]	; (10000acc <make_branch+0x38>)
10000ab2:	4318      	orrs	r0, r3
10000ab4:	b280      	uxth	r0, r0
10000ab6:	bd10      	pop	{r4, pc}
10000ab8:	4b05      	ldr	r3, [pc, #20]	; (10000ad0 <make_branch+0x3c>)
10000aba:	4a06      	ldr	r2, [pc, #24]	; (10000ad4 <make_branch+0x40>)
10000abc:	21a3      	movs	r1, #163	; 0xa3
10000abe:	4806      	ldr	r0, [pc, #24]	; (10000ad8 <make_branch+0x44>)
10000ac0:	f001 ffc8 	bl	10002a54 <__assert_func>
10000ac4:	000007fc 	.word	0x000007fc
10000ac8:	00000ffe 	.word	0x00000ffe
10000acc:	ffffe000 	.word	0xffffe000
10000ad0:	10009150 	.word	0x10009150
10000ad4:	100093dc 	.word	0x100093dc
10000ad8:	10009180 	.word	0x10009180

10000adc <insert_branch_and_link>:
10000adc:	b510      	push	{r4, lr}
10000ade:	1a09      	subs	r1, r1, r0
10000ae0:	3904      	subs	r1, #4
10000ae2:	084c      	lsrs	r4, r1, #1
10000ae4:	0b09      	lsrs	r1, r1, #12
10000ae6:	d108      	bne.n	10000afa <insert_branch_and_link+0x1e>
10000ae8:	0549      	lsls	r1, r1, #21
10000aea:	0d49      	lsrs	r1, r1, #21
10000aec:	4a06      	ldr	r2, [pc, #24]	; (10000b08 <insert_branch_and_link+0x2c>)
10000aee:	4311      	orrs	r1, r2
10000af0:	8001      	strh	r1, [r0, #0]
10000af2:	4b06      	ldr	r3, [pc, #24]	; (10000b0c <insert_branch_and_link+0x30>)
10000af4:	4323      	orrs	r3, r4
10000af6:	8043      	strh	r3, [r0, #2]
10000af8:	bd10      	pop	{r4, pc}
10000afa:	4b05      	ldr	r3, [pc, #20]	; (10000b10 <insert_branch_and_link+0x34>)
10000afc:	4a05      	ldr	r2, [pc, #20]	; (10000b14 <insert_branch_and_link+0x38>)
10000afe:	21ab      	movs	r1, #171	; 0xab
10000b00:	4805      	ldr	r0, [pc, #20]	; (10000b18 <insert_branch_and_link+0x3c>)
10000b02:	f001 ffa7 	bl	10002a54 <__assert_func>
10000b06:	46c0      	nop			; (mov r8, r8)
10000b08:	fffff000 	.word	0xfffff000
10000b0c:	fffff800 	.word	0xfffff800
10000b10:	100091dc 	.word	0x100091dc
10000b14:	100093b0 	.word	0x100093b0
10000b18:	10009180 	.word	0x10009180

10000b1c <irq_is_enabled>:
10000b1c:	2301      	movs	r3, #1
10000b1e:	4083      	lsls	r3, r0
10000b20:	4a03      	ldr	r2, [pc, #12]	; (10000b30 <irq_is_enabled+0x14>)
10000b22:	6810      	ldr	r0, [r2, #0]
10000b24:	4018      	ands	r0, r3
10000b26:	1e43      	subs	r3, r0, #1
10000b28:	4198      	sbcs	r0, r3
10000b2a:	b2c0      	uxtb	r0, r0
10000b2c:	4770      	bx	lr
10000b2e:	46c0      	nop			; (mov r8, r8)
10000b30:	e000e100 	.word	0xe000e100

10000b34 <irq_set_mask_enabled>:
10000b34:	2900      	cmp	r1, #0
10000b36:	d004      	beq.n	10000b42 <irq_set_mask_enabled+0xe>
10000b38:	4b03      	ldr	r3, [pc, #12]	; (10000b48 <irq_set_mask_enabled+0x14>)
10000b3a:	6018      	str	r0, [r3, #0]
10000b3c:	4b03      	ldr	r3, [pc, #12]	; (10000b4c <irq_set_mask_enabled+0x18>)
10000b3e:	6018      	str	r0, [r3, #0]
10000b40:	4770      	bx	lr
10000b42:	4b03      	ldr	r3, [pc, #12]	; (10000b50 <irq_set_mask_enabled+0x1c>)
10000b44:	6018      	str	r0, [r3, #0]
10000b46:	e7fb      	b.n	10000b40 <irq_set_mask_enabled+0xc>
10000b48:	e000e280 	.word	0xe000e280
10000b4c:	e000e100 	.word	0xe000e100
10000b50:	e000e180 	.word	0xe000e180

10000b54 <irq_set_enabled>:
10000b54:	b510      	push	{r4, lr}
10000b56:	2301      	movs	r3, #1
10000b58:	4083      	lsls	r3, r0
10000b5a:	0018      	movs	r0, r3
10000b5c:	f7ff ffea 	bl	10000b34 <irq_set_mask_enabled>
10000b60:	bd10      	pop	{r4, pc}
	...

10000b64 <irq_set_pending>:
10000b64:	2301      	movs	r3, #1
10000b66:	4083      	lsls	r3, r0
10000b68:	4a01      	ldr	r2, [pc, #4]	; (10000b70 <irq_set_pending+0xc>)
10000b6a:	6013      	str	r3, [r2, #0]
10000b6c:	4770      	bx	lr
10000b6e:	46c0      	nop			; (mov r8, r8)
10000b70:	e000e200 	.word	0xe000e200

10000b74 <irq_get_vtable_handler>:
10000b74:	4b02      	ldr	r3, [pc, #8]	; (10000b80 <irq_get_vtable_handler+0xc>)
10000b76:	689b      	ldr	r3, [r3, #8]
10000b78:	3010      	adds	r0, #16
10000b7a:	0080      	lsls	r0, r0, #2
10000b7c:	58c0      	ldr	r0, [r0, r3]
10000b7e:	4770      	bx	lr
10000b80:	e000ed00 	.word	0xe000ed00

10000b84 <irq_has_shared_handler>:
10000b84:	b510      	push	{r4, lr}
10000b86:	f7ff fff5 	bl	10000b74 <irq_get_vtable_handler>
10000b8a:	2800      	cmp	r0, #0
10000b8c:	d005      	beq.n	10000b9a <irq_has_shared_handler+0x16>
10000b8e:	4b05      	ldr	r3, [pc, #20]	; (10000ba4 <irq_has_shared_handler+0x20>)
10000b90:	1ac0      	subs	r0, r0, r3
10000b92:	282f      	cmp	r0, #47	; 0x2f
10000b94:	d803      	bhi.n	10000b9e <irq_has_shared_handler+0x1a>
10000b96:	2001      	movs	r0, #1
10000b98:	bd10      	pop	{r4, pc}
10000b9a:	2000      	movs	r0, #0
10000b9c:	e7fc      	b.n	10000b98 <irq_has_shared_handler+0x14>
10000b9e:	2000      	movs	r0, #0
10000ba0:	e7fa      	b.n	10000b98 <irq_has_shared_handler+0x14>
10000ba2:	46c0      	nop			; (mov r8, r8)
10000ba4:	20000bb4 	.word	0x20000bb4

10000ba8 <irq_set_exclusive_handler>:
10000ba8:	b570      	push	{r4, r5, r6, lr}
10000baa:	0004      	movs	r4, r0
10000bac:	000d      	movs	r5, r1
10000bae:	f3ef 8610 	mrs	r6, PRIMASK
10000bb2:	b672      	cpsid	i
10000bb4:	4b0c      	ldr	r3, [pc, #48]	; (10000be8 <irq_set_exclusive_handler+0x40>)
10000bb6:	681b      	ldr	r3, [r3, #0]
10000bb8:	2b00      	cmp	r3, #0
10000bba:	d0fb      	beq.n	10000bb4 <irq_set_exclusive_handler+0xc>
10000bbc:	f3bf 8f5f 	dmb	sy
10000bc0:	0020      	movs	r0, r4
10000bc2:	f7ff ffd7 	bl	10000b74 <irq_get_vtable_handler>
10000bc6:	4b09      	ldr	r3, [pc, #36]	; (10000bec <irq_set_exclusive_handler+0x44>)
10000bc8:	4298      	cmp	r0, r3
10000bca:	d001      	beq.n	10000bd0 <irq_set_exclusive_handler+0x28>
10000bcc:	42a8      	cmp	r0, r5
10000bce:	d105      	bne.n	10000bdc <irq_set_exclusive_handler+0x34>
10000bd0:	0032      	movs	r2, r6
10000bd2:	0029      	movs	r1, r5
10000bd4:	0020      	movs	r0, r4
10000bd6:	f7ff ff49 	bl	10000a6c <set_raw_irq_handler_and_unlock>
10000bda:	bd70      	pop	{r4, r5, r6, pc}
10000bdc:	4b04      	ldr	r3, [pc, #16]	; (10000bf0 <irq_set_exclusive_handler+0x48>)
10000bde:	4a05      	ldr	r2, [pc, #20]	; (10000bf4 <irq_set_exclusive_handler+0x4c>)
10000be0:	2186      	movs	r1, #134	; 0x86
10000be2:	4805      	ldr	r0, [pc, #20]	; (10000bf8 <irq_set_exclusive_handler+0x50>)
10000be4:	f001 ff36 	bl	10002a54 <__assert_func>
10000be8:	d0000124 	.word	0xd0000124
10000bec:	100001cd 	.word	0x100001cd
10000bf0:	100091ec 	.word	0x100091ec
10000bf4:	10009410 	.word	0x10009410
10000bf8:	10009180 	.word	0x10009180

10000bfc <irq_add_shared_handler>:
10000bfc:	b5f0      	push	{r4, r5, r6, r7, lr}
10000bfe:	46de      	mov	lr, fp
10000c00:	4657      	mov	r7, sl
10000c02:	464e      	mov	r6, r9
10000c04:	4645      	mov	r5, r8
10000c06:	b5e0      	push	{r5, r6, r7, lr}
10000c08:	b089      	sub	sp, #36	; 0x24
10000c0a:	4681      	mov	r9, r0
10000c0c:	9101      	str	r1, [sp, #4]
10000c0e:	0015      	movs	r5, r2
10000c10:	f3ef 8a10 	mrs	sl, PRIMASK
10000c14:	b672      	cpsid	i
10000c16:	4b74      	ldr	r3, [pc, #464]	; (10000de8 <irq_add_shared_handler+0x1ec>)
10000c18:	681b      	ldr	r3, [r3, #0]
10000c1a:	2b00      	cmp	r3, #0
10000c1c:	d0fb      	beq.n	10000c16 <irq_add_shared_handler+0x1a>
10000c1e:	f3bf 8f5f 	dmb	sy
10000c22:	4b72      	ldr	r3, [pc, #456]	; (10000dec <irq_add_shared_handler+0x1f0>)
10000c24:	2700      	movs	r7, #0
10000c26:	57df      	ldrsb	r7, [r3, r7]
10000c28:	2f00      	cmp	r7, #0
10000c2a:	db40      	blt.n	10000cae <irq_add_shared_handler+0xb2>
10000c2c:	007c      	lsls	r4, r7, #1
10000c2e:	19e4      	adds	r4, r4, r7
10000c30:	00a4      	lsls	r4, r4, #2
10000c32:	486f      	ldr	r0, [pc, #444]	; (10000df0 <irq_add_shared_handler+0x1f4>)
10000c34:	1824      	adds	r4, r4, r0
10000c36:	2206      	movs	r2, #6
10000c38:	56a2      	ldrsb	r2, [r4, r2]
10000c3a:	4b6c      	ldr	r3, [pc, #432]	; (10000dec <irq_add_shared_handler+0x1f0>)
10000c3c:	701a      	strb	r2, [r3, #0]
10000c3e:	4b6d      	ldr	r3, [pc, #436]	; (10000df4 <irq_add_shared_handler+0x1f8>)
10000c40:	689a      	ldr	r2, [r3, #8]
10000c42:	464b      	mov	r3, r9
10000c44:	3310      	adds	r3, #16
10000c46:	009b      	lsls	r3, r3, #2
10000c48:	58d3      	ldr	r3, [r2, r3]
10000c4a:	4698      	mov	r8, r3
10000c4c:	001e      	movs	r6, r3
10000c4e:	1a1b      	subs	r3, r3, r0
10000c50:	2b2f      	cmp	r3, #47	; 0x2f
10000c52:	d938      	bls.n	10000cc6 <irq_add_shared_handler+0xca>
10000c54:	4b68      	ldr	r3, [pc, #416]	; (10000df8 <irq_add_shared_handler+0x1fc>)
10000c56:	4598      	cmp	r8, r3
10000c58:	d12f      	bne.n	10000cba <irq_add_shared_handler+0xbe>
10000c5a:	ae05      	add	r6, sp, #20
10000c5c:	4b67      	ldr	r3, [pc, #412]	; (10000dfc <irq_add_shared_handler+0x200>)
10000c5e:	8033      	strh	r3, [r6, #0]
10000c60:	007b      	lsls	r3, r7, #1
10000c62:	469b      	mov	fp, r3
10000c64:	19d8      	adds	r0, r3, r7
10000c66:	0080      	lsls	r0, r0, #2
10000c68:	4b61      	ldr	r3, [pc, #388]	; (10000df0 <irq_add_shared_handler+0x1f4>)
10000c6a:	4698      	mov	r8, r3
10000c6c:	4440      	add	r0, r8
10000c6e:	3002      	adds	r0, #2
10000c70:	4963      	ldr	r1, [pc, #396]	; (10000e00 <irq_add_shared_handler+0x204>)
10000c72:	f7ff ff0f 	bl	10000a94 <make_branch>
10000c76:	8070      	strh	r0, [r6, #2]
10000c78:	4b62      	ldr	r3, [pc, #392]	; (10000e04 <irq_add_shared_handler+0x208>)
10000c7a:	80b3      	strh	r3, [r6, #4]
10000c7c:	23ff      	movs	r3, #255	; 0xff
10000c7e:	71b3      	strb	r3, [r6, #6]
10000c80:	71f5      	strb	r5, [r6, #7]
10000c82:	9b01      	ldr	r3, [sp, #4]
10000c84:	9307      	str	r3, [sp, #28]
10000c86:	445f      	add	r7, fp
10000c88:	00bf      	lsls	r7, r7, #2
10000c8a:	4447      	add	r7, r8
10000c8c:	ce0e      	ldmia	r6!, {r1, r2, r3}
10000c8e:	c70e      	stmia	r7!, {r1, r2, r3}
10000c90:	2301      	movs	r3, #1
10000c92:	431c      	orrs	r4, r3
10000c94:	46a0      	mov	r8, r4
10000c96:	4652      	mov	r2, sl
10000c98:	4641      	mov	r1, r8
10000c9a:	4648      	mov	r0, r9
10000c9c:	f7ff fee6 	bl	10000a6c <set_raw_irq_handler_and_unlock>
10000ca0:	b009      	add	sp, #36	; 0x24
10000ca2:	bcf0      	pop	{r4, r5, r6, r7}
10000ca4:	46bb      	mov	fp, r7
10000ca6:	46b2      	mov	sl, r6
10000ca8:	46a9      	mov	r9, r5
10000caa:	46a0      	mov	r8, r4
10000cac:	bdf0      	pop	{r4, r5, r6, r7, pc}
10000cae:	4b56      	ldr	r3, [pc, #344]	; (10000e08 <irq_add_shared_handler+0x20c>)
10000cb0:	4a56      	ldr	r2, [pc, #344]	; (10000e0c <irq_add_shared_handler+0x210>)
10000cb2:	21d7      	movs	r1, #215	; 0xd7
10000cb4:	4856      	ldr	r0, [pc, #344]	; (10000e10 <irq_add_shared_handler+0x214>)
10000cb6:	f001 fecd 	bl	10002a54 <__assert_func>
10000cba:	4b56      	ldr	r3, [pc, #344]	; (10000e14 <irq_add_shared_handler+0x218>)
10000cbc:	4a53      	ldr	r2, [pc, #332]	; (10000e0c <irq_add_shared_handler+0x210>)
10000cbe:	21de      	movs	r1, #222	; 0xde
10000cc0:	4853      	ldr	r0, [pc, #332]	; (10000e10 <irq_add_shared_handler+0x214>)
10000cc2:	f001 fec7 	bl	10002a54 <__assert_func>
10000cc6:	43c0      	mvns	r0, r0
10000cc8:	4440      	add	r0, r8
10000cca:	210c      	movs	r1, #12
10000ccc:	f003 f88e 	bl	10003dec <__wrap___aeabi_uidiv>
10000cd0:	2900      	cmp	r1, #0
10000cd2:	d112      	bne.n	10000cfa <irq_add_shared_handler+0xfe>
10000cd4:	2301      	movs	r3, #1
10000cd6:	439e      	bics	r6, r3
10000cd8:	46b3      	mov	fp, r6
10000cda:	0033      	movs	r3, r6
10000cdc:	2600      	movs	r6, #0
10000cde:	79da      	ldrb	r2, [r3, #7]
10000ce0:	42aa      	cmp	r2, r5
10000ce2:	d911      	bls.n	10000d08 <irq_add_shared_handler+0x10c>
10000ce4:	2106      	movs	r1, #6
10000ce6:	5659      	ldrsb	r1, [r3, r1]
10000ce8:	2900      	cmp	r1, #0
10000cea:	db0c      	blt.n	10000d06 <irq_add_shared_handler+0x10a>
10000cec:	004a      	lsls	r2, r1, #1
10000cee:	1852      	adds	r2, r2, r1
10000cf0:	0092      	lsls	r2, r2, #2
10000cf2:	001e      	movs	r6, r3
10000cf4:	4b3e      	ldr	r3, [pc, #248]	; (10000df0 <irq_add_shared_handler+0x1f4>)
10000cf6:	189b      	adds	r3, r3, r2
10000cf8:	e7f1      	b.n	10000cde <irq_add_shared_handler+0xe2>
10000cfa:	4b47      	ldr	r3, [pc, #284]	; (10000e18 <irq_add_shared_handler+0x21c>)
10000cfc:	4a43      	ldr	r2, [pc, #268]	; (10000e0c <irq_add_shared_handler+0x210>)
10000cfe:	21ea      	movs	r1, #234	; 0xea
10000d00:	4843      	ldr	r0, [pc, #268]	; (10000e10 <irq_add_shared_handler+0x214>)
10000d02:	f001 fea7 	bl	10002a54 <__assert_func>
10000d06:	001e      	movs	r6, r3
10000d08:	2e00      	cmp	r6, #0
10000d0a:	d03a      	beq.n	10000d82 <irq_add_shared_handler+0x186>
10000d0c:	ab05      	add	r3, sp, #20
10000d0e:	4a43      	ldr	r2, [pc, #268]	; (10000e1c <irq_add_shared_handler+0x220>)
10000d10:	801a      	strh	r2, [r3, #0]
10000d12:	3a81      	subs	r2, #129	; 0x81
10000d14:	805a      	strh	r2, [r3, #2]
10000d16:	2306      	movs	r3, #6
10000d18:	56f3      	ldrsb	r3, [r6, r3]
10000d1a:	9302      	str	r3, [sp, #8]
10000d1c:	2b00      	cmp	r3, #0
10000d1e:	da17      	bge.n	10000d50 <irq_add_shared_handler+0x154>
10000d20:	483f      	ldr	r0, [pc, #252]	; (10000e20 <irq_add_shared_handler+0x224>)
10000d22:	ab05      	add	r3, sp, #20
10000d24:	469b      	mov	fp, r3
10000d26:	8098      	strh	r0, [r3, #4]
10000d28:	9a02      	ldr	r2, [sp, #8]
10000d2a:	719a      	strb	r2, [r3, #6]
10000d2c:	71dd      	strb	r5, [r3, #7]
10000d2e:	9a01      	ldr	r2, [sp, #4]
10000d30:	9207      	str	r2, [sp, #28]
10000d32:	1d30      	adds	r0, r6, #4
10000d34:	0021      	movs	r1, r4
10000d36:	f7ff fead 	bl	10000a94 <make_branch>
10000d3a:	80b0      	strh	r0, [r6, #4]
10000d3c:	71b7      	strb	r7, [r6, #6]
10000d3e:	007b      	lsls	r3, r7, #1
10000d40:	19db      	adds	r3, r3, r7
10000d42:	009b      	lsls	r3, r3, #2
10000d44:	4f2a      	ldr	r7, [pc, #168]	; (10000df0 <irq_add_shared_handler+0x1f4>)
10000d46:	18ff      	adds	r7, r7, r3
10000d48:	465b      	mov	r3, fp
10000d4a:	cb07      	ldmia	r3!, {r0, r1, r2}
10000d4c:	c707      	stmia	r7!, {r0, r1, r2}
10000d4e:	e7a2      	b.n	10000c96 <irq_add_shared_handler+0x9a>
10000d50:	0078      	lsls	r0, r7, #1
10000d52:	19c0      	adds	r0, r0, r7
10000d54:	0080      	lsls	r0, r0, #2
10000d56:	4b26      	ldr	r3, [pc, #152]	; (10000df0 <irq_add_shared_handler+0x1f4>)
10000d58:	18c0      	adds	r0, r0, r3
10000d5a:	3004      	adds	r0, #4
10000d5c:	1d32      	adds	r2, r6, #4
10000d5e:	88b3      	ldrh	r3, [r6, #4]
10000d60:	0ad9      	lsrs	r1, r3, #11
10000d62:	291c      	cmp	r1, #28
10000d64:	d107      	bne.n	10000d76 <irq_add_shared_handler+0x17a>
10000d66:	055b      	lsls	r3, r3, #21
10000d68:	1559      	asrs	r1, r3, #21
10000d6a:	3102      	adds	r1, #2
10000d6c:	0049      	lsls	r1, r1, #1
10000d6e:	1851      	adds	r1, r2, r1
10000d70:	f7ff fe90 	bl	10000a94 <make_branch>
10000d74:	e7d5      	b.n	10000d22 <irq_add_shared_handler+0x126>
10000d76:	4b2b      	ldr	r3, [pc, #172]	; (10000e24 <irq_add_shared_handler+0x228>)
10000d78:	4a2b      	ldr	r2, [pc, #172]	; (10000e28 <irq_add_shared_handler+0x22c>)
10000d7a:	21b1      	movs	r1, #177	; 0xb1
10000d7c:	4824      	ldr	r0, [pc, #144]	; (10000e10 <irq_add_shared_handler+0x214>)
10000d7e:	f001 fe69 	bl	10002a54 <__assert_func>
10000d82:	ae05      	add	r6, sp, #20
10000d84:	4b1d      	ldr	r3, [pc, #116]	; (10000dfc <irq_add_shared_handler+0x200>)
10000d86:	8033      	strh	r3, [r6, #0]
10000d88:	007b      	lsls	r3, r7, #1
10000d8a:	9302      	str	r3, [sp, #8]
10000d8c:	19d8      	adds	r0, r3, r7
10000d8e:	0080      	lsls	r0, r0, #2
10000d90:	4a17      	ldr	r2, [pc, #92]	; (10000df0 <irq_add_shared_handler+0x1f4>)
10000d92:	4690      	mov	r8, r2
10000d94:	0002      	movs	r2, r0
10000d96:	4442      	add	r2, r8
10000d98:	9203      	str	r2, [sp, #12]
10000d9a:	1c90      	adds	r0, r2, #2
10000d9c:	4918      	ldr	r1, [pc, #96]	; (10000e00 <irq_add_shared_handler+0x204>)
10000d9e:	f7ff fe79 	bl	10000a94 <make_branch>
10000da2:	8070      	strh	r0, [r6, #2]
10000da4:	9a03      	ldr	r2, [sp, #12]
10000da6:	1d10      	adds	r0, r2, #4
10000da8:	4659      	mov	r1, fp
10000daa:	f7ff fe73 	bl	10000a94 <make_branch>
10000dae:	80b0      	strh	r0, [r6, #4]
10000db0:	4b1e      	ldr	r3, [pc, #120]	; (10000e2c <irq_add_shared_handler+0x230>)
10000db2:	465a      	mov	r2, fp
10000db4:	4641      	mov	r1, r8
10000db6:	1a52      	subs	r2, r2, r1
10000db8:	4152      	adcs	r2, r2
10000dba:	4353      	muls	r3, r2
10000dbc:	0d1b      	lsrs	r3, r3, #20
10000dbe:	71b3      	strb	r3, [r6, #6]
10000dc0:	71f5      	strb	r5, [r6, #7]
10000dc2:	9a01      	ldr	r2, [sp, #4]
10000dc4:	9207      	str	r2, [sp, #28]
10000dc6:	9b02      	ldr	r3, [sp, #8]
10000dc8:	469c      	mov	ip, r3
10000dca:	4467      	add	r7, ip
10000dcc:	00bf      	lsls	r7, r7, #2
10000dce:	4447      	add	r7, r8
10000dd0:	ce0e      	ldmia	r6!, {r1, r2, r3}
10000dd2:	c70e      	stmia	r7!, {r1, r2, r3}
10000dd4:	4b11      	ldr	r3, [pc, #68]	; (10000e1c <irq_add_shared_handler+0x220>)
10000dd6:	465a      	mov	r2, fp
10000dd8:	8013      	strh	r3, [r2, #0]
10000dda:	3b81      	subs	r3, #129	; 0x81
10000ddc:	8053      	strh	r3, [r2, #2]
10000dde:	2301      	movs	r3, #1
10000de0:	431c      	orrs	r4, r3
10000de2:	46a0      	mov	r8, r4
10000de4:	e757      	b.n	10000c96 <irq_add_shared_handler+0x9a>
10000de6:	46c0      	nop			; (mov r8, r8)
10000de8:	d0000124 	.word	0xd0000124
10000dec:	20011ff8 	.word	0x20011ff8
10000df0:	20000bb4 	.word	0x20000bb4
10000df4:	e000ed00 	.word	0xe000ed00
10000df8:	100001cd 	.word	0x100001cd
10000dfc:	ffffa100 	.word	0xffffa100
10000e00:	20000be4 	.word	0x20000be4
10000e04:	ffffbd01 	.word	0xffffbd01
10000e08:	10009224 	.word	0x10009224
10000e0c:	100093f8 	.word	0x100093f8
10000e10:	10009180 	.word	0x10009180
10000e14:	1000924c 	.word	0x1000924c
10000e18:	10009274 	.word	0x10009274
10000e1c:	00004801 	.word	0x00004801
10000e20:	0000bd01 	.word	0x0000bd01
10000e24:	100092e8 	.word	0x100092e8
10000e28:	100093e8 	.word	0x100093e8
10000e2c:	0000aaaa 	.word	0x0000aaaa

10000e30 <irq_remove_handler>:
10000e30:	b5f0      	push	{r4, r5, r6, r7, lr}
10000e32:	46ce      	mov	lr, r9
10000e34:	4647      	mov	r7, r8
10000e36:	b580      	push	{r7, lr}
10000e38:	b083      	sub	sp, #12
10000e3a:	0006      	movs	r6, r0
10000e3c:	000d      	movs	r5, r1
10000e3e:	f3ef 8810 	mrs	r8, PRIMASK
10000e42:	b672      	cpsid	i
10000e44:	4b56      	ldr	r3, [pc, #344]	; (10000fa0 <irq_remove_handler+0x170>)
10000e46:	681b      	ldr	r3, [r3, #0]
10000e48:	2b00      	cmp	r3, #0
10000e4a:	d0fb      	beq.n	10000e44 <irq_remove_handler+0x14>
10000e4c:	f3bf 8f5f 	dmb	sy
10000e50:	4b54      	ldr	r3, [pc, #336]	; (10000fa4 <irq_remove_handler+0x174>)
10000e52:	689a      	ldr	r2, [r3, #8]
10000e54:	0034      	movs	r4, r6
10000e56:	3410      	adds	r4, #16
10000e58:	00a3      	lsls	r3, r4, #2
10000e5a:	58d7      	ldr	r7, [r2, r3]
10000e5c:	4b52      	ldr	r3, [pc, #328]	; (10000fa8 <irq_remove_handler+0x178>)
10000e5e:	429f      	cmp	r7, r3
10000e60:	d007      	beq.n	10000e72 <irq_remove_handler+0x42>
10000e62:	42af      	cmp	r7, r5
10000e64:	d100      	bne.n	10000e68 <irq_remove_handler+0x38>
10000e66:	e098      	b.n	10000f9a <irq_remove_handler+0x16a>
10000e68:	9701      	str	r7, [sp, #4]
10000e6a:	4b50      	ldr	r3, [pc, #320]	; (10000fac <irq_remove_handler+0x17c>)
10000e6c:	1afb      	subs	r3, r7, r3
10000e6e:	2b2f      	cmp	r3, #47	; 0x2f
10000e70:	d909      	bls.n	10000e86 <irq_remove_handler+0x56>
10000e72:	4642      	mov	r2, r8
10000e74:	0039      	movs	r1, r7
10000e76:	0030      	movs	r0, r6
10000e78:	f7ff fdf8 	bl	10000a6c <set_raw_irq_handler_and_unlock>
10000e7c:	b003      	add	sp, #12
10000e7e:	bcc0      	pop	{r6, r7}
10000e80:	46b9      	mov	r9, r7
10000e82:	46b0      	mov	r8, r6
10000e84:	bdf0      	pop	{r4, r5, r6, r7, pc}
10000e86:	0030      	movs	r0, r6
10000e88:	f7ff fe48 	bl	10000b1c <irq_is_enabled>
10000e8c:	4681      	mov	r9, r0
10000e8e:	2100      	movs	r1, #0
10000e90:	0030      	movs	r0, r6
10000e92:	f7ff fe5f 	bl	10000b54 <irq_set_enabled>
10000e96:	f3bf 8f5f 	dmb	sy
10000e9a:	f3ef 8105 	mrs	r1, IPSR
10000e9e:	2900      	cmp	r1, #0
10000ea0:	d001      	beq.n	10000ea6 <irq_remove_handler+0x76>
10000ea2:	428c      	cmp	r4, r1
10000ea4:	d111      	bne.n	10000eca <irq_remove_handler+0x9a>
10000ea6:	2301      	movs	r3, #1
10000ea8:	9c01      	ldr	r4, [sp, #4]
10000eaa:	439c      	bics	r4, r3
10000eac:	2200      	movs	r2, #0
10000eae:	68a3      	ldr	r3, [r4, #8]
10000eb0:	42ab      	cmp	r3, r5
10000eb2:	d012      	beq.n	10000eda <irq_remove_handler+0xaa>
10000eb4:	2206      	movs	r2, #6
10000eb6:	56a2      	ldrsb	r2, [r4, r2]
10000eb8:	2a00      	cmp	r2, #0
10000eba:	db0d      	blt.n	10000ed8 <irq_remove_handler+0xa8>
10000ebc:	0053      	lsls	r3, r2, #1
10000ebe:	189b      	adds	r3, r3, r2
10000ec0:	009b      	lsls	r3, r3, #2
10000ec2:	0022      	movs	r2, r4
10000ec4:	4c39      	ldr	r4, [pc, #228]	; (10000fac <irq_remove_handler+0x17c>)
10000ec6:	18e4      	adds	r4, r4, r3
10000ec8:	e7f1      	b.n	10000eae <irq_remove_handler+0x7e>
10000eca:	2136      	movs	r1, #54	; 0x36
10000ecc:	4b38      	ldr	r3, [pc, #224]	; (10000fb0 <irq_remove_handler+0x180>)
10000ece:	4a39      	ldr	r2, [pc, #228]	; (10000fb4 <irq_remove_handler+0x184>)
10000ed0:	31ff      	adds	r1, #255	; 0xff
10000ed2:	4839      	ldr	r0, [pc, #228]	; (10000fb8 <irq_remove_handler+0x188>)
10000ed4:	f001 fdbe 	bl	10002a54 <__assert_func>
10000ed8:	0022      	movs	r2, r4
10000eda:	42ab      	cmp	r3, r5
10000edc:	d156      	bne.n	10000f8c <irq_remove_handler+0x15c>
10000ede:	2506      	movs	r5, #6
10000ee0:	5765      	ldrsb	r5, [r4, r5]
10000ee2:	2d00      	cmp	r5, #0
10000ee4:	db38      	blt.n	10000f58 <irq_remove_handler+0x128>
10000ee6:	006b      	lsls	r3, r5, #1
10000ee8:	195b      	adds	r3, r3, r5
10000eea:	009a      	lsls	r2, r3, #2
10000eec:	4b2f      	ldr	r3, [pc, #188]	; (10000fac <irq_remove_handler+0x17c>)
10000eee:	189b      	adds	r3, r3, r2
10000ef0:	689a      	ldr	r2, [r3, #8]
10000ef2:	60a2      	str	r2, [r4, #8]
10000ef4:	79da      	ldrb	r2, [r3, #7]
10000ef6:	71e2      	strb	r2, [r4, #7]
10000ef8:	2206      	movs	r2, #6
10000efa:	569a      	ldrsb	r2, [r3, r2]
10000efc:	71a2      	strb	r2, [r4, #6]
10000efe:	799b      	ldrb	r3, [r3, #6]
10000f00:	b25b      	sxtb	r3, r3
10000f02:	2b00      	cmp	r3, #0
10000f04:	da0f      	bge.n	10000f26 <irq_remove_handler+0xf6>
10000f06:	482d      	ldr	r0, [pc, #180]	; (10000fbc <irq_remove_handler+0x18c>)
10000f08:	80a0      	strh	r0, [r4, #4]
10000f0a:	006b      	lsls	r3, r5, #1
10000f0c:	195b      	adds	r3, r3, r5
10000f0e:	009b      	lsls	r3, r3, #2
10000f10:	4a26      	ldr	r2, [pc, #152]	; (10000fac <irq_remove_handler+0x17c>)
10000f12:	18d3      	adds	r3, r2, r3
10000f14:	4a2a      	ldr	r2, [pc, #168]	; (10000fc0 <irq_remove_handler+0x190>)
10000f16:	7811      	ldrb	r1, [r2, #0]
10000f18:	7199      	strb	r1, [r3, #6]
10000f1a:	7015      	strb	r5, [r2, #0]
10000f1c:	4649      	mov	r1, r9
10000f1e:	0030      	movs	r0, r6
10000f20:	f7ff fe18 	bl	10000b54 <irq_set_enabled>
10000f24:	e7a5      	b.n	10000e72 <irq_remove_handler+0x42>
10000f26:	1d20      	adds	r0, r4, #4
10000f28:	006b      	lsls	r3, r5, #1
10000f2a:	195b      	adds	r3, r3, r5
10000f2c:	009b      	lsls	r3, r3, #2
10000f2e:	4a1f      	ldr	r2, [pc, #124]	; (10000fac <irq_remove_handler+0x17c>)
10000f30:	189b      	adds	r3, r3, r2
10000f32:	1d1a      	adds	r2, r3, #4
10000f34:	889b      	ldrh	r3, [r3, #4]
10000f36:	0ad9      	lsrs	r1, r3, #11
10000f38:	291c      	cmp	r1, #28
10000f3a:	d107      	bne.n	10000f4c <irq_remove_handler+0x11c>
10000f3c:	055b      	lsls	r3, r3, #21
10000f3e:	155b      	asrs	r3, r3, #21
10000f40:	3302      	adds	r3, #2
10000f42:	0059      	lsls	r1, r3, #1
10000f44:	1851      	adds	r1, r2, r1
10000f46:	f7ff fda5 	bl	10000a94 <make_branch>
10000f4a:	e7dd      	b.n	10000f08 <irq_remove_handler+0xd8>
10000f4c:	4b1d      	ldr	r3, [pc, #116]	; (10000fc4 <irq_remove_handler+0x194>)
10000f4e:	4a1e      	ldr	r2, [pc, #120]	; (10000fc8 <irq_remove_handler+0x198>)
10000f50:	21b1      	movs	r1, #177	; 0xb1
10000f52:	4819      	ldr	r0, [pc, #100]	; (10000fb8 <irq_remove_handler+0x188>)
10000f54:	f001 fd7e 	bl	10002a54 <__assert_func>
10000f58:	2900      	cmp	r1, #0
10000f5a:	d112      	bne.n	10000f82 <irq_remove_handler+0x152>
10000f5c:	2a00      	cmp	r2, #0
10000f5e:	d00e      	beq.n	10000f7e <irq_remove_handler+0x14e>
10000f60:	23ff      	movs	r3, #255	; 0xff
10000f62:	7193      	strb	r3, [r2, #6]
10000f64:	4b19      	ldr	r3, [pc, #100]	; (10000fcc <irq_remove_handler+0x19c>)
10000f66:	8093      	strh	r3, [r2, #4]
10000f68:	4a15      	ldr	r2, [pc, #84]	; (10000fc0 <irq_remove_handler+0x190>)
10000f6a:	7813      	ldrb	r3, [r2, #0]
10000f6c:	71a3      	strb	r3, [r4, #6]
10000f6e:	4b18      	ldr	r3, [pc, #96]	; (10000fd0 <irq_remove_handler+0x1a0>)
10000f70:	490e      	ldr	r1, [pc, #56]	; (10000fac <irq_remove_handler+0x17c>)
10000f72:	1a64      	subs	r4, r4, r1
10000f74:	4164      	adcs	r4, r4
10000f76:	4363      	muls	r3, r4
10000f78:	0d1b      	lsrs	r3, r3, #20
10000f7a:	7013      	strb	r3, [r2, #0]
10000f7c:	e7ce      	b.n	10000f1c <irq_remove_handler+0xec>
10000f7e:	4f0a      	ldr	r7, [pc, #40]	; (10000fa8 <irq_remove_handler+0x178>)
10000f80:	e7f2      	b.n	10000f68 <irq_remove_handler+0x138>
10000f82:	1d20      	adds	r0, r4, #4
10000f84:	4913      	ldr	r1, [pc, #76]	; (10000fd4 <irq_remove_handler+0x1a4>)
10000f86:	f7ff fda9 	bl	10000adc <insert_branch_and_link>
10000f8a:	e7c7      	b.n	10000f1c <irq_remove_handler+0xec>
10000f8c:	216a      	movs	r1, #106	; 0x6a
10000f8e:	4b12      	ldr	r3, [pc, #72]	; (10000fd8 <irq_remove_handler+0x1a8>)
10000f90:	4a08      	ldr	r2, [pc, #32]	; (10000fb4 <irq_remove_handler+0x184>)
10000f92:	31ff      	adds	r1, #255	; 0xff
10000f94:	4808      	ldr	r0, [pc, #32]	; (10000fb8 <irq_remove_handler+0x188>)
10000f96:	f001 fd5d 	bl	10002a54 <__assert_func>
10000f9a:	4f03      	ldr	r7, [pc, #12]	; (10000fa8 <irq_remove_handler+0x178>)
10000f9c:	e769      	b.n	10000e72 <irq_remove_handler+0x42>
10000f9e:	46c0      	nop			; (mov r8, r8)
10000fa0:	d0000124 	.word	0xd0000124
10000fa4:	e000ed00 	.word	0xe000ed00
10000fa8:	100001cd 	.word	0x100001cd
10000fac:	20000bb4 	.word	0x20000bb4
10000fb0:	10009300 	.word	0x10009300
10000fb4:	100093c8 	.word	0x100093c8
10000fb8:	10009180 	.word	0x10009180
10000fbc:	0000bd01 	.word	0x0000bd01
10000fc0:	20011ff8 	.word	0x20011ff8
10000fc4:	100092e8 	.word	0x100092e8
10000fc8:	100093e8 	.word	0x100093e8
10000fcc:	ffffbd01 	.word	0xffffbd01
10000fd0:	0000aaaa 	.word	0x0000aaaa
10000fd4:	20000bee 	.word	0x20000bee
10000fd8:	10009334 	.word	0x10009334

10000fdc <irq_set_priority>:
10000fdc:	b510      	push	{r4, lr}
10000fde:	2303      	movs	r3, #3
10000fe0:	0004      	movs	r4, r0
10000fe2:	439c      	bics	r4, r3
10000fe4:	4a06      	ldr	r2, [pc, #24]	; (10001000 <irq_set_priority+0x24>)
10000fe6:	4694      	mov	ip, r2
10000fe8:	4464      	add	r4, ip
10000fea:	6822      	ldr	r2, [r4, #0]
10000fec:	4018      	ands	r0, r3
10000fee:	00c0      	lsls	r0, r0, #3
10000ff0:	33fc      	adds	r3, #252	; 0xfc
10000ff2:	4083      	lsls	r3, r0
10000ff4:	439a      	bics	r2, r3
10000ff6:	0013      	movs	r3, r2
10000ff8:	4081      	lsls	r1, r0
10000ffa:	430b      	orrs	r3, r1
10000ffc:	6023      	str	r3, [r4, #0]
10000ffe:	bd10      	pop	{r4, pc}
10001000:	e000e400 	.word	0xe000e400

10001004 <irq_add_tail_to_free_list>:
10001004:	b570      	push	{r4, r5, r6, lr}
10001006:	2101      	movs	r1, #1
10001008:	4301      	orrs	r1, r0
1000100a:	4b2e      	ldr	r3, [pc, #184]	; (100010c4 <irq_add_tail_to_free_list+0xc0>)
1000100c:	1acb      	subs	r3, r1, r3
1000100e:	2b2f      	cmp	r3, #47	; 0x2f
10001010:	d828      	bhi.n	10001064 <irq_add_tail_to_free_list+0x60>
10001012:	f3ef 8305 	mrs	r3, IPSR
10001016:	2b00      	cmp	r3, #0
10001018:	d02b      	beq.n	10001072 <irq_add_tail_to_free_list+0x6e>
1000101a:	f3ef 8c10 	mrs	ip, PRIMASK
1000101e:	b672      	cpsid	i
10001020:	4a29      	ldr	r2, [pc, #164]	; (100010c8 <irq_add_tail_to_free_list+0xc4>)
10001022:	6812      	ldr	r2, [r2, #0]
10001024:	2a00      	cmp	r2, #0
10001026:	d0fb      	beq.n	10001020 <irq_add_tail_to_free_list+0x1c>
10001028:	f3bf 8f5f 	dmb	sy
1000102c:	4a27      	ldr	r2, [pc, #156]	; (100010cc <irq_add_tail_to_free_list+0xc8>)
1000102e:	0004      	movs	r4, r0
10001030:	4d24      	ldr	r5, [pc, #144]	; (100010c4 <irq_add_tail_to_free_list+0xc0>)
10001032:	1b64      	subs	r4, r4, r5
10001034:	4164      	adcs	r4, r4
10001036:	4362      	muls	r2, r4
10001038:	0d12      	lsrs	r2, r2, #20
1000103a:	b254      	sxtb	r4, r2
1000103c:	4a24      	ldr	r2, [pc, #144]	; (100010d0 <irq_add_tail_to_free_list+0xcc>)
1000103e:	6892      	ldr	r2, [r2, #8]
10001040:	009b      	lsls	r3, r3, #2
10001042:	58d2      	ldr	r2, [r2, r3]
10001044:	428a      	cmp	r2, r1
10001046:	d01b      	beq.n	10001080 <irq_add_tail_to_free_list+0x7c>
10001048:	2200      	movs	r2, #0
1000104a:	2a03      	cmp	r2, #3
1000104c:	d832      	bhi.n	100010b4 <irq_add_tail_to_free_list+0xb0>
1000104e:	0053      	lsls	r3, r2, #1
10001050:	189b      	adds	r3, r3, r2
10001052:	009b      	lsls	r3, r3, #2
10001054:	491b      	ldr	r1, [pc, #108]	; (100010c4 <irq_add_tail_to_free_list+0xc0>)
10001056:	18cb      	adds	r3, r1, r3
10001058:	799b      	ldrb	r3, [r3, #6]
1000105a:	b25b      	sxtb	r3, r3
1000105c:	42a3      	cmp	r3, r4
1000105e:	d01f      	beq.n	100010a0 <irq_add_tail_to_free_list+0x9c>
10001060:	3201      	adds	r2, #1
10001062:	e7f2      	b.n	1000104a <irq_add_tail_to_free_list+0x46>
10001064:	21c7      	movs	r1, #199	; 0xc7
10001066:	4b1b      	ldr	r3, [pc, #108]	; (100010d4 <irq_add_tail_to_free_list+0xd0>)
10001068:	4a1b      	ldr	r2, [pc, #108]	; (100010d8 <irq_add_tail_to_free_list+0xd4>)
1000106a:	0049      	lsls	r1, r1, #1
1000106c:	481b      	ldr	r0, [pc, #108]	; (100010dc <irq_add_tail_to_free_list+0xd8>)
1000106e:	f001 fcf1 	bl	10002a54 <__assert_func>
10001072:	2192      	movs	r1, #146	; 0x92
10001074:	4b1a      	ldr	r3, [pc, #104]	; (100010e0 <irq_add_tail_to_free_list+0xdc>)
10001076:	4a18      	ldr	r2, [pc, #96]	; (100010d8 <irq_add_tail_to_free_list+0xd4>)
10001078:	31ff      	adds	r1, #255	; 0xff
1000107a:	4818      	ldr	r0, [pc, #96]	; (100010dc <irq_add_tail_to_free_list+0xd8>)
1000107c:	f001 fcea 	bl	10002a54 <__assert_func>
10001080:	4a13      	ldr	r2, [pc, #76]	; (100010d0 <irq_add_tail_to_free_list+0xcc>)
10001082:	6892      	ldr	r2, [r2, #8]
10001084:	4917      	ldr	r1, [pc, #92]	; (100010e4 <irq_add_tail_to_free_list+0xe0>)
10001086:	50d1      	str	r1, [r2, r3]
10001088:	4b17      	ldr	r3, [pc, #92]	; (100010e8 <irq_add_tail_to_free_list+0xe4>)
1000108a:	781a      	ldrb	r2, [r3, #0]
1000108c:	7182      	strb	r2, [r0, #6]
1000108e:	701c      	strb	r4, [r3, #0]
10001090:	f3bf 8f5f 	dmb	sy
10001094:	4b0c      	ldr	r3, [pc, #48]	; (100010c8 <irq_add_tail_to_free_list+0xc4>)
10001096:	2200      	movs	r2, #0
10001098:	601a      	str	r2, [r3, #0]
1000109a:	f38c 8810 	msr	PRIMASK, ip
1000109e:	bd70      	pop	{r4, r5, r6, pc}
100010a0:	000d      	movs	r5, r1
100010a2:	0053      	lsls	r3, r2, #1
100010a4:	1899      	adds	r1, r3, r2
100010a6:	0089      	lsls	r1, r1, #2
100010a8:	1869      	adds	r1, r5, r1
100010aa:	26ff      	movs	r6, #255	; 0xff
100010ac:	718e      	strb	r6, [r1, #6]
100010ae:	4a0f      	ldr	r2, [pc, #60]	; (100010ec <irq_add_tail_to_free_list+0xe8>)
100010b0:	808a      	strh	r2, [r1, #4]
100010b2:	e7e9      	b.n	10001088 <irq_add_tail_to_free_list+0x84>
100010b4:	21d1      	movs	r1, #209	; 0xd1
100010b6:	4b0e      	ldr	r3, [pc, #56]	; (100010f0 <irq_add_tail_to_free_list+0xec>)
100010b8:	4a07      	ldr	r2, [pc, #28]	; (100010d8 <irq_add_tail_to_free_list+0xd4>)
100010ba:	0049      	lsls	r1, r1, #1
100010bc:	4807      	ldr	r0, [pc, #28]	; (100010dc <irq_add_tail_to_free_list+0xd8>)
100010be:	f001 fcc9 	bl	10002a54 <__assert_func>
100010c2:	46c0      	nop			; (mov r8, r8)
100010c4:	20000bb4 	.word	0x20000bb4
100010c8:	d0000124 	.word	0xd0000124
100010cc:	0000aaaa 	.word	0x0000aaaa
100010d0:	e000ed00 	.word	0xe000ed00
100010d4:	1000933c 	.word	0x1000933c
100010d8:	10009394 	.word	0x10009394
100010dc:	10009180 	.word	0x10009180
100010e0:	10009364 	.word	0x10009364
100010e4:	100001cd 	.word	0x100001cd
100010e8:	20011ff8 	.word	0x20011ff8
100010ec:	ffffbd01 	.word	0xffffbd01
100010f0:	10009370 	.word	0x10009370

100010f4 <irq_init_priorities>:
100010f4:	2200      	movs	r2, #0
100010f6:	4b04      	ldr	r3, [pc, #16]	; (10001108 <irq_init_priorities+0x14>)
100010f8:	e002      	b.n	10001100 <irq_init_priorities+0xc>
100010fa:	4904      	ldr	r1, [pc, #16]	; (1000110c <irq_init_priorities+0x18>)
100010fc:	c302      	stmia	r3!, {r1}
100010fe:	3201      	adds	r2, #1
10001100:	2a07      	cmp	r2, #7
10001102:	d9fa      	bls.n	100010fa <irq_init_priorities+0x6>
10001104:	4770      	bx	lr
10001106:	46c0      	nop			; (mov r8, r8)
10001108:	e000e400 	.word	0xe000e400
1000110c:	80808080 	.word	0x80808080

10001110 <user_irq_claim_unused>:
10001110:	b500      	push	{lr}
10001112:	b083      	sub	sp, #12
10001114:	0001      	movs	r1, r0
10001116:	4b06      	ldr	r3, [pc, #24]	; (10001130 <user_irq_claim_unused+0x20>)
10001118:	9300      	str	r3, [sp, #0]
1000111a:	2305      	movs	r3, #5
1000111c:	2200      	movs	r2, #0
1000111e:	4805      	ldr	r0, [pc, #20]	; (10001134 <user_irq_claim_unused+0x24>)
10001120:	f7ff fc4d 	bl	100009be <hw_claim_unused_from_range>
10001124:	2800      	cmp	r0, #0
10001126:	db01      	blt.n	1000112c <user_irq_claim_unused+0x1c>
10001128:	231f      	movs	r3, #31
1000112a:	1a18      	subs	r0, r3, r0
1000112c:	b003      	add	sp, #12
1000112e:	bd00      	pop	{pc}
10001130:	10009378 	.word	0x10009378
10001134:	20011ffd 	.word	0x20011ffd

10001138 <lock_init>:
10001138:	4b02      	ldr	r3, [pc, #8]	; (10001144 <lock_init+0xc>)
1000113a:	469c      	mov	ip, r3
1000113c:	4461      	add	r1, ip
1000113e:	0089      	lsls	r1, r1, #2
10001140:	6001      	str	r1, [r0, #0]
10001142:	4770      	bx	lr
10001144:	34000040 	.word	0x34000040

10001148 <mutex_init>:
10001148:	b510      	push	{r4, lr}
1000114a:	0004      	movs	r4, r0
1000114c:	f7ff fc70 	bl	10000a30 <next_striped_spin_lock_num>
10001150:	0001      	movs	r1, r0
10001152:	0020      	movs	r0, r4
10001154:	f7ff fff0 	bl	10001138 <lock_init>
10001158:	23ff      	movs	r3, #255	; 0xff
1000115a:	7123      	strb	r3, [r4, #4]
1000115c:	f3bf 8f5f 	dmb	sy
10001160:	bd10      	pop	{r4, pc}

10001162 <recursive_mutex_init>:
10001162:	b510      	push	{r4, lr}
10001164:	0004      	movs	r4, r0
10001166:	f7ff fc63 	bl	10000a30 <next_striped_spin_lock_num>
1000116a:	0001      	movs	r1, r0
1000116c:	0020      	movs	r0, r4
1000116e:	f7ff ffe3 	bl	10001138 <lock_init>
10001172:	23ff      	movs	r3, #255	; 0xff
10001174:	7123      	strb	r3, [r4, #4]
10001176:	2300      	movs	r3, #0
10001178:	7163      	strb	r3, [r4, #5]
1000117a:	f3bf 8f5f 	dmb	sy
1000117e:	bd10      	pop	{r4, pc}

10001180 <critical_section_init_with_lock_num>:
10001180:	4b03      	ldr	r3, [pc, #12]	; (10001190 <critical_section_init_with_lock_num+0x10>)
10001182:	469c      	mov	ip, r3
10001184:	4461      	add	r1, ip
10001186:	0089      	lsls	r1, r1, #2
10001188:	6001      	str	r1, [r0, #0]
1000118a:	f3bf 8f5f 	dmb	sy
1000118e:	4770      	bx	lr
10001190:	34000040 	.word	0x34000040

10001194 <critical_section_init>:
10001194:	b510      	push	{r4, lr}
10001196:	0004      	movs	r4, r0
10001198:	2001      	movs	r0, #1
1000119a:	f7ff fc57 	bl	10000a4c <spin_lock_claim_unused>
1000119e:	0001      	movs	r1, r0
100011a0:	0020      	movs	r0, r4
100011a2:	f7ff ffed 	bl	10001180 <critical_section_init_with_lock_num>
100011a6:	bd10      	pop	{r4, pc}

100011a8 <alarm_pool_post_alloc_init>:
100011a8:	b570      	push	{r4, r5, r6, lr}
100011aa:	0005      	movs	r5, r0
100011ac:	000c      	movs	r4, r1
100011ae:	0008      	movs	r0, r1
100011b0:	f000 ff1c 	bl	10001fec <hardware_alarm_cancel>
100011b4:	4909      	ldr	r1, [pc, #36]	; (100011dc <alarm_pool_post_alloc_init+0x34>)
100011b6:	0020      	movs	r0, r4
100011b8:	f000 fe5c 	bl	10001e74 <hardware_alarm_set_callback>
100011bc:	f7ff fc38 	bl	10000a30 <next_striped_spin_lock_num>
100011c0:	4b07      	ldr	r3, [pc, #28]	; (100011e0 <alarm_pool_post_alloc_init+0x38>)
100011c2:	469c      	mov	ip, r3
100011c4:	4460      	add	r0, ip
100011c6:	0080      	lsls	r0, r0, #2
100011c8:	6068      	str	r0, [r5, #4]
100011ca:	752c      	strb	r4, [r5, #20]
100011cc:	23d0      	movs	r3, #208	; 0xd0
100011ce:	061b      	lsls	r3, r3, #24
100011d0:	781b      	ldrb	r3, [r3, #0]
100011d2:	756b      	strb	r3, [r5, #21]
100011d4:	00a4      	lsls	r4, r4, #2
100011d6:	4b03      	ldr	r3, [pc, #12]	; (100011e4 <alarm_pool_post_alloc_init+0x3c>)
100011d8:	50e5      	str	r5, [r4, r3]
100011da:	bd70      	pop	{r4, r5, r6, pc}
100011dc:	100014ed 	.word	0x100014ed
100011e0:	34000040 	.word	0x34000040
100011e4:	20001c44 	.word	0x20001c44

100011e8 <sleep_until_callback>:
100011e8:	4b0a      	ldr	r3, [pc, #40]	; (10001214 <sleep_until_callback+0x2c>)
100011ea:	681a      	ldr	r2, [r3, #0]
100011ec:	f3ef 8110 	mrs	r1, PRIMASK
100011f0:	b672      	cpsid	i
100011f2:	6813      	ldr	r3, [r2, #0]
100011f4:	2b00      	cmp	r3, #0
100011f6:	d0fc      	beq.n	100011f2 <sleep_until_callback+0xa>
100011f8:	f3bf 8f5f 	dmb	sy
100011fc:	4b05      	ldr	r3, [pc, #20]	; (10001214 <sleep_until_callback+0x2c>)
100011fe:	681b      	ldr	r3, [r3, #0]
10001200:	f3bf 8f5f 	dmb	sy
10001204:	2200      	movs	r2, #0
10001206:	601a      	str	r2, [r3, #0]
10001208:	f381 8810 	msr	PRIMASK, r1
1000120c:	bf40      	sev
1000120e:	2000      	movs	r0, #0
10001210:	2100      	movs	r1, #0
10001212:	4770      	bx	lr
10001214:	20001ee4 	.word	0x20001ee4

10001218 <timer_pool_entry_comparator>:
10001218:	b510      	push	{r4, lr}
1000121a:	2900      	cmp	r1, #0
1000121c:	d022      	beq.n	10001264 <timer_pool_entry_comparator+0x4c>
1000121e:	6803      	ldr	r3, [r0, #0]
10001220:	7b1b      	ldrb	r3, [r3, #12]
10001222:	4299      	cmp	r1, r3
10001224:	d81e      	bhi.n	10001264 <timer_pool_entry_comparator+0x4c>
10001226:	4b17      	ldr	r3, [pc, #92]	; (10001284 <timer_pool_entry_comparator+0x6c>)
10001228:	469c      	mov	ip, r3
1000122a:	4461      	add	r1, ip
1000122c:	0109      	lsls	r1, r1, #4
1000122e:	6883      	ldr	r3, [r0, #8]
10001230:	469c      	mov	ip, r3
10001232:	4461      	add	r1, ip
10001234:	680c      	ldr	r4, [r1, #0]
10001236:	6849      	ldr	r1, [r1, #4]
10001238:	2a00      	cmp	r2, #0
1000123a:	d019      	beq.n	10001270 <timer_pool_entry_comparator+0x58>
1000123c:	6803      	ldr	r3, [r0, #0]
1000123e:	7b1b      	ldrb	r3, [r3, #12]
10001240:	429a      	cmp	r2, r3
10001242:	d815      	bhi.n	10001270 <timer_pool_entry_comparator+0x58>
10001244:	6883      	ldr	r3, [r0, #8]
10001246:	480f      	ldr	r0, [pc, #60]	; (10001284 <timer_pool_entry_comparator+0x6c>)
10001248:	4684      	mov	ip, r0
1000124a:	4462      	add	r2, ip
1000124c:	0112      	lsls	r2, r2, #4
1000124e:	189a      	adds	r2, r3, r2
10001250:	6810      	ldr	r0, [r2, #0]
10001252:	6853      	ldr	r3, [r2, #4]
10001254:	0002      	movs	r2, r0
10001256:	2001      	movs	r0, #1
10001258:	428b      	cmp	r3, r1
1000125a:	d801      	bhi.n	10001260 <timer_pool_entry_comparator+0x48>
1000125c:	d00e      	beq.n	1000127c <timer_pool_entry_comparator+0x64>
1000125e:	2000      	movs	r0, #0
10001260:	b2c0      	uxtb	r0, r0
10001262:	bd10      	pop	{r4, pc}
10001264:	4b08      	ldr	r3, [pc, #32]	; (10001288 <timer_pool_entry_comparator+0x70>)
10001266:	4a09      	ldr	r2, [pc, #36]	; (1000128c <timer_pool_entry_comparator+0x74>)
10001268:	213c      	movs	r1, #60	; 0x3c
1000126a:	4809      	ldr	r0, [pc, #36]	; (10001290 <timer_pool_entry_comparator+0x78>)
1000126c:	f001 fbf2 	bl	10002a54 <__assert_func>
10001270:	4b05      	ldr	r3, [pc, #20]	; (10001288 <timer_pool_entry_comparator+0x70>)
10001272:	4a06      	ldr	r2, [pc, #24]	; (1000128c <timer_pool_entry_comparator+0x74>)
10001274:	213c      	movs	r1, #60	; 0x3c
10001276:	4806      	ldr	r0, [pc, #24]	; (10001290 <timer_pool_entry_comparator+0x78>)
10001278:	f001 fbec 	bl	10002a54 <__assert_func>
1000127c:	42a2      	cmp	r2, r4
1000127e:	d8ef      	bhi.n	10001260 <timer_pool_entry_comparator+0x48>
10001280:	e7ed      	b.n	1000125e <timer_pool_entry_comparator+0x46>
10001282:	46c0      	nop			; (mov r8, r8)
10001284:	0fffffff 	.word	0x0fffffff
10001288:	10009578 	.word	0x10009578
1000128c:	100097f8 	.word	0x100097f8
10001290:	10009524 	.word	0x10009524

10001294 <ph_add_child_node>:
10001294:	b510      	push	{r4, lr}
10001296:	2900      	cmp	r1, #0
10001298:	d01e      	beq.n	100012d8 <ph_add_child_node+0x44>
1000129a:	7b03      	ldrb	r3, [r0, #12]
1000129c:	4299      	cmp	r1, r3
1000129e:	d81b      	bhi.n	100012d8 <ph_add_child_node+0x44>
100012a0:	004b      	lsls	r3, r1, #1
100012a2:	185b      	adds	r3, r3, r1
100012a4:	3b03      	subs	r3, #3
100012a6:	6804      	ldr	r4, [r0, #0]
100012a8:	46a4      	mov	ip, r4
100012aa:	4463      	add	r3, ip
100012ac:	2900      	cmp	r1, #0
100012ae:	d019      	beq.n	100012e4 <ph_add_child_node+0x50>
100012b0:	2a00      	cmp	r2, #0
100012b2:	d01d      	beq.n	100012f0 <ph_add_child_node+0x5c>
100012b4:	4291      	cmp	r1, r2
100012b6:	d021      	beq.n	100012fc <ph_add_child_node+0x68>
100012b8:	2a00      	cmp	r2, #0
100012ba:	d025      	beq.n	10001308 <ph_add_child_node+0x74>
100012bc:	7b04      	ldrb	r4, [r0, #12]
100012be:	42a2      	cmp	r2, r4
100012c0:	d822      	bhi.n	10001308 <ph_add_child_node+0x74>
100012c2:	6804      	ldr	r4, [r0, #0]
100012c4:	0050      	lsls	r0, r2, #1
100012c6:	1880      	adds	r0, r0, r2
100012c8:	3803      	subs	r0, #3
100012ca:	1820      	adds	r0, r4, r0
100012cc:	7081      	strb	r1, [r0, #2]
100012ce:	7819      	ldrb	r1, [r3, #0]
100012d0:	2900      	cmp	r1, #0
100012d2:	d11f      	bne.n	10001314 <ph_add_child_node+0x80>
100012d4:	701a      	strb	r2, [r3, #0]
100012d6:	bd10      	pop	{r4, pc}
100012d8:	4b10      	ldr	r3, [pc, #64]	; (1000131c <ph_add_child_node+0x88>)
100012da:	4a11      	ldr	r2, [pc, #68]	; (10001320 <ph_add_child_node+0x8c>)
100012dc:	2168      	movs	r1, #104	; 0x68
100012de:	4811      	ldr	r0, [pc, #68]	; (10001324 <ph_add_child_node+0x90>)
100012e0:	f001 fbb8 	bl	10002a54 <__assert_func>
100012e4:	4b10      	ldr	r3, [pc, #64]	; (10001328 <ph_add_child_node+0x94>)
100012e6:	4a11      	ldr	r2, [pc, #68]	; (1000132c <ph_add_child_node+0x98>)
100012e8:	316f      	adds	r1, #111	; 0x6f
100012ea:	480e      	ldr	r0, [pc, #56]	; (10001324 <ph_add_child_node+0x90>)
100012ec:	f001 fbb2 	bl	10002a54 <__assert_func>
100012f0:	4b0f      	ldr	r3, [pc, #60]	; (10001330 <ph_add_child_node+0x9c>)
100012f2:	4a0e      	ldr	r2, [pc, #56]	; (1000132c <ph_add_child_node+0x98>)
100012f4:	2170      	movs	r1, #112	; 0x70
100012f6:	480b      	ldr	r0, [pc, #44]	; (10001324 <ph_add_child_node+0x90>)
100012f8:	f001 fbac 	bl	10002a54 <__assert_func>
100012fc:	4b0d      	ldr	r3, [pc, #52]	; (10001334 <ph_add_child_node+0xa0>)
100012fe:	4a0b      	ldr	r2, [pc, #44]	; (1000132c <ph_add_child_node+0x98>)
10001300:	2171      	movs	r1, #113	; 0x71
10001302:	4808      	ldr	r0, [pc, #32]	; (10001324 <ph_add_child_node+0x90>)
10001304:	f001 fba6 	bl	10002a54 <__assert_func>
10001308:	4b04      	ldr	r3, [pc, #16]	; (1000131c <ph_add_child_node+0x88>)
1000130a:	4a05      	ldr	r2, [pc, #20]	; (10001320 <ph_add_child_node+0x8c>)
1000130c:	2168      	movs	r1, #104	; 0x68
1000130e:	4805      	ldr	r0, [pc, #20]	; (10001324 <ph_add_child_node+0x90>)
10001310:	f001 fba0 	bl	10002a54 <__assert_func>
10001314:	7041      	strb	r1, [r0, #1]
10001316:	701a      	strb	r2, [r3, #0]
10001318:	e7dd      	b.n	100012d6 <ph_add_child_node+0x42>
1000131a:	46c0      	nop			; (mov r8, r8)
1000131c:	1000959c 	.word	0x1000959c
10001320:	10009864 	.word	0x10009864
10001324:	100095b8 	.word	0x100095b8
10001328:	10009620 	.word	0x10009620
1000132c:	10009840 	.word	0x10009840
10001330:	1000962c 	.word	0x1000962c
10001334:	10009638 	.word	0x10009638

10001338 <ph_merge_nodes>:
10001338:	b570      	push	{r4, r5, r6, lr}
1000133a:	0006      	movs	r6, r0
1000133c:	000d      	movs	r5, r1
1000133e:	0014      	movs	r4, r2
10001340:	2900      	cmp	r1, #0
10001342:	d014      	beq.n	1000136e <ph_merge_nodes+0x36>
10001344:	2a00      	cmp	r2, #0
10001346:	d014      	beq.n	10001372 <ph_merge_nodes+0x3a>
10001348:	6880      	ldr	r0, [r0, #8]
1000134a:	6873      	ldr	r3, [r6, #4]
1000134c:	4798      	blx	r3
1000134e:	2800      	cmp	r0, #0
10001350:	d006      	beq.n	10001360 <ph_merge_nodes+0x28>
10001352:	0022      	movs	r2, r4
10001354:	0029      	movs	r1, r5
10001356:	0030      	movs	r0, r6
10001358:	f7ff ff9c 	bl	10001294 <ph_add_child_node>
1000135c:	0028      	movs	r0, r5
1000135e:	e007      	b.n	10001370 <ph_merge_nodes+0x38>
10001360:	002a      	movs	r2, r5
10001362:	0021      	movs	r1, r4
10001364:	0030      	movs	r0, r6
10001366:	f7ff ff95 	bl	10001294 <ph_add_child_node>
1000136a:	0020      	movs	r0, r4
1000136c:	e000      	b.n	10001370 <ph_merge_nodes+0x38>
1000136e:	0010      	movs	r0, r2
10001370:	bd70      	pop	{r4, r5, r6, pc}
10001372:	0008      	movs	r0, r1
10001374:	e7fc      	b.n	10001370 <ph_merge_nodes+0x38>
	...

10001378 <add_alarm_under_lock>:
10001378:	b5f0      	push	{r4, r5, r6, r7, lr}
1000137a:	b083      	sub	sp, #12
1000137c:	0005      	movs	r5, r0
1000137e:	9200      	str	r2, [sp, #0]
10001380:	9301      	str	r3, [sp, #4]
10001382:	ab0a      	add	r3, sp, #40	; 0x28
10001384:	781c      	ldrb	r4, [r3, #0]
10001386:	ab0b      	add	r3, sp, #44	; 0x2c
10001388:	781f      	ldrb	r7, [r3, #0]
1000138a:	2c00      	cmp	r4, #0
1000138c:	d026      	beq.n	100013dc <add_alarm_under_lock+0x64>
1000138e:	6803      	ldr	r3, [r0, #0]
10001390:	7b5a      	ldrb	r2, [r3, #13]
10001392:	4294      	cmp	r4, r2
10001394:	d107      	bne.n	100013a6 <add_alarm_under_lock+0x2e>
10001396:	2301      	movs	r3, #1
10001398:	2b00      	cmp	r3, #0
1000139a:	d119      	bne.n	100013d0 <add_alarm_under_lock+0x58>
1000139c:	2c00      	cmp	r4, #0
1000139e:	d13b      	bne.n	10001418 <add_alarm_under_lock+0xa0>
100013a0:	0020      	movs	r0, r4
100013a2:	b003      	add	sp, #12
100013a4:	bdf0      	pop	{r4, r5, r6, r7, pc}
100013a6:	2c00      	cmp	r4, #0
100013a8:	d00c      	beq.n	100013c4 <add_alarm_under_lock+0x4c>
100013aa:	7b1a      	ldrb	r2, [r3, #12]
100013ac:	4294      	cmp	r4, r2
100013ae:	d809      	bhi.n	100013c4 <add_alarm_under_lock+0x4c>
100013b0:	681a      	ldr	r2, [r3, #0]
100013b2:	0063      	lsls	r3, r4, #1
100013b4:	191b      	adds	r3, r3, r4
100013b6:	3b03      	subs	r3, #3
100013b8:	18d3      	adds	r3, r2, r3
100013ba:	789b      	ldrb	r3, [r3, #2]
100013bc:	2b00      	cmp	r3, #0
100013be:	d0eb      	beq.n	10001398 <add_alarm_under_lock+0x20>
100013c0:	2301      	movs	r3, #1
100013c2:	e7e9      	b.n	10001398 <add_alarm_under_lock+0x20>
100013c4:	4b3e      	ldr	r3, [pc, #248]	; (100014c0 <add_alarm_under_lock+0x148>)
100013c6:	4a3f      	ldr	r2, [pc, #252]	; (100014c4 <add_alarm_under_lock+0x14c>)
100013c8:	2168      	movs	r1, #104	; 0x68
100013ca:	483f      	ldr	r0, [pc, #252]	; (100014c8 <add_alarm_under_lock+0x150>)
100013cc:	f001 fb42 	bl	10002a54 <__assert_func>
100013d0:	4b3e      	ldr	r3, [pc, #248]	; (100014cc <add_alarm_under_lock+0x154>)
100013d2:	4a3f      	ldr	r2, [pc, #252]	; (100014d0 <add_alarm_under_lock+0x158>)
100013d4:	2167      	movs	r1, #103	; 0x67
100013d6:	483f      	ldr	r0, [pc, #252]	; (100014d4 <add_alarm_under_lock+0x15c>)
100013d8:	f001 fb3c 	bl	10002a54 <__assert_func>
100013dc:	6803      	ldr	r3, [r0, #0]
100013de:	7b9c      	ldrb	r4, [r3, #14]
100013e0:	2c00      	cmp	r4, #0
100013e2:	d0db      	beq.n	1000139c <add_alarm_under_lock+0x24>
100013e4:	d012      	beq.n	1000140c <add_alarm_under_lock+0x94>
100013e6:	7b1a      	ldrb	r2, [r3, #12]
100013e8:	4294      	cmp	r4, r2
100013ea:	d80f      	bhi.n	1000140c <add_alarm_under_lock+0x94>
100013ec:	0062      	lsls	r2, r4, #1
100013ee:	1912      	adds	r2, r2, r4
100013f0:	3a03      	subs	r2, #3
100013f2:	6819      	ldr	r1, [r3, #0]
100013f4:	468c      	mov	ip, r1
100013f6:	4462      	add	r2, ip
100013f8:	7851      	ldrb	r1, [r2, #1]
100013fa:	7399      	strb	r1, [r3, #14]
100013fc:	2900      	cmp	r1, #0
100013fe:	d100      	bne.n	10001402 <add_alarm_under_lock+0x8a>
10001400:	73d9      	strb	r1, [r3, #15]
10001402:	2300      	movs	r3, #0
10001404:	7093      	strb	r3, [r2, #2]
10001406:	7053      	strb	r3, [r2, #1]
10001408:	7013      	strb	r3, [r2, #0]
1000140a:	e7c7      	b.n	1000139c <add_alarm_under_lock+0x24>
1000140c:	4b2c      	ldr	r3, [pc, #176]	; (100014c0 <add_alarm_under_lock+0x148>)
1000140e:	4a2d      	ldr	r2, [pc, #180]	; (100014c4 <add_alarm_under_lock+0x14c>)
10001410:	2168      	movs	r1, #104	; 0x68
10001412:	482d      	ldr	r0, [pc, #180]	; (100014c8 <add_alarm_under_lock+0x150>)
10001414:	f001 fb1e 	bl	10002a54 <__assert_func>
10001418:	2c00      	cmp	r4, #0
1000141a:	d03a      	beq.n	10001492 <add_alarm_under_lock+0x11a>
1000141c:	682b      	ldr	r3, [r5, #0]
1000141e:	7b1b      	ldrb	r3, [r3, #12]
10001420:	429c      	cmp	r4, r3
10001422:	d836      	bhi.n	10001492 <add_alarm_under_lock+0x11a>
10001424:	4b2c      	ldr	r3, [pc, #176]	; (100014d8 <add_alarm_under_lock+0x160>)
10001426:	18e3      	adds	r3, r4, r3
10001428:	011b      	lsls	r3, r3, #4
1000142a:	68aa      	ldr	r2, [r5, #8]
1000142c:	4694      	mov	ip, r2
1000142e:	4463      	add	r3, ip
10001430:	9a00      	ldr	r2, [sp, #0]
10001432:	601a      	str	r2, [r3, #0]
10001434:	9a01      	ldr	r2, [sp, #4]
10001436:	605a      	str	r2, [r3, #4]
10001438:	9a08      	ldr	r2, [sp, #32]
1000143a:	609a      	str	r2, [r3, #8]
1000143c:	9a09      	ldr	r2, [sp, #36]	; 0x24
1000143e:	60da      	str	r2, [r3, #12]
10001440:	682e      	ldr	r6, [r5, #0]
10001442:	2c00      	cmp	r4, #0
10001444:	d02b      	beq.n	1000149e <add_alarm_under_lock+0x126>
10001446:	d030      	beq.n	100014aa <add_alarm_under_lock+0x132>
10001448:	7b33      	ldrb	r3, [r6, #12]
1000144a:	429c      	cmp	r4, r3
1000144c:	d82d      	bhi.n	100014aa <add_alarm_under_lock+0x132>
1000144e:	0063      	lsls	r3, r4, #1
10001450:	191b      	adds	r3, r3, r4
10001452:	3b03      	subs	r3, #3
10001454:	6832      	ldr	r2, [r6, #0]
10001456:	4694      	mov	ip, r2
10001458:	4463      	add	r3, ip
1000145a:	2200      	movs	r2, #0
1000145c:	709a      	strb	r2, [r3, #2]
1000145e:	705a      	strb	r2, [r3, #1]
10001460:	701a      	strb	r2, [r3, #0]
10001462:	7b71      	ldrb	r1, [r6, #13]
10001464:	0022      	movs	r2, r4
10001466:	0030      	movs	r0, r6
10001468:	f7ff ff66 	bl	10001338 <ph_merge_nodes>
1000146c:	7370      	strb	r0, [r6, #13]
1000146e:	4284      	cmp	r4, r0
10001470:	d000      	beq.n	10001474 <add_alarm_under_lock+0xfc>
10001472:	e795      	b.n	100013a0 <add_alarm_under_lock+0x28>
10001474:	7d28      	ldrb	r0, [r5, #20]
10001476:	9a00      	ldr	r2, [sp, #0]
10001478:	9b01      	ldr	r3, [sp, #4]
1000147a:	f000 fd43 	bl	10001f04 <hardware_alarm_set_target>
1000147e:	1e06      	subs	r6, r0, #0
10001480:	d001      	beq.n	10001486 <add_alarm_under_lock+0x10e>
10001482:	2f00      	cmp	r7, #0
10001484:	d017      	beq.n	100014b6 <add_alarm_under_lock+0x13e>
10001486:	9b0c      	ldr	r3, [sp, #48]	; 0x30
10001488:	2b00      	cmp	r3, #0
1000148a:	d100      	bne.n	1000148e <add_alarm_under_lock+0x116>
1000148c:	e788      	b.n	100013a0 <add_alarm_under_lock+0x28>
1000148e:	701e      	strb	r6, [r3, #0]
10001490:	e786      	b.n	100013a0 <add_alarm_under_lock+0x28>
10001492:	4b12      	ldr	r3, [pc, #72]	; (100014dc <add_alarm_under_lock+0x164>)
10001494:	4a12      	ldr	r2, [pc, #72]	; (100014e0 <add_alarm_under_lock+0x168>)
10001496:	213c      	movs	r1, #60	; 0x3c
10001498:	480e      	ldr	r0, [pc, #56]	; (100014d4 <add_alarm_under_lock+0x15c>)
1000149a:	f001 fadb 	bl	10002a54 <__assert_func>
1000149e:	4b11      	ldr	r3, [pc, #68]	; (100014e4 <add_alarm_under_lock+0x16c>)
100014a0:	4a11      	ldr	r2, [pc, #68]	; (100014e8 <add_alarm_under_lock+0x170>)
100014a2:	21a5      	movs	r1, #165	; 0xa5
100014a4:	4808      	ldr	r0, [pc, #32]	; (100014c8 <add_alarm_under_lock+0x150>)
100014a6:	f001 fad5 	bl	10002a54 <__assert_func>
100014aa:	4b05      	ldr	r3, [pc, #20]	; (100014c0 <add_alarm_under_lock+0x148>)
100014ac:	4a05      	ldr	r2, [pc, #20]	; (100014c4 <add_alarm_under_lock+0x14c>)
100014ae:	2168      	movs	r1, #104	; 0x68
100014b0:	4805      	ldr	r0, [pc, #20]	; (100014c8 <add_alarm_under_lock+0x150>)
100014b2:	f001 facf 	bl	10002a54 <__assert_func>
100014b6:	6828      	ldr	r0, [r5, #0]
100014b8:	0021      	movs	r1, r4
100014ba:	f000 ff5b 	bl	10002374 <ph_remove_and_free_node>
100014be:	e7e2      	b.n	10001486 <add_alarm_under_lock+0x10e>
100014c0:	1000959c 	.word	0x1000959c
100014c4:	10009864 	.word	0x10009864
100014c8:	100095b8 	.word	0x100095b8
100014cc:	10009650 	.word	0x10009650
100014d0:	10009870 	.word	0x10009870
100014d4:	10009524 	.word	0x10009524
100014d8:	0fffffff 	.word	0x0fffffff
100014dc:	10009578 	.word	0x10009578
100014e0:	100097f8 	.word	0x100097f8
100014e4:	10009520 	.word	0x10009520
100014e8:	10009854 	.word	0x10009854

100014ec <alarm_pool_alarm_callback>:
100014ec:	b5f0      	push	{r4, r5, r6, r7, lr}
100014ee:	46de      	mov	lr, fp
100014f0:	4657      	mov	r7, sl
100014f2:	464e      	mov	r6, r9
100014f4:	4645      	mov	r5, r8
100014f6:	b5e0      	push	{r5, r6, r7, lr}
100014f8:	b08b      	sub	sp, #44	; 0x2c
100014fa:	9009      	str	r0, [sp, #36]	; 0x24
100014fc:	2300      	movs	r3, #0
100014fe:	9308      	str	r3, [sp, #32]
10001500:	0082      	lsls	r2, r0, #2
10001502:	4bb5      	ldr	r3, [pc, #724]	; (100017d8 <alarm_pool_alarm_callback+0x2ec>)
10001504:	58d6      	ldr	r6, [r2, r3]
10001506:	0037      	movs	r7, r6
10001508:	e052      	b.n	100015b0 <alarm_pool_alarm_callback+0xc4>
1000150a:	4bb4      	ldr	r3, [pc, #720]	; (100017dc <alarm_pool_alarm_callback+0x2f0>)
1000150c:	4ab4      	ldr	r2, [pc, #720]	; (100017e0 <alarm_pool_alarm_callback+0x2f4>)
1000150e:	213f      	movs	r1, #63	; 0x3f
10001510:	48b4      	ldr	r0, [pc, #720]	; (100017e4 <alarm_pool_alarm_callback+0x2f8>)
10001512:	f001 fa9f 	bl	10002a54 <__assert_func>
10001516:	4bb4      	ldr	r3, [pc, #720]	; (100017e8 <alarm_pool_alarm_callback+0x2fc>)
10001518:	4ab4      	ldr	r2, [pc, #720]	; (100017ec <alarm_pool_alarm_callback+0x300>)
1000151a:	213c      	movs	r1, #60	; 0x3c
1000151c:	48b4      	ldr	r0, [pc, #720]	; (100017f0 <alarm_pool_alarm_callback+0x304>)
1000151e:	f001 fa99 	bl	10002a54 <__assert_func>
10001522:	2900      	cmp	r1, #0
10001524:	d101      	bne.n	1000152a <alarm_pool_alarm_callback+0x3e>
10001526:	2800      	cmp	r0, #0
10001528:	d169      	bne.n	100015fe <alarm_pool_alarm_callback+0x112>
1000152a:	2100      	movs	r1, #0
1000152c:	4640      	mov	r0, r8
1000152e:	f000 ff17 	bl	10002360 <ph_remove_head>
10001532:	42a0      	cmp	r0, r4
10001534:	d119      	bne.n	1000156a <alarm_pool_alarm_callback+0x7e>
10001536:	682a      	ldr	r2, [r5, #0]
10001538:	686b      	ldr	r3, [r5, #4]
1000153a:	9206      	str	r2, [sp, #24]
1000153c:	9307      	str	r3, [sp, #28]
1000153e:	68ab      	ldr	r3, [r5, #8]
10001540:	4698      	mov	r8, r3
10001542:	68eb      	ldr	r3, [r5, #12]
10001544:	469a      	mov	sl, r3
10001546:	4643      	mov	r3, r8
10001548:	2b00      	cmp	r3, #0
1000154a:	d014      	beq.n	10001576 <alarm_pool_alarm_callback+0x8a>
1000154c:	2c00      	cmp	r4, #0
1000154e:	d018      	beq.n	10001582 <alarm_pool_alarm_callback+0x96>
10001550:	683b      	ldr	r3, [r7, #0]
10001552:	7b1b      	ldrb	r3, [r3, #12]
10001554:	429c      	cmp	r4, r3
10001556:	d814      	bhi.n	10001582 <alarm_pool_alarm_callback+0x96>
10001558:	1e63      	subs	r3, r4, #1
1000155a:	68fa      	ldr	r2, [r7, #12]
1000155c:	5cd3      	ldrb	r3, [r2, r3]
1000155e:	9308      	str	r3, [sp, #32]
10001560:	021b      	lsls	r3, r3, #8
10001562:	4318      	orrs	r0, r3
10001564:	6138      	str	r0, [r7, #16]
10001566:	2000      	movs	r0, #0
10001568:	e015      	b.n	10001596 <alarm_pool_alarm_callback+0xaa>
1000156a:	4ba2      	ldr	r3, [pc, #648]	; (100017f4 <alarm_pool_alarm_callback+0x308>)
1000156c:	4aa2      	ldr	r2, [pc, #648]	; (100017f8 <alarm_pool_alarm_callback+0x30c>)
1000156e:	218e      	movs	r1, #142	; 0x8e
10001570:	489f      	ldr	r0, [pc, #636]	; (100017f0 <alarm_pool_alarm_callback+0x304>)
10001572:	f001 fa6f 	bl	10002a54 <__assert_func>
10001576:	4ba1      	ldr	r3, [pc, #644]	; (100017fc <alarm_pool_alarm_callback+0x310>)
10001578:	4a9f      	ldr	r2, [pc, #636]	; (100017f8 <alarm_pool_alarm_callback+0x30c>)
1000157a:	2192      	movs	r1, #146	; 0x92
1000157c:	489c      	ldr	r0, [pc, #624]	; (100017f0 <alarm_pool_alarm_callback+0x304>)
1000157e:	f001 fa69 	bl	10002a54 <__assert_func>
10001582:	4b99      	ldr	r3, [pc, #612]	; (100017e8 <alarm_pool_alarm_callback+0x2fc>)
10001584:	4a9e      	ldr	r2, [pc, #632]	; (10001800 <alarm_pool_alarm_callback+0x314>)
10001586:	2141      	movs	r1, #65	; 0x41
10001588:	4899      	ldr	r0, [pc, #612]	; (100017f0 <alarm_pool_alarm_callback+0x304>)
1000158a:	f001 fa63 	bl	10002a54 <__assert_func>
1000158e:	2300      	movs	r3, #0
10001590:	469a      	mov	sl, r3
10001592:	4698      	mov	r8, r3
10001594:	2000      	movs	r0, #0
10001596:	687b      	ldr	r3, [r7, #4]
10001598:	f3bf 8f5f 	dmb	sy
1000159c:	2200      	movs	r2, #0
1000159e:	601a      	str	r2, [r3, #0]
100015a0:	f386 8810 	msr	PRIMASK, r6
100015a4:	4643      	mov	r3, r8
100015a6:	2b00      	cmp	r3, #0
100015a8:	d132      	bne.n	10001610 <alarm_pool_alarm_callback+0x124>
100015aa:	2800      	cmp	r0, #0
100015ac:	d100      	bne.n	100015b0 <alarm_pool_alarm_callback+0xc4>
100015ae:	e10c      	b.n	100017ca <alarm_pool_alarm_callback+0x2de>
100015b0:	f000 fc1c 	bl	10001dec <time_us_64>
100015b4:	0002      	movs	r2, r0
100015b6:	1e0b      	subs	r3, r1, #0
100015b8:	dba7      	blt.n	1000150a <alarm_pool_alarm_callback+0x1e>
100015ba:	2000      	movs	r0, #0
100015bc:	2100      	movs	r1, #0
100015be:	9006      	str	r0, [sp, #24]
100015c0:	9107      	str	r1, [sp, #28]
100015c2:	6878      	ldr	r0, [r7, #4]
100015c4:	f3ef 8610 	mrs	r6, PRIMASK
100015c8:	b672      	cpsid	i
100015ca:	6801      	ldr	r1, [r0, #0]
100015cc:	2900      	cmp	r1, #0
100015ce:	d0fc      	beq.n	100015ca <alarm_pool_alarm_callback+0xde>
100015d0:	f3bf 8f5f 	dmb	sy
100015d4:	6839      	ldr	r1, [r7, #0]
100015d6:	4688      	mov	r8, r1
100015d8:	7b4c      	ldrb	r4, [r1, #13]
100015da:	2c00      	cmp	r4, #0
100015dc:	d0d7      	beq.n	1000158e <alarm_pool_alarm_callback+0xa2>
100015de:	d09a      	beq.n	10001516 <alarm_pool_alarm_callback+0x2a>
100015e0:	7b09      	ldrb	r1, [r1, #12]
100015e2:	428c      	cmp	r4, r1
100015e4:	d897      	bhi.n	10001516 <alarm_pool_alarm_callback+0x2a>
100015e6:	4987      	ldr	r1, [pc, #540]	; (10001804 <alarm_pool_alarm_callback+0x318>)
100015e8:	1865      	adds	r5, r4, r1
100015ea:	012d      	lsls	r5, r5, #4
100015ec:	68b9      	ldr	r1, [r7, #8]
100015ee:	468c      	mov	ip, r1
100015f0:	4465      	add	r5, ip
100015f2:	6828      	ldr	r0, [r5, #0]
100015f4:	6869      	ldr	r1, [r5, #4]
100015f6:	1a80      	subs	r0, r0, r2
100015f8:	4199      	sbcs	r1, r3
100015fa:	2900      	cmp	r1, #0
100015fc:	dd91      	ble.n	10001522 <alarm_pool_alarm_callback+0x36>
100015fe:	682a      	ldr	r2, [r5, #0]
10001600:	686b      	ldr	r3, [r5, #4]
10001602:	9809      	ldr	r0, [sp, #36]	; 0x24
10001604:	f000 fc7e 	bl	10001f04 <hardware_alarm_set_target>
10001608:	2300      	movs	r3, #0
1000160a:	469a      	mov	sl, r3
1000160c:	4698      	mov	r8, r3
1000160e:	e7c2      	b.n	10001596 <alarm_pool_alarm_callback+0xaa>
10001610:	9b08      	ldr	r3, [sp, #32]
10001612:	021b      	lsls	r3, r3, #8
10001614:	4323      	orrs	r3, r4
10001616:	4699      	mov	r9, r3
10001618:	4651      	mov	r1, sl
1000161a:	0018      	movs	r0, r3
1000161c:	47c0      	blx	r8
1000161e:	0005      	movs	r5, r0
10001620:	000e      	movs	r6, r1
10001622:	687a      	ldr	r2, [r7, #4]
10001624:	f3ef 8b10 	mrs	fp, PRIMASK
10001628:	b672      	cpsid	i
1000162a:	6813      	ldr	r3, [r2, #0]
1000162c:	4259      	negs	r1, r3
1000162e:	414b      	adcs	r3, r1
10001630:	b2d9      	uxtb	r1, r3
10001632:	2b00      	cmp	r3, #0
10001634:	d1f9      	bne.n	1000162a <alarm_pool_alarm_callback+0x13e>
10001636:	f3bf 8f5f 	dmb	sy
1000163a:	2e00      	cmp	r6, #0
1000163c:	db1e      	blt.n	1000167c <alarm_pool_alarm_callback+0x190>
1000163e:	2e00      	cmp	r6, #0
10001640:	dd46      	ble.n	100016d0 <alarm_pool_alarm_callback+0x1e4>
10001642:	693b      	ldr	r3, [r7, #16]
10001644:	2b00      	cmp	r3, #0
10001646:	d047      	beq.n	100016d8 <alarm_pool_alarm_callback+0x1ec>
10001648:	454b      	cmp	r3, r9
1000164a:	d16d      	bne.n	10001728 <alarm_pool_alarm_callback+0x23c>
1000164c:	f000 fbce 	bl	10001dec <time_us_64>
10001650:	0002      	movs	r2, r0
10001652:	1e0b      	subs	r3, r1, #0
10001654:	db6e      	blt.n	10001734 <alarm_pool_alarm_callback+0x248>
10001656:	1952      	adds	r2, r2, r5
10001658:	4173      	adcs	r3, r6
1000165a:	2b00      	cmp	r3, #0
1000165c:	db70      	blt.n	10001740 <alarm_pool_alarm_callback+0x254>
1000165e:	2b00      	cmp	r3, #0
10001660:	db72      	blt.n	10001748 <alarm_pool_alarm_callback+0x25c>
10001662:	2100      	movs	r1, #0
10001664:	9104      	str	r1, [sp, #16]
10001666:	3101      	adds	r1, #1
10001668:	9103      	str	r1, [sp, #12]
1000166a:	9402      	str	r4, [sp, #8]
1000166c:	4651      	mov	r1, sl
1000166e:	9101      	str	r1, [sp, #4]
10001670:	4641      	mov	r1, r8
10001672:	9100      	str	r1, [sp, #0]
10001674:	0038      	movs	r0, r7
10001676:	f7ff fe7f 	bl	10001378 <add_alarm_under_lock>
1000167a:	e04c      	b.n	10001716 <alarm_pool_alarm_callback+0x22a>
1000167c:	693b      	ldr	r3, [r7, #16]
1000167e:	2b00      	cmp	r3, #0
10001680:	d0dd      	beq.n	1000163e <alarm_pool_alarm_callback+0x152>
10001682:	454b      	cmp	r3, r9
10001684:	d114      	bne.n	100016b0 <alarm_pool_alarm_callback+0x1c4>
10001686:	9a06      	ldr	r2, [sp, #24]
10001688:	9b07      	ldr	r3, [sp, #28]
1000168a:	1b52      	subs	r2, r2, r5
1000168c:	41b3      	sbcs	r3, r6
1000168e:	2b00      	cmp	r3, #0
10001690:	db14      	blt.n	100016bc <alarm_pool_alarm_callback+0x1d0>
10001692:	2b00      	cmp	r3, #0
10001694:	db16      	blt.n	100016c4 <alarm_pool_alarm_callback+0x1d8>
10001696:	2100      	movs	r1, #0
10001698:	9104      	str	r1, [sp, #16]
1000169a:	3101      	adds	r1, #1
1000169c:	9103      	str	r1, [sp, #12]
1000169e:	9402      	str	r4, [sp, #8]
100016a0:	4651      	mov	r1, sl
100016a2:	9101      	str	r1, [sp, #4]
100016a4:	4641      	mov	r1, r8
100016a6:	9100      	str	r1, [sp, #0]
100016a8:	0038      	movs	r0, r7
100016aa:	f7ff fe65 	bl	10001378 <add_alarm_under_lock>
100016ae:	e032      	b.n	10001716 <alarm_pool_alarm_callback+0x22a>
100016b0:	4b55      	ldr	r3, [pc, #340]	; (10001808 <alarm_pool_alarm_callback+0x31c>)
100016b2:	4a51      	ldr	r2, [pc, #324]	; (100017f8 <alarm_pool_alarm_callback+0x30c>)
100016b4:	21a1      	movs	r1, #161	; 0xa1
100016b6:	484e      	ldr	r0, [pc, #312]	; (100017f0 <alarm_pool_alarm_callback+0x304>)
100016b8:	f001 f9cc 	bl	10002a54 <__assert_func>
100016bc:	2201      	movs	r2, #1
100016be:	4252      	negs	r2, r2
100016c0:	4b52      	ldr	r3, [pc, #328]	; (1000180c <alarm_pool_alarm_callback+0x320>)
100016c2:	e7e6      	b.n	10001692 <alarm_pool_alarm_callback+0x1a6>
100016c4:	4b45      	ldr	r3, [pc, #276]	; (100017dc <alarm_pool_alarm_callback+0x2f0>)
100016c6:	4a46      	ldr	r2, [pc, #280]	; (100017e0 <alarm_pool_alarm_callback+0x2f4>)
100016c8:	213f      	movs	r1, #63	; 0x3f
100016ca:	4846      	ldr	r0, [pc, #280]	; (100017e4 <alarm_pool_alarm_callback+0x2f8>)
100016cc:	f001 f9c2 	bl	10002a54 <__assert_func>
100016d0:	2e00      	cmp	r6, #0
100016d2:	d101      	bne.n	100016d8 <alarm_pool_alarm_callback+0x1ec>
100016d4:	2d00      	cmp	r5, #0
100016d6:	d1b4      	bne.n	10001642 <alarm_pool_alarm_callback+0x156>
100016d8:	683b      	ldr	r3, [r7, #0]
100016da:	2c00      	cmp	r4, #0
100016dc:	d050      	beq.n	10001780 <alarm_pool_alarm_callback+0x294>
100016de:	7b5a      	ldrb	r2, [r3, #13]
100016e0:	4294      	cmp	r4, r2
100016e2:	d137      	bne.n	10001754 <alarm_pool_alarm_callback+0x268>
100016e4:	2101      	movs	r1, #1
100016e6:	2900      	cmp	r1, #0
100016e8:	d14a      	bne.n	10001780 <alarm_pool_alarm_callback+0x294>
100016ea:	7bda      	ldrb	r2, [r3, #15]
100016ec:	2a00      	cmp	r2, #0
100016ee:	d14d      	bne.n	1000178c <alarm_pool_alarm_callback+0x2a0>
100016f0:	7b9a      	ldrb	r2, [r3, #14]
100016f2:	2a00      	cmp	r2, #0
100016f4:	d103      	bne.n	100016fe <alarm_pool_alarm_callback+0x212>
100016f6:	7bda      	ldrb	r2, [r3, #15]
100016f8:	2a00      	cmp	r2, #0
100016fa:	d15a      	bne.n	100017b2 <alarm_pool_alarm_callback+0x2c6>
100016fc:	739c      	strb	r4, [r3, #14]
100016fe:	73dc      	strb	r4, [r3, #15]
10001700:	2c00      	cmp	r4, #0
10001702:	d05c      	beq.n	100017be <alarm_pool_alarm_callback+0x2d2>
10001704:	683b      	ldr	r3, [r7, #0]
10001706:	7b1b      	ldrb	r3, [r3, #12]
10001708:	429c      	cmp	r4, r3
1000170a:	d858      	bhi.n	100017be <alarm_pool_alarm_callback+0x2d2>
1000170c:	68fa      	ldr	r2, [r7, #12]
1000170e:	3c01      	subs	r4, #1
10001710:	5d13      	ldrb	r3, [r2, r4]
10001712:	3301      	adds	r3, #1
10001714:	5513      	strb	r3, [r2, r4]
10001716:	2300      	movs	r3, #0
10001718:	613b      	str	r3, [r7, #16]
1000171a:	687a      	ldr	r2, [r7, #4]
1000171c:	f3bf 8f5f 	dmb	sy
10001720:	6013      	str	r3, [r2, #0]
10001722:	f38b 8810 	msr	PRIMASK, fp
10001726:	e743      	b.n	100015b0 <alarm_pool_alarm_callback+0xc4>
10001728:	4b37      	ldr	r3, [pc, #220]	; (10001808 <alarm_pool_alarm_callback+0x31c>)
1000172a:	4a33      	ldr	r2, [pc, #204]	; (100017f8 <alarm_pool_alarm_callback+0x30c>)
1000172c:	21a4      	movs	r1, #164	; 0xa4
1000172e:	4830      	ldr	r0, [pc, #192]	; (100017f0 <alarm_pool_alarm_callback+0x304>)
10001730:	f001 f990 	bl	10002a54 <__assert_func>
10001734:	4b29      	ldr	r3, [pc, #164]	; (100017dc <alarm_pool_alarm_callback+0x2f0>)
10001736:	4a2a      	ldr	r2, [pc, #168]	; (100017e0 <alarm_pool_alarm_callback+0x2f4>)
10001738:	213f      	movs	r1, #63	; 0x3f
1000173a:	482a      	ldr	r0, [pc, #168]	; (100017e4 <alarm_pool_alarm_callback+0x2f8>)
1000173c:	f001 f98a 	bl	10002a54 <__assert_func>
10001740:	2201      	movs	r2, #1
10001742:	4252      	negs	r2, r2
10001744:	4b31      	ldr	r3, [pc, #196]	; (1000180c <alarm_pool_alarm_callback+0x320>)
10001746:	e78a      	b.n	1000165e <alarm_pool_alarm_callback+0x172>
10001748:	4b24      	ldr	r3, [pc, #144]	; (100017dc <alarm_pool_alarm_callback+0x2f0>)
1000174a:	4a25      	ldr	r2, [pc, #148]	; (100017e0 <alarm_pool_alarm_callback+0x2f4>)
1000174c:	213f      	movs	r1, #63	; 0x3f
1000174e:	4825      	ldr	r0, [pc, #148]	; (100017e4 <alarm_pool_alarm_callback+0x2f8>)
10001750:	f001 f980 	bl	10002a54 <__assert_func>
10001754:	2c00      	cmp	r4, #0
10001756:	d00d      	beq.n	10001774 <alarm_pool_alarm_callback+0x288>
10001758:	7b1a      	ldrb	r2, [r3, #12]
1000175a:	4294      	cmp	r4, r2
1000175c:	d80a      	bhi.n	10001774 <alarm_pool_alarm_callback+0x288>
1000175e:	0062      	lsls	r2, r4, #1
10001760:	1912      	adds	r2, r2, r4
10001762:	3a03      	subs	r2, #3
10001764:	6818      	ldr	r0, [r3, #0]
10001766:	4684      	mov	ip, r0
10001768:	4462      	add	r2, ip
1000176a:	7892      	ldrb	r2, [r2, #2]
1000176c:	2a00      	cmp	r2, #0
1000176e:	d0ba      	beq.n	100016e6 <alarm_pool_alarm_callback+0x1fa>
10001770:	2101      	movs	r1, #1
10001772:	e7b8      	b.n	100016e6 <alarm_pool_alarm_callback+0x1fa>
10001774:	4b26      	ldr	r3, [pc, #152]	; (10001810 <alarm_pool_alarm_callback+0x324>)
10001776:	4a27      	ldr	r2, [pc, #156]	; (10001814 <alarm_pool_alarm_callback+0x328>)
10001778:	2168      	movs	r1, #104	; 0x68
1000177a:	4827      	ldr	r0, [pc, #156]	; (10001818 <alarm_pool_alarm_callback+0x32c>)
1000177c:	f001 f96a 	bl	10002a54 <__assert_func>
10001780:	4b26      	ldr	r3, [pc, #152]	; (1000181c <alarm_pool_alarm_callback+0x330>)
10001782:	4a27      	ldr	r2, [pc, #156]	; (10001820 <alarm_pool_alarm_callback+0x334>)
10001784:	21f6      	movs	r1, #246	; 0xf6
10001786:	4824      	ldr	r0, [pc, #144]	; (10001818 <alarm_pool_alarm_callback+0x32c>)
10001788:	f001 f964 	bl	10002a54 <__assert_func>
1000178c:	2a00      	cmp	r2, #0
1000178e:	d00a      	beq.n	100017a6 <alarm_pool_alarm_callback+0x2ba>
10001790:	7b19      	ldrb	r1, [r3, #12]
10001792:	428a      	cmp	r2, r1
10001794:	d807      	bhi.n	100017a6 <alarm_pool_alarm_callback+0x2ba>
10001796:	0051      	lsls	r1, r2, #1
10001798:	188a      	adds	r2, r1, r2
1000179a:	3a03      	subs	r2, #3
1000179c:	6819      	ldr	r1, [r3, #0]
1000179e:	468c      	mov	ip, r1
100017a0:	4462      	add	r2, ip
100017a2:	7054      	strb	r4, [r2, #1]
100017a4:	e7a4      	b.n	100016f0 <alarm_pool_alarm_callback+0x204>
100017a6:	4b1a      	ldr	r3, [pc, #104]	; (10001810 <alarm_pool_alarm_callback+0x324>)
100017a8:	4a1a      	ldr	r2, [pc, #104]	; (10001814 <alarm_pool_alarm_callback+0x328>)
100017aa:	2168      	movs	r1, #104	; 0x68
100017ac:	481a      	ldr	r0, [pc, #104]	; (10001818 <alarm_pool_alarm_callback+0x32c>)
100017ae:	f001 f951 	bl	10002a54 <__assert_func>
100017b2:	4b1c      	ldr	r3, [pc, #112]	; (10001824 <alarm_pool_alarm_callback+0x338>)
100017b4:	4a1a      	ldr	r2, [pc, #104]	; (10001820 <alarm_pool_alarm_callback+0x334>)
100017b6:	21fb      	movs	r1, #251	; 0xfb
100017b8:	4817      	ldr	r0, [pc, #92]	; (10001818 <alarm_pool_alarm_callback+0x32c>)
100017ba:	f001 f94b 	bl	10002a54 <__assert_func>
100017be:	4b0a      	ldr	r3, [pc, #40]	; (100017e8 <alarm_pool_alarm_callback+0x2fc>)
100017c0:	4a0f      	ldr	r2, [pc, #60]	; (10001800 <alarm_pool_alarm_callback+0x314>)
100017c2:	2141      	movs	r1, #65	; 0x41
100017c4:	480a      	ldr	r0, [pc, #40]	; (100017f0 <alarm_pool_alarm_callback+0x304>)
100017c6:	f001 f945 	bl	10002a54 <__assert_func>
100017ca:	b00b      	add	sp, #44	; 0x2c
100017cc:	bcf0      	pop	{r4, r5, r6, r7}
100017ce:	46bb      	mov	fp, r7
100017d0:	46b2      	mov	sl, r6
100017d2:	46a9      	mov	r9, r5
100017d4:	46a0      	mov	r8, r4
100017d6:	bdf0      	pop	{r4, r5, r6, r7, pc}
100017d8:	20001c44 	.word	0x20001c44
100017dc:	10008e70 	.word	0x10008e70
100017e0:	100097c4 	.word	0x100097c4
100017e4:	10008ec4 	.word	0x10008ec4
100017e8:	10009578 	.word	0x10009578
100017ec:	100097f8 	.word	0x100097f8
100017f0:	10009524 	.word	0x10009524
100017f4:	10009678 	.word	0x10009678
100017f8:	100097dc 	.word	0x100097dc
100017fc:	10009690 	.word	0x10009690
10001800:	1000981c 	.word	0x1000981c
10001804:	0fffffff 	.word	0x0fffffff
10001808:	1000969c 	.word	0x1000969c
1000180c:	7fffffff 	.word	0x7fffffff
10001810:	1000959c 	.word	0x1000959c
10001814:	10009864 	.word	0x10009864
10001818:	100095b8 	.word	0x100095b8
1000181c:	100096d8 	.word	0x100096d8
10001820:	10009830 	.word	0x10009830
10001824:	100096fc 	.word	0x100096fc

10001828 <alarm_pool_init_default>:
10001828:	b510      	push	{r4, lr}
1000182a:	4b0c      	ldr	r3, [pc, #48]	; (1000185c <alarm_pool_init_default+0x34>)
1000182c:	685b      	ldr	r3, [r3, #4]
1000182e:	2b00      	cmp	r3, #0
10001830:	d004      	beq.n	1000183c <alarm_pool_init_default+0x14>
10001832:	210a      	movs	r1, #10
10001834:	480a      	ldr	r0, [pc, #40]	; (10001860 <alarm_pool_init_default+0x38>)
10001836:	f7ff fc7f 	bl	10001138 <lock_init>
1000183a:	bd10      	pop	{r4, pc}
1000183c:	4c07      	ldr	r4, [pc, #28]	; (1000185c <alarm_pool_init_default+0x34>)
1000183e:	0023      	movs	r3, r4
10001840:	4a08      	ldr	r2, [pc, #32]	; (10001864 <alarm_pool_init_default+0x3c>)
10001842:	2110      	movs	r1, #16
10001844:	6820      	ldr	r0, [r4, #0]
10001846:	f000 fc9b 	bl	10002180 <ph_post_alloc_init>
1000184a:	2003      	movs	r0, #3
1000184c:	f000 fac2 	bl	10001dd4 <hardware_alarm_claim>
10001850:	2103      	movs	r1, #3
10001852:	0020      	movs	r0, r4
10001854:	f7ff fca8 	bl	100011a8 <alarm_pool_post_alloc_init>
10001858:	e7eb      	b.n	10001832 <alarm_pool_init_default+0xa>
1000185a:	46c0      	nop			; (mov r8, r8)
1000185c:	20000bfc 	.word	0x20000bfc
10001860:	20001ee4 	.word	0x20001ee4
10001864:	10001219 	.word	0x10001219

10001868 <alarm_pool_get_default>:
10001868:	b510      	push	{r4, lr}
1000186a:	4b06      	ldr	r3, [pc, #24]	; (10001884 <alarm_pool_get_default+0x1c>)
1000186c:	685b      	ldr	r3, [r3, #4]
1000186e:	2b00      	cmp	r3, #0
10001870:	d001      	beq.n	10001876 <alarm_pool_get_default+0xe>
10001872:	4804      	ldr	r0, [pc, #16]	; (10001884 <alarm_pool_get_default+0x1c>)
10001874:	bd10      	pop	{r4, pc}
10001876:	4b04      	ldr	r3, [pc, #16]	; (10001888 <alarm_pool_get_default+0x20>)
10001878:	4a04      	ldr	r2, [pc, #16]	; (1000188c <alarm_pool_get_default+0x24>)
1000187a:	215e      	movs	r1, #94	; 0x5e
1000187c:	4804      	ldr	r0, [pc, #16]	; (10001890 <alarm_pool_get_default+0x28>)
1000187e:	f001 f8e9 	bl	10002a54 <__assert_func>
10001882:	46c0      	nop			; (mov r8, r8)
10001884:	20000bfc 	.word	0x20000bfc
10001888:	10009710 	.word	0x10009710
1000188c:	10009804 	.word	0x10009804
10001890:	10009524 	.word	0x10009524

10001894 <alarm_pool_add_alarm_at>:
10001894:	b5f0      	push	{r4, r5, r6, r7, lr}
10001896:	46de      	mov	lr, fp
10001898:	4657      	mov	r7, sl
1000189a:	464e      	mov	r6, r9
1000189c:	4645      	mov	r5, r8
1000189e:	b5e0      	push	{r5, r6, r7, lr}
100018a0:	b08b      	sub	sp, #44	; 0x2c
100018a2:	4680      	mov	r8, r0
100018a4:	0016      	movs	r6, r2
100018a6:	001f      	movs	r7, r3
100018a8:	9b14      	ldr	r3, [sp, #80]	; 0x50
100018aa:	469a      	mov	sl, r3
100018ac:	9b15      	ldr	r3, [sp, #84]	; 0x54
100018ae:	4699      	mov	r9, r3
100018b0:	ab16      	add	r3, sp, #88	; 0x58
100018b2:	781b      	ldrb	r3, [r3, #0]
100018b4:	469b      	mov	fp, r3
100018b6:	231f      	movs	r3, #31
100018b8:	aa02      	add	r2, sp, #8
100018ba:	4694      	mov	ip, r2
100018bc:	4463      	add	r3, ip
100018be:	2200      	movs	r2, #0
100018c0:	701a      	strb	r2, [r3, #0]
100018c2:	e02b      	b.n	1000191c <alarm_pool_add_alarm_at+0x88>
100018c4:	2800      	cmp	r0, #0
100018c6:	d009      	beq.n	100018dc <alarm_pool_add_alarm_at+0x48>
100018c8:	4642      	mov	r2, r8
100018ca:	6812      	ldr	r2, [r2, #0]
100018cc:	7b12      	ldrb	r2, [r2, #12]
100018ce:	4290      	cmp	r0, r2
100018d0:	d804      	bhi.n	100018dc <alarm_pool_add_alarm_at+0x48>
100018d2:	1e42      	subs	r2, r0, #1
100018d4:	4641      	mov	r1, r8
100018d6:	68c9      	ldr	r1, [r1, #12]
100018d8:	5c8a      	ldrb	r2, [r1, r2]
100018da:	e041      	b.n	10001960 <alarm_pool_add_alarm_at+0xcc>
100018dc:	4b40      	ldr	r3, [pc, #256]	; (100019e0 <alarm_pool_add_alarm_at+0x14c>)
100018de:	4a41      	ldr	r2, [pc, #260]	; (100019e4 <alarm_pool_add_alarm_at+0x150>)
100018e0:	2141      	movs	r1, #65	; 0x41
100018e2:	4841      	ldr	r0, [pc, #260]	; (100019e8 <alarm_pool_add_alarm_at+0x154>)
100018e4:	f001 f8b6 	bl	10002a54 <__assert_func>
100018e8:	9807      	ldr	r0, [sp, #28]
100018ea:	e04c      	b.n	10001986 <alarm_pool_add_alarm_at+0xf2>
100018ec:	1b36      	subs	r6, r6, r4
100018ee:	41af      	sbcs	r7, r5
100018f0:	2f00      	cmp	r7, #0
100018f2:	db07      	blt.n	10001904 <alarm_pool_add_alarm_at+0x70>
100018f4:	2f00      	cmp	r7, #0
100018f6:	da11      	bge.n	1000191c <alarm_pool_add_alarm_at+0x88>
100018f8:	4b3c      	ldr	r3, [pc, #240]	; (100019ec <alarm_pool_add_alarm_at+0x158>)
100018fa:	4a3d      	ldr	r2, [pc, #244]	; (100019f0 <alarm_pool_add_alarm_at+0x15c>)
100018fc:	213f      	movs	r1, #63	; 0x3f
100018fe:	483d      	ldr	r0, [pc, #244]	; (100019f4 <alarm_pool_add_alarm_at+0x160>)
10001900:	f001 f8a8 	bl	10002a54 <__assert_func>
10001904:	2601      	movs	r6, #1
10001906:	4276      	negs	r6, r6
10001908:	4f3b      	ldr	r7, [pc, #236]	; (100019f8 <alarm_pool_add_alarm_at+0x164>)
1000190a:	e7f3      	b.n	100018f4 <alarm_pool_add_alarm_at+0x60>
1000190c:	4b37      	ldr	r3, [pc, #220]	; (100019ec <alarm_pool_add_alarm_at+0x158>)
1000190e:	4a38      	ldr	r2, [pc, #224]	; (100019f0 <alarm_pool_add_alarm_at+0x15c>)
10001910:	213f      	movs	r1, #63	; 0x3f
10001912:	4838      	ldr	r0, [pc, #224]	; (100019f4 <alarm_pool_add_alarm_at+0x160>)
10001914:	f001 f89e 	bl	10002a54 <__assert_func>
10001918:	2f00      	cmp	r7, #0
1000191a:	db4f      	blt.n	100019bc <alarm_pool_add_alarm_at+0x128>
1000191c:	4643      	mov	r3, r8
1000191e:	685a      	ldr	r2, [r3, #4]
10001920:	f3ef 8410 	mrs	r4, PRIMASK
10001924:	b672      	cpsid	i
10001926:	6813      	ldr	r3, [r2, #0]
10001928:	4259      	negs	r1, r3
1000192a:	414b      	adcs	r3, r1
1000192c:	b2d9      	uxtb	r1, r3
1000192e:	9107      	str	r1, [sp, #28]
10001930:	2b00      	cmp	r3, #0
10001932:	d1f8      	bne.n	10001926 <alarm_pool_add_alarm_at+0x92>
10001934:	f3bf 8f5f 	dmb	sy
10001938:	331f      	adds	r3, #31
1000193a:	aa02      	add	r2, sp, #8
1000193c:	4694      	mov	ip, r2
1000193e:	4463      	add	r3, ip
10001940:	9304      	str	r3, [sp, #16]
10001942:	2300      	movs	r3, #0
10001944:	9303      	str	r3, [sp, #12]
10001946:	9302      	str	r3, [sp, #8]
10001948:	464b      	mov	r3, r9
1000194a:	9301      	str	r3, [sp, #4]
1000194c:	4653      	mov	r3, sl
1000194e:	9300      	str	r3, [sp, #0]
10001950:	0032      	movs	r2, r6
10001952:	003b      	movs	r3, r7
10001954:	4640      	mov	r0, r8
10001956:	f7ff fd0f 	bl	10001378 <add_alarm_under_lock>
1000195a:	1e03      	subs	r3, r0, #0
1000195c:	d1b2      	bne.n	100018c4 <alarm_pool_add_alarm_at+0x30>
1000195e:	0002      	movs	r2, r0
10001960:	4641      	mov	r1, r8
10001962:	6849      	ldr	r1, [r1, #4]
10001964:	f3bf 8f5f 	dmb	sy
10001968:	2500      	movs	r5, #0
1000196a:	600d      	str	r5, [r1, #0]
1000196c:	f384 8810 	msr	PRIMASK, r4
10001970:	2b00      	cmp	r3, #0
10001972:	d029      	beq.n	100019c8 <alarm_pool_add_alarm_at+0x134>
10001974:	231f      	movs	r3, #31
10001976:	a902      	add	r1, sp, #8
10001978:	468c      	mov	ip, r1
1000197a:	4463      	add	r3, ip
1000197c:	781b      	ldrb	r3, [r3, #0]
1000197e:	2b00      	cmp	r3, #0
10001980:	d1b2      	bne.n	100018e8 <alarm_pool_add_alarm_at+0x54>
10001982:	0212      	lsls	r2, r2, #8
10001984:	4310      	orrs	r0, r2
10001986:	2b00      	cmp	r3, #0
10001988:	d020      	beq.n	100019cc <alarm_pool_add_alarm_at+0x138>
1000198a:	465b      	mov	r3, fp
1000198c:	2b00      	cmp	r3, #0
1000198e:	d01d      	beq.n	100019cc <alarm_pool_add_alarm_at+0x138>
10001990:	4649      	mov	r1, r9
10001992:	47d0      	blx	sl
10001994:	0004      	movs	r4, r0
10001996:	000d      	movs	r5, r1
10001998:	0003      	movs	r3, r0
1000199a:	430b      	orrs	r3, r1
1000199c:	d01d      	beq.n	100019da <alarm_pool_add_alarm_at+0x146>
1000199e:	2900      	cmp	r1, #0
100019a0:	dba4      	blt.n	100018ec <alarm_pool_add_alarm_at+0x58>
100019a2:	f000 fa23 	bl	10001dec <time_us_64>
100019a6:	0006      	movs	r6, r0
100019a8:	1e0f      	subs	r7, r1, #0
100019aa:	dbaf      	blt.n	1000190c <alarm_pool_add_alarm_at+0x78>
100019ac:	1936      	adds	r6, r6, r4
100019ae:	416f      	adcs	r7, r5
100019b0:	2f00      	cmp	r7, #0
100019b2:	dab1      	bge.n	10001918 <alarm_pool_add_alarm_at+0x84>
100019b4:	2601      	movs	r6, #1
100019b6:	4276      	negs	r6, r6
100019b8:	4f0f      	ldr	r7, [pc, #60]	; (100019f8 <alarm_pool_add_alarm_at+0x164>)
100019ba:	e7ad      	b.n	10001918 <alarm_pool_add_alarm_at+0x84>
100019bc:	4b0b      	ldr	r3, [pc, #44]	; (100019ec <alarm_pool_add_alarm_at+0x158>)
100019be:	4a0c      	ldr	r2, [pc, #48]	; (100019f0 <alarm_pool_add_alarm_at+0x15c>)
100019c0:	213f      	movs	r1, #63	; 0x3f
100019c2:	480c      	ldr	r0, [pc, #48]	; (100019f4 <alarm_pool_add_alarm_at+0x160>)
100019c4:	f001 f846 	bl	10002a54 <__assert_func>
100019c8:	2001      	movs	r0, #1
100019ca:	4240      	negs	r0, r0
100019cc:	b00b      	add	sp, #44	; 0x2c
100019ce:	bcf0      	pop	{r4, r5, r6, r7}
100019d0:	46bb      	mov	fp, r7
100019d2:	46b2      	mov	sl, r6
100019d4:	46a9      	mov	r9, r5
100019d6:	46a0      	mov	r8, r4
100019d8:	bdf0      	pop	{r4, r5, r6, r7, pc}
100019da:	9807      	ldr	r0, [sp, #28]
100019dc:	e7f6      	b.n	100019cc <alarm_pool_add_alarm_at+0x138>
100019de:	46c0      	nop			; (mov r8, r8)
100019e0:	10009578 	.word	0x10009578
100019e4:	1000981c 	.word	0x1000981c
100019e8:	10009524 	.word	0x10009524
100019ec:	10008e70 	.word	0x10008e70
100019f0:	100097c4 	.word	0x100097c4
100019f4:	10008ec4 	.word	0x10008ec4
100019f8:	7fffffff 	.word	0x7fffffff

100019fc <alarm_pool_cancel_alarm>:
100019fc:	b5f8      	push	{r3, r4, r5, r6, r7, lr}
100019fe:	0004      	movs	r4, r0
10001a00:	2900      	cmp	r1, #0
10001a02:	d100      	bne.n	10001a06 <alarm_pool_cancel_alarm+0xa>
10001a04:	e062      	b.n	10001acc <alarm_pool_cancel_alarm+0xd0>
10001a06:	6842      	ldr	r2, [r0, #4]
10001a08:	f3ef 8510 	mrs	r5, PRIMASK
10001a0c:	b672      	cpsid	i
10001a0e:	6813      	ldr	r3, [r2, #0]
10001a10:	4258      	negs	r0, r3
10001a12:	4143      	adcs	r3, r0
10001a14:	b2d8      	uxtb	r0, r3
10001a16:	2b00      	cmp	r3, #0
10001a18:	d1f9      	bne.n	10001a0e <alarm_pool_cancel_alarm+0x12>
10001a1a:	f3bf 8f5f 	dmb	sy
10001a1e:	b2cb      	uxtb	r3, r1
10001a20:	6822      	ldr	r2, [r4, #0]
10001a22:	7b56      	ldrb	r6, [r2, #13]
10001a24:	42b3      	cmp	r3, r6
10001a26:	d11b      	bne.n	10001a60 <alarm_pool_cancel_alarm+0x64>
10001a28:	2001      	movs	r0, #1
10001a2a:	2800      	cmp	r0, #0
10001a2c:	d048      	beq.n	10001ac0 <alarm_pool_cancel_alarm+0xc4>
10001a2e:	6920      	ldr	r0, [r4, #16]
10001a30:	4288      	cmp	r0, r1
10001a32:	d02b      	beq.n	10001a8c <alarm_pool_cancel_alarm+0x90>
10001a34:	0a09      	lsrs	r1, r1, #8
10001a36:	b2c9      	uxtb	r1, r1
10001a38:	2b00      	cmp	r3, #0
10001a3a:	d02e      	beq.n	10001a9a <alarm_pool_cancel_alarm+0x9e>
10001a3c:	6820      	ldr	r0, [r4, #0]
10001a3e:	7b00      	ldrb	r0, [r0, #12]
10001a40:	4283      	cmp	r3, r0
10001a42:	d82a      	bhi.n	10001a9a <alarm_pool_cancel_alarm+0x9e>
10001a44:	1e58      	subs	r0, r3, #1
10001a46:	68e6      	ldr	r6, [r4, #12]
10001a48:	5c30      	ldrb	r0, [r6, r0]
10001a4a:	4288      	cmp	r0, r1
10001a4c:	d02b      	beq.n	10001aa6 <alarm_pool_cancel_alarm+0xaa>
10001a4e:	2000      	movs	r0, #0
10001a50:	6863      	ldr	r3, [r4, #4]
10001a52:	f3bf 8f5f 	dmb	sy
10001a56:	2200      	movs	r2, #0
10001a58:	601a      	str	r2, [r3, #0]
10001a5a:	f385 8810 	msr	PRIMASK, r5
10001a5e:	bdf8      	pop	{r3, r4, r5, r6, r7, pc}
10001a60:	2b00      	cmp	r3, #0
10001a62:	d00d      	beq.n	10001a80 <alarm_pool_cancel_alarm+0x84>
10001a64:	7b16      	ldrb	r6, [r2, #12]
10001a66:	42b3      	cmp	r3, r6
10001a68:	d80a      	bhi.n	10001a80 <alarm_pool_cancel_alarm+0x84>
10001a6a:	005e      	lsls	r6, r3, #1
10001a6c:	18f6      	adds	r6, r6, r3
10001a6e:	3e03      	subs	r6, #3
10001a70:	6817      	ldr	r7, [r2, #0]
10001a72:	46bc      	mov	ip, r7
10001a74:	4466      	add	r6, ip
10001a76:	78b6      	ldrb	r6, [r6, #2]
10001a78:	2e00      	cmp	r6, #0
10001a7a:	d0d6      	beq.n	10001a2a <alarm_pool_cancel_alarm+0x2e>
10001a7c:	2001      	movs	r0, #1
10001a7e:	e7d4      	b.n	10001a2a <alarm_pool_cancel_alarm+0x2e>
10001a80:	4b13      	ldr	r3, [pc, #76]	; (10001ad0 <alarm_pool_cancel_alarm+0xd4>)
10001a82:	4a14      	ldr	r2, [pc, #80]	; (10001ad4 <alarm_pool_cancel_alarm+0xd8>)
10001a84:	2168      	movs	r1, #104	; 0x68
10001a86:	4814      	ldr	r0, [pc, #80]	; (10001ad8 <alarm_pool_cancel_alarm+0xdc>)
10001a88:	f000 ffe4 	bl	10002a54 <__assert_func>
10001a8c:	212c      	movs	r1, #44	; 0x2c
10001a8e:	4b13      	ldr	r3, [pc, #76]	; (10001adc <alarm_pool_cancel_alarm+0xe0>)
10001a90:	4a13      	ldr	r2, [pc, #76]	; (10001ae0 <alarm_pool_cancel_alarm+0xe4>)
10001a92:	31ff      	adds	r1, #255	; 0xff
10001a94:	4813      	ldr	r0, [pc, #76]	; (10001ae4 <alarm_pool_cancel_alarm+0xe8>)
10001a96:	f000 ffdd 	bl	10002a54 <__assert_func>
10001a9a:	4b13      	ldr	r3, [pc, #76]	; (10001ae8 <alarm_pool_cancel_alarm+0xec>)
10001a9c:	4a13      	ldr	r2, [pc, #76]	; (10001aec <alarm_pool_cancel_alarm+0xf0>)
10001a9e:	2141      	movs	r1, #65	; 0x41
10001aa0:	4810      	ldr	r0, [pc, #64]	; (10001ae4 <alarm_pool_cancel_alarm+0xe8>)
10001aa2:	f000 ffd7 	bl	10002a54 <__assert_func>
10001aa6:	0019      	movs	r1, r3
10001aa8:	0010      	movs	r0, r2
10001aaa:	f000 fc63 	bl	10002374 <ph_remove_and_free_node>
10001aae:	2800      	cmp	r0, #0
10001ab0:	d1ce      	bne.n	10001a50 <alarm_pool_cancel_alarm+0x54>
10001ab2:	2199      	movs	r1, #153	; 0x99
10001ab4:	4b0e      	ldr	r3, [pc, #56]	; (10001af0 <alarm_pool_cancel_alarm+0xf4>)
10001ab6:	4a0a      	ldr	r2, [pc, #40]	; (10001ae0 <alarm_pool_cancel_alarm+0xe4>)
10001ab8:	0049      	lsls	r1, r1, #1
10001aba:	480a      	ldr	r0, [pc, #40]	; (10001ae4 <alarm_pool_cancel_alarm+0xe8>)
10001abc:	f000 ffca 	bl	10002a54 <__assert_func>
10001ac0:	6923      	ldr	r3, [r4, #16]
10001ac2:	428b      	cmp	r3, r1
10001ac4:	d1c4      	bne.n	10001a50 <alarm_pool_cancel_alarm+0x54>
10001ac6:	2300      	movs	r3, #0
10001ac8:	6123      	str	r3, [r4, #16]
10001aca:	e7c1      	b.n	10001a50 <alarm_pool_cancel_alarm+0x54>
10001acc:	2000      	movs	r0, #0
10001ace:	e7c6      	b.n	10001a5e <alarm_pool_cancel_alarm+0x62>
10001ad0:	1000959c 	.word	0x1000959c
10001ad4:	10009864 	.word	0x10009864
10001ad8:	100095b8 	.word	0x100095b8
10001adc:	10009734 	.word	0x10009734
10001ae0:	100097ac 	.word	0x100097ac
10001ae4:	10009524 	.word	0x10009524
10001ae8:	10009578 	.word	0x10009578
10001aec:	1000981c 	.word	0x1000981c
10001af0:	10009758 	.word	0x10009758

10001af4 <alarm_pool_core_num>:
10001af4:	7d40      	ldrb	r0, [r0, #21]
10001af6:	4770      	bx	lr

10001af8 <sleep_until>:
10001af8:	b5f0      	push	{r4, r5, r6, r7, lr}
10001afa:	b087      	sub	sp, #28
10001afc:	0006      	movs	r6, r0
10001afe:	000f      	movs	r7, r1
10001b00:	f3ef 8305 	mrs	r3, IPSR
10001b04:	2b00      	cmp	r3, #0
10001b06:	d11f      	bne.n	10001b48 <sleep_until+0x50>
10001b08:	2406      	movs	r4, #6
10001b0a:	4264      	negs	r4, r4
10001b0c:	17e5      	asrs	r5, r4, #31
10001b0e:	19a4      	adds	r4, r4, r6
10001b10:	417d      	adcs	r5, r7
10001b12:	428d      	cmp	r5, r1
10001b14:	d802      	bhi.n	10001b1c <sleep_until+0x24>
10001b16:	d103      	bne.n	10001b20 <sleep_until+0x28>
10001b18:	4284      	cmp	r4, r0
10001b1a:	d901      	bls.n	10001b20 <sleep_until+0x28>
10001b1c:	2400      	movs	r4, #0
10001b1e:	2500      	movs	r5, #0
10001b20:	2d00      	cmp	r5, #0
10001b22:	db14      	blt.n	10001b4e <sleep_until+0x56>
10001b24:	9404      	str	r4, [sp, #16]
10001b26:	9505      	str	r5, [sp, #20]
10001b28:	f000 f960 	bl	10001dec <time_us_64>
10001b2c:	0002      	movs	r2, r0
10001b2e:	1e0b      	subs	r3, r1, #0
10001b30:	db13      	blt.n	10001b5a <sleep_until+0x62>
10001b32:	1aa4      	subs	r4, r4, r2
10001b34:	419d      	sbcs	r5, r3
10001b36:	2d00      	cmp	r5, #0
10001b38:	dc17      	bgt.n	10001b6a <sleep_until+0x72>
10001b3a:	d014      	beq.n	10001b66 <sleep_until+0x6e>
10001b3c:	0030      	movs	r0, r6
10001b3e:	0039      	movs	r1, r7
10001b40:	f000 f960 	bl	10001e04 <busy_wait_until>
10001b44:	b007      	add	sp, #28
10001b46:	bdf0      	pop	{r4, r5, r6, r7, pc}
10001b48:	4823      	ldr	r0, [pc, #140]	; (10001bd8 <sleep_until+0xe0>)
10001b4a:	f001 f81d 	bl	10002b88 <panic>
10001b4e:	4b23      	ldr	r3, [pc, #140]	; (10001bdc <sleep_until+0xe4>)
10001b50:	4a23      	ldr	r2, [pc, #140]	; (10001be0 <sleep_until+0xe8>)
10001b52:	213f      	movs	r1, #63	; 0x3f
10001b54:	4823      	ldr	r0, [pc, #140]	; (10001be4 <sleep_until+0xec>)
10001b56:	f000 ff7d 	bl	10002a54 <__assert_func>
10001b5a:	4b20      	ldr	r3, [pc, #128]	; (10001bdc <sleep_until+0xe4>)
10001b5c:	4a20      	ldr	r2, [pc, #128]	; (10001be0 <sleep_until+0xe8>)
10001b5e:	213f      	movs	r1, #63	; 0x3f
10001b60:	4820      	ldr	r0, [pc, #128]	; (10001be4 <sleep_until+0xec>)
10001b62:	f000 ff77 	bl	10002a54 <__assert_func>
10001b66:	2c00      	cmp	r4, #0
10001b68:	d0e8      	beq.n	10001b3c <sleep_until+0x44>
10001b6a:	f7ff fe7d 	bl	10001868 <alarm_pool_get_default>
10001b6e:	2300      	movs	r3, #0
10001b70:	9302      	str	r3, [sp, #8]
10001b72:	9301      	str	r3, [sp, #4]
10001b74:	4b1c      	ldr	r3, [pc, #112]	; (10001be8 <sleep_until+0xf0>)
10001b76:	9300      	str	r3, [sp, #0]
10001b78:	9a04      	ldr	r2, [sp, #16]
10001b7a:	9b05      	ldr	r3, [sp, #20]
10001b7c:	f7ff fe8a 	bl	10001894 <alarm_pool_add_alarm_at>
10001b80:	2800      	cmp	r0, #0
10001b82:	da18      	bge.n	10001bb6 <sleep_until+0xbe>
10001b84:	e7da      	b.n	10001b3c <sleep_until+0x44>
10001b86:	2300      	movs	r3, #0
10001b88:	e000      	b.n	10001b8c <sleep_until+0x94>
10001b8a:	2300      	movs	r3, #0
10001b8c:	2b00      	cmp	r3, #0
10001b8e:	d1d5      	bne.n	10001b3c <sleep_until+0x44>
10001b90:	4b16      	ldr	r3, [pc, #88]	; (10001bec <sleep_until+0xf4>)
10001b92:	681a      	ldr	r2, [r3, #0]
10001b94:	f3ef 8110 	mrs	r1, PRIMASK
10001b98:	b672      	cpsid	i
10001b9a:	6813      	ldr	r3, [r2, #0]
10001b9c:	2b00      	cmp	r3, #0
10001b9e:	d0fc      	beq.n	10001b9a <sleep_until+0xa2>
10001ba0:	f3bf 8f5f 	dmb	sy
10001ba4:	4b11      	ldr	r3, [pc, #68]	; (10001bec <sleep_until+0xf4>)
10001ba6:	681b      	ldr	r3, [r3, #0]
10001ba8:	f3bf 8f5f 	dmb	sy
10001bac:	2200      	movs	r2, #0
10001bae:	601a      	str	r2, [r3, #0]
10001bb0:	f381 8810 	msr	PRIMASK, r1
10001bb4:	bf20      	wfe
10001bb6:	9904      	ldr	r1, [sp, #16]
10001bb8:	9a05      	ldr	r2, [sp, #20]
10001bba:	4b0d      	ldr	r3, [pc, #52]	; (10001bf0 <sleep_until+0xf8>)
10001bbc:	6a5b      	ldr	r3, [r3, #36]	; 0x24
10001bbe:	429a      	cmp	r2, r3
10001bc0:	d8e3      	bhi.n	10001b8a <sleep_until+0x92>
10001bc2:	480b      	ldr	r0, [pc, #44]	; (10001bf0 <sleep_until+0xf8>)
10001bc4:	6a80      	ldr	r0, [r0, #40]	; 0x28
10001bc6:	4288      	cmp	r0, r1
10001bc8:	d203      	bcs.n	10001bd2 <sleep_until+0xda>
10001bca:	429a      	cmp	r2, r3
10001bcc:	d0db      	beq.n	10001b86 <sleep_until+0x8e>
10001bce:	2301      	movs	r3, #1
10001bd0:	e7dc      	b.n	10001b8c <sleep_until+0x94>
10001bd2:	2301      	movs	r3, #1
10001bd4:	e7da      	b.n	10001b8c <sleep_until+0x94>
10001bd6:	46c0      	nop			; (mov r8, r8)
10001bd8:	1000975c 	.word	0x1000975c
10001bdc:	10008e70 	.word	0x10008e70
10001be0:	100097c4 	.word	0x100097c4
10001be4:	10008ec4 	.word	0x10008ec4
10001be8:	100011e9 	.word	0x100011e9
10001bec:	20001ee4 	.word	0x20001ee4
10001bf0:	40054000 	.word	0x40054000

10001bf4 <sleep_us>:
10001bf4:	b570      	push	{r4, r5, r6, lr}
10001bf6:	0004      	movs	r4, r0
10001bf8:	000d      	movs	r5, r1
10001bfa:	f000 f8f7 	bl	10001dec <time_us_64>
10001bfe:	0002      	movs	r2, r0
10001c00:	1e0b      	subs	r3, r1, #0
10001c02:	db0a      	blt.n	10001c1a <sleep_us+0x26>
10001c04:	0020      	movs	r0, r4
10001c06:	0029      	movs	r1, r5
10001c08:	1880      	adds	r0, r0, r2
10001c0a:	4159      	adcs	r1, r3
10001c0c:	2900      	cmp	r1, #0
10001c0e:	db0a      	blt.n	10001c26 <sleep_us+0x32>
10001c10:	2900      	cmp	r1, #0
10001c12:	db0c      	blt.n	10001c2e <sleep_us+0x3a>
10001c14:	f7ff ff70 	bl	10001af8 <sleep_until>
10001c18:	bd70      	pop	{r4, r5, r6, pc}
10001c1a:	4b08      	ldr	r3, [pc, #32]	; (10001c3c <sleep_us+0x48>)
10001c1c:	4a08      	ldr	r2, [pc, #32]	; (10001c40 <sleep_us+0x4c>)
10001c1e:	213f      	movs	r1, #63	; 0x3f
10001c20:	4808      	ldr	r0, [pc, #32]	; (10001c44 <sleep_us+0x50>)
10001c22:	f000 ff17 	bl	10002a54 <__assert_func>
10001c26:	2001      	movs	r0, #1
10001c28:	4240      	negs	r0, r0
10001c2a:	4907      	ldr	r1, [pc, #28]	; (10001c48 <sleep_us+0x54>)
10001c2c:	e7f0      	b.n	10001c10 <sleep_us+0x1c>
10001c2e:	4b03      	ldr	r3, [pc, #12]	; (10001c3c <sleep_us+0x48>)
10001c30:	4a03      	ldr	r2, [pc, #12]	; (10001c40 <sleep_us+0x4c>)
10001c32:	213f      	movs	r1, #63	; 0x3f
10001c34:	4803      	ldr	r0, [pc, #12]	; (10001c44 <sleep_us+0x50>)
10001c36:	f000 ff0d 	bl	10002a54 <__assert_func>
10001c3a:	46c0      	nop			; (mov r8, r8)
10001c3c:	10008e70 	.word	0x10008e70
10001c40:	100097c4 	.word	0x100097c4
10001c44:	10008ec4 	.word	0x10008ec4
10001c48:	7fffffff 	.word	0x7fffffff

10001c4c <sleep_ms>:
10001c4c:	b510      	push	{r4, lr}
10001c4e:	22fa      	movs	r2, #250	; 0xfa
10001c50:	0092      	lsls	r2, r2, #2
10001c52:	2300      	movs	r3, #0
10001c54:	2100      	movs	r1, #0
10001c56:	f002 fc5f 	bl	10004518 <__wrap___aeabi_lmul>
10001c5a:	f7ff ffcb 	bl	10001bf4 <sleep_us>
10001c5e:	bd10      	pop	{r4, pc}

10001c60 <best_effort_wfe_or_timeout>:
10001c60:	b570      	push	{r4, r5, r6, lr}
10001c62:	b084      	sub	sp, #16
10001c64:	0005      	movs	r5, r0
10001c66:	000c      	movs	r4, r1
10001c68:	f3ef 8305 	mrs	r3, IPSR
10001c6c:	2b00      	cmp	r3, #0
10001c6e:	d11e      	bne.n	10001cae <best_effort_wfe_or_timeout+0x4e>
10001c70:	f7ff fdfa 	bl	10001868 <alarm_pool_get_default>
10001c74:	2300      	movs	r3, #0
10001c76:	9302      	str	r3, [sp, #8]
10001c78:	9301      	str	r3, [sp, #4]
10001c7a:	4b22      	ldr	r3, [pc, #136]	; (10001d04 <best_effort_wfe_or_timeout+0xa4>)
10001c7c:	9300      	str	r3, [sp, #0]
10001c7e:	002a      	movs	r2, r5
10001c80:	0023      	movs	r3, r4
10001c82:	f7ff fe07 	bl	10001894 <alarm_pool_add_alarm_at>
10001c86:	1e06      	subs	r6, r0, #0
10001c88:	dd23      	ble.n	10001cd2 <best_effort_wfe_or_timeout+0x72>
10001c8a:	bf20      	wfe
10001c8c:	f7ff fdec 	bl	10001868 <alarm_pool_get_default>
10001c90:	0031      	movs	r1, r6
10001c92:	f7ff feb3 	bl	100019fc <alarm_pool_cancel_alarm>
10001c96:	4b1c      	ldr	r3, [pc, #112]	; (10001d08 <best_effort_wfe_or_timeout+0xa8>)
10001c98:	6a5b      	ldr	r3, [r3, #36]	; 0x24
10001c9a:	429c      	cmp	r4, r3
10001c9c:	d82d      	bhi.n	10001cfa <best_effort_wfe_or_timeout+0x9a>
10001c9e:	4a1a      	ldr	r2, [pc, #104]	; (10001d08 <best_effort_wfe_or_timeout+0xa8>)
10001ca0:	6a92      	ldr	r2, [r2, #40]	; 0x28
10001ca2:	42aa      	cmp	r2, r5
10001ca4:	d22c      	bcs.n	10001d00 <best_effort_wfe_or_timeout+0xa0>
10001ca6:	429c      	cmp	r4, r3
10001ca8:	d025      	beq.n	10001cf6 <best_effort_wfe_or_timeout+0x96>
10001caa:	2001      	movs	r0, #1
10001cac:	e026      	b.n	10001cfc <best_effort_wfe_or_timeout+0x9c>
10001cae:	4b16      	ldr	r3, [pc, #88]	; (10001d08 <best_effort_wfe_or_timeout+0xa8>)
10001cb0:	6a5b      	ldr	r3, [r3, #36]	; 0x24
10001cb2:	4299      	cmp	r1, r3
10001cb4:	d809      	bhi.n	10001cca <best_effort_wfe_or_timeout+0x6a>
10001cb6:	4a14      	ldr	r2, [pc, #80]	; (10001d08 <best_effort_wfe_or_timeout+0xa8>)
10001cb8:	6a92      	ldr	r2, [r2, #40]	; 0x28
10001cba:	4282      	cmp	r2, r0
10001cbc:	d207      	bcs.n	10001cce <best_effort_wfe_or_timeout+0x6e>
10001cbe:	4299      	cmp	r1, r3
10001cc0:	d001      	beq.n	10001cc6 <best_effort_wfe_or_timeout+0x66>
10001cc2:	2001      	movs	r0, #1
10001cc4:	e01a      	b.n	10001cfc <best_effort_wfe_or_timeout+0x9c>
10001cc6:	2000      	movs	r0, #0
10001cc8:	e018      	b.n	10001cfc <best_effort_wfe_or_timeout+0x9c>
10001cca:	2000      	movs	r0, #0
10001ccc:	e016      	b.n	10001cfc <best_effort_wfe_or_timeout+0x9c>
10001cce:	2001      	movs	r0, #1
10001cd0:	e014      	b.n	10001cfc <best_effort_wfe_or_timeout+0x9c>
10001cd2:	4b0d      	ldr	r3, [pc, #52]	; (10001d08 <best_effort_wfe_or_timeout+0xa8>)
10001cd4:	6a5b      	ldr	r3, [r3, #36]	; 0x24
10001cd6:	429c      	cmp	r4, r3
10001cd8:	d809      	bhi.n	10001cee <best_effort_wfe_or_timeout+0x8e>
10001cda:	4a0b      	ldr	r2, [pc, #44]	; (10001d08 <best_effort_wfe_or_timeout+0xa8>)
10001cdc:	6a92      	ldr	r2, [r2, #40]	; 0x28
10001cde:	42aa      	cmp	r2, r5
10001ce0:	d207      	bcs.n	10001cf2 <best_effort_wfe_or_timeout+0x92>
10001ce2:	429c      	cmp	r4, r3
10001ce4:	d001      	beq.n	10001cea <best_effort_wfe_or_timeout+0x8a>
10001ce6:	2001      	movs	r0, #1
10001ce8:	e008      	b.n	10001cfc <best_effort_wfe_or_timeout+0x9c>
10001cea:	2000      	movs	r0, #0
10001cec:	e006      	b.n	10001cfc <best_effort_wfe_or_timeout+0x9c>
10001cee:	2000      	movs	r0, #0
10001cf0:	e004      	b.n	10001cfc <best_effort_wfe_or_timeout+0x9c>
10001cf2:	2001      	movs	r0, #1
10001cf4:	e002      	b.n	10001cfc <best_effort_wfe_or_timeout+0x9c>
10001cf6:	2000      	movs	r0, #0
10001cf8:	e000      	b.n	10001cfc <best_effort_wfe_or_timeout+0x9c>
10001cfa:	2000      	movs	r0, #0
10001cfc:	b004      	add	sp, #16
10001cfe:	bd70      	pop	{r4, r5, r6, pc}
10001d00:	2001      	movs	r0, #1
10001d02:	e7fb      	b.n	10001cfc <best_effort_wfe_or_timeout+0x9c>
10001d04:	100011e9 	.word	0x100011e9
10001d08:	40054000 	.word	0x40054000

10001d0c <check_single_timeout_us>:
10001d0c:	6802      	ldr	r2, [r0, #0]
10001d0e:	6843      	ldr	r3, [r0, #4]
10001d10:	4908      	ldr	r1, [pc, #32]	; (10001d34 <check_single_timeout_us+0x28>)
10001d12:	6a49      	ldr	r1, [r1, #36]	; 0x24
10001d14:	428b      	cmp	r3, r1
10001d16:	d809      	bhi.n	10001d2c <check_single_timeout_us+0x20>
10001d18:	4806      	ldr	r0, [pc, #24]	; (10001d34 <check_single_timeout_us+0x28>)
10001d1a:	6a80      	ldr	r0, [r0, #40]	; 0x28
10001d1c:	4290      	cmp	r0, r2
10001d1e:	d207      	bcs.n	10001d30 <check_single_timeout_us+0x24>
10001d20:	428b      	cmp	r3, r1
10001d22:	d001      	beq.n	10001d28 <check_single_timeout_us+0x1c>
10001d24:	2001      	movs	r0, #1
10001d26:	e002      	b.n	10001d2e <check_single_timeout_us+0x22>
10001d28:	2000      	movs	r0, #0
10001d2a:	e000      	b.n	10001d2e <check_single_timeout_us+0x22>
10001d2c:	2000      	movs	r0, #0
10001d2e:	4770      	bx	lr
10001d30:	2001      	movs	r0, #1
10001d32:	e7fc      	b.n	10001d2e <check_single_timeout_us+0x22>
10001d34:	40054000 	.word	0x40054000

10001d38 <init_single_timeout_until>:
10001d38:	6002      	str	r2, [r0, #0]
10001d3a:	6043      	str	r3, [r0, #4]
10001d3c:	4800      	ldr	r0, [pc, #0]	; (10001d40 <init_single_timeout_until+0x8>)
10001d3e:	4770      	bx	lr
10001d40:	10001d0d 	.word	0x10001d0d

10001d44 <hardware_alarm_irq_handler>:
10001d44:	b570      	push	{r4, r5, r6, lr}
10001d46:	f3ef 8005 	mrs	r0, IPSR
10001d4a:	3810      	subs	r0, #16
10001d4c:	f3ef 8c10 	mrs	ip, PRIMASK
10001d50:	b672      	cpsid	i
10001d52:	4b1a      	ldr	r3, [pc, #104]	; (10001dbc <hardware_alarm_irq_handler+0x78>)
10001d54:	681b      	ldr	r3, [r3, #0]
10001d56:	2b00      	cmp	r3, #0
10001d58:	d0fb      	beq.n	10001d52 <hardware_alarm_irq_handler+0xe>
10001d5a:	f3bf 8f5f 	dmb	sy
10001d5e:	2201      	movs	r2, #1
10001d60:	0013      	movs	r3, r2
10001d62:	4083      	lsls	r3, r0
10001d64:	4916      	ldr	r1, [pc, #88]	; (10001dc0 <hardware_alarm_irq_handler+0x7c>)
10001d66:	634b      	str	r3, [r1, #52]	; 0x34
10001d68:	4916      	ldr	r1, [pc, #88]	; (10001dc4 <hardware_alarm_irq_handler+0x80>)
10001d6a:	600b      	str	r3, [r1, #0]
10001d6c:	4916      	ldr	r1, [pc, #88]	; (10001dc8 <hardware_alarm_irq_handler+0x84>)
10001d6e:	7809      	ldrb	r1, [r1, #0]
10001d70:	000c      	movs	r4, r1
10001d72:	40c4      	lsrs	r4, r0
10001d74:	4222      	tst	r2, r4
10001d76:	d014      	beq.n	10001da2 <hardware_alarm_irq_handler+0x5e>
10001d78:	4a11      	ldr	r2, [pc, #68]	; (10001dc0 <hardware_alarm_irq_handler+0x7c>)
10001d7a:	6a54      	ldr	r4, [r2, #36]	; 0x24
10001d7c:	0082      	lsls	r2, r0, #2
10001d7e:	4d13      	ldr	r5, [pc, #76]	; (10001dcc <hardware_alarm_irq_handler+0x88>)
10001d80:	5952      	ldr	r2, [r2, r5]
10001d82:	4294      	cmp	r4, r2
10001d84:	d306      	bcc.n	10001d94 <hardware_alarm_irq_handler+0x50>
10001d86:	0082      	lsls	r2, r0, #2
10001d88:	4c11      	ldr	r4, [pc, #68]	; (10001dd0 <hardware_alarm_irq_handler+0x8c>)
10001d8a:	5912      	ldr	r2, [r2, r4]
10001d8c:	4399      	bics	r1, r3
10001d8e:	4b0e      	ldr	r3, [pc, #56]	; (10001dc8 <hardware_alarm_irq_handler+0x84>)
10001d90:	7019      	strb	r1, [r3, #0]
10001d92:	e007      	b.n	10001da4 <hardware_alarm_irq_handler+0x60>
10001d94:	4a0a      	ldr	r2, [pc, #40]	; (10001dc0 <hardware_alarm_irq_handler+0x7c>)
10001d96:	1d03      	adds	r3, r0, #4
10001d98:	009b      	lsls	r3, r3, #2
10001d9a:	5899      	ldr	r1, [r3, r2]
10001d9c:	5099      	str	r1, [r3, r2]
10001d9e:	2200      	movs	r2, #0
10001da0:	e000      	b.n	10001da4 <hardware_alarm_irq_handler+0x60>
10001da2:	2200      	movs	r2, #0
10001da4:	f3bf 8f5f 	dmb	sy
10001da8:	4b04      	ldr	r3, [pc, #16]	; (10001dbc <hardware_alarm_irq_handler+0x78>)
10001daa:	2100      	movs	r1, #0
10001dac:	6019      	str	r1, [r3, #0]
10001dae:	f38c 8810 	msr	PRIMASK, ip
10001db2:	2a00      	cmp	r2, #0
10001db4:	d000      	beq.n	10001db8 <hardware_alarm_irq_handler+0x74>
10001db6:	4790      	blx	r2
10001db8:	bd70      	pop	{r4, r5, r6, pc}
10001dba:	46c0      	nop			; (mov r8, r8)
10001dbc:	d0000128 	.word	0xd0000128
10001dc0:	40054000 	.word	0x40054000
10001dc4:	4005703c 	.word	0x4005703c
10001dc8:	20011ffc 	.word	0x20011ffc
10001dcc:	20001ef0 	.word	0x20001ef0
10001dd0:	20001258 	.word	0x20001258

10001dd4 <hardware_alarm_claim>:
10001dd4:	b510      	push	{r4, lr}
10001dd6:	0001      	movs	r1, r0
10001dd8:	4a02      	ldr	r2, [pc, #8]	; (10001de4 <hardware_alarm_claim+0x10>)
10001dda:	4803      	ldr	r0, [pc, #12]	; (10001de8 <hardware_alarm_claim+0x14>)
10001ddc:	f7fe fdd6 	bl	1000098c <hw_claim_or_assert>
10001de0:	bd10      	pop	{r4, pc}
10001de2:	46c0      	nop			; (mov r8, r8)
10001de4:	10009888 	.word	0x10009888
10001de8:	20011ff7 	.word	0x20011ff7

10001dec <time_us_64>:
10001dec:	4b04      	ldr	r3, [pc, #16]	; (10001e00 <time_us_64+0x14>)
10001dee:	6a5b      	ldr	r3, [r3, #36]	; 0x24
10001df0:	4a03      	ldr	r2, [pc, #12]	; (10001e00 <time_us_64+0x14>)
10001df2:	6a90      	ldr	r0, [r2, #40]	; 0x28
10001df4:	0019      	movs	r1, r3
10001df6:	6a53      	ldr	r3, [r2, #36]	; 0x24
10001df8:	4299      	cmp	r1, r3
10001dfa:	d1f9      	bne.n	10001df0 <time_us_64+0x4>
10001dfc:	4770      	bx	lr
10001dfe:	46c0      	nop			; (mov r8, r8)
10001e00:	40054000 	.word	0x40054000

10001e04 <busy_wait_until>:
10001e04:	4b08      	ldr	r3, [pc, #32]	; (10001e28 <busy_wait_until+0x24>)
10001e06:	6a5b      	ldr	r3, [r3, #36]	; 0x24
10001e08:	e001      	b.n	10001e0e <busy_wait_until+0xa>
10001e0a:	4b07      	ldr	r3, [pc, #28]	; (10001e28 <busy_wait_until+0x24>)
10001e0c:	6a5b      	ldr	r3, [r3, #36]	; 0x24
10001e0e:	428b      	cmp	r3, r1
10001e10:	d3fb      	bcc.n	10001e0a <busy_wait_until+0x6>
10001e12:	e001      	b.n	10001e18 <busy_wait_until+0x14>
10001e14:	4b04      	ldr	r3, [pc, #16]	; (10001e28 <busy_wait_until+0x24>)
10001e16:	6a5b      	ldr	r3, [r3, #36]	; 0x24
10001e18:	428b      	cmp	r3, r1
10001e1a:	d103      	bne.n	10001e24 <busy_wait_until+0x20>
10001e1c:	4b02      	ldr	r3, [pc, #8]	; (10001e28 <busy_wait_until+0x24>)
10001e1e:	6a9b      	ldr	r3, [r3, #40]	; 0x28
10001e20:	4283      	cmp	r3, r0
10001e22:	d3f7      	bcc.n	10001e14 <busy_wait_until+0x10>
10001e24:	4770      	bx	lr
10001e26:	46c0      	nop			; (mov r8, r8)
10001e28:	40054000 	.word	0x40054000

10001e2c <busy_wait_us>:
10001e2c:	b570      	push	{r4, r5, r6, lr}
10001e2e:	0004      	movs	r4, r0
10001e30:	000d      	movs	r5, r1
10001e32:	f7ff ffdb 	bl	10001dec <time_us_64>
10001e36:	0002      	movs	r2, r0
10001e38:	000b      	movs	r3, r1
10001e3a:	0020      	movs	r0, r4
10001e3c:	0029      	movs	r1, r5
10001e3e:	1880      	adds	r0, r0, r2
10001e40:	4159      	adcs	r1, r3
10001e42:	428b      	cmp	r3, r1
10001e44:	d802      	bhi.n	10001e4c <busy_wait_us+0x20>
10001e46:	d104      	bne.n	10001e52 <busy_wait_us+0x26>
10001e48:	4282      	cmp	r2, r0
10001e4a:	d902      	bls.n	10001e52 <busy_wait_us+0x26>
10001e4c:	2001      	movs	r0, #1
10001e4e:	4240      	negs	r0, r0
10001e50:	17c1      	asrs	r1, r0, #31
10001e52:	2900      	cmp	r1, #0
10001e54:	db02      	blt.n	10001e5c <busy_wait_us+0x30>
10001e56:	f7ff ffd5 	bl	10001e04 <busy_wait_until>
10001e5a:	bd70      	pop	{r4, r5, r6, pc}
10001e5c:	4b02      	ldr	r3, [pc, #8]	; (10001e68 <busy_wait_us+0x3c>)
10001e5e:	4a03      	ldr	r2, [pc, #12]	; (10001e6c <busy_wait_us+0x40>)
10001e60:	213f      	movs	r1, #63	; 0x3f
10001e62:	4803      	ldr	r0, [pc, #12]	; (10001e70 <busy_wait_us+0x44>)
10001e64:	f000 fdf6 	bl	10002a54 <__assert_func>
10001e68:	10008e70 	.word	0x10008e70
10001e6c:	1000994c 	.word	0x1000994c
10001e70:	10008ec4 	.word	0x10008ec4

10001e74 <hardware_alarm_set_callback>:
10001e74:	b570      	push	{r4, r5, r6, lr}
10001e76:	0004      	movs	r4, r0
10001e78:	000d      	movs	r5, r1
10001e7a:	f3ef 8610 	mrs	r6, PRIMASK
10001e7e:	b672      	cpsid	i
10001e80:	4b1b      	ldr	r3, [pc, #108]	; (10001ef0 <hardware_alarm_set_callback+0x7c>)
10001e82:	681b      	ldr	r3, [r3, #0]
10001e84:	2b00      	cmp	r3, #0
10001e86:	d0fb      	beq.n	10001e80 <hardware_alarm_set_callback+0xc>
10001e88:	f3bf 8f5f 	dmb	sy
10001e8c:	2d00      	cmp	r5, #0
10001e8e:	d01c      	beq.n	10001eca <hardware_alarm_set_callback+0x56>
10001e90:	0020      	movs	r0, r4
10001e92:	f7fe fe6f 	bl	10000b74 <irq_get_vtable_handler>
10001e96:	4b17      	ldr	r3, [pc, #92]	; (10001ef4 <hardware_alarm_set_callback+0x80>)
10001e98:	4283      	cmp	r3, r0
10001e9a:	d00b      	beq.n	10001eb4 <hardware_alarm_set_callback+0x40>
10001e9c:	0019      	movs	r1, r3
10001e9e:	0020      	movs	r0, r4
10001ea0:	f7fe fe82 	bl	10000ba8 <irq_set_exclusive_handler>
10001ea4:	2101      	movs	r1, #1
10001ea6:	0020      	movs	r0, r4
10001ea8:	f7fe fe54 	bl	10000b54 <irq_set_enabled>
10001eac:	2301      	movs	r3, #1
10001eae:	40a3      	lsls	r3, r4
10001eb0:	4a11      	ldr	r2, [pc, #68]	; (10001ef8 <hardware_alarm_set_callback+0x84>)
10001eb2:	6013      	str	r3, [r2, #0]
10001eb4:	00a4      	lsls	r4, r4, #2
10001eb6:	4b11      	ldr	r3, [pc, #68]	; (10001efc <hardware_alarm_set_callback+0x88>)
10001eb8:	50e5      	str	r5, [r4, r3]
10001eba:	f3bf 8f5f 	dmb	sy
10001ebe:	4b0c      	ldr	r3, [pc, #48]	; (10001ef0 <hardware_alarm_set_callback+0x7c>)
10001ec0:	2200      	movs	r2, #0
10001ec2:	601a      	str	r2, [r3, #0]
10001ec4:	f386 8810 	msr	PRIMASK, r6
10001ec8:	bd70      	pop	{r4, r5, r6, pc}
10001eca:	00a2      	lsls	r2, r4, #2
10001ecc:	4b0b      	ldr	r3, [pc, #44]	; (10001efc <hardware_alarm_set_callback+0x88>)
10001ece:	2100      	movs	r1, #0
10001ed0:	50d1      	str	r1, [r2, r3]
10001ed2:	2201      	movs	r2, #1
10001ed4:	40a2      	lsls	r2, r4
10001ed6:	490a      	ldr	r1, [pc, #40]	; (10001f00 <hardware_alarm_set_callback+0x8c>)
10001ed8:	780b      	ldrb	r3, [r1, #0]
10001eda:	4393      	bics	r3, r2
10001edc:	700b      	strb	r3, [r1, #0]
10001ede:	4905      	ldr	r1, [pc, #20]	; (10001ef4 <hardware_alarm_set_callback+0x80>)
10001ee0:	0020      	movs	r0, r4
10001ee2:	f7fe ffa5 	bl	10000e30 <irq_remove_handler>
10001ee6:	2100      	movs	r1, #0
10001ee8:	0020      	movs	r0, r4
10001eea:	f7fe fe33 	bl	10000b54 <irq_set_enabled>
10001eee:	e7e4      	b.n	10001eba <hardware_alarm_set_callback+0x46>
10001ef0:	d0000128 	.word	0xd0000128
10001ef4:	10001d45 	.word	0x10001d45
10001ef8:	40056038 	.word	0x40056038
10001efc:	20001258 	.word	0x20001258
10001f00:	20011ffc 	.word	0x20011ffc

10001f04 <hardware_alarm_set_target>:
10001f04:	b5f0      	push	{r4, r5, r6, r7, lr}
10001f06:	46de      	mov	lr, fp
10001f08:	b500      	push	{lr}
10001f0a:	b084      	sub	sp, #16
10001f0c:	0004      	movs	r4, r0
10001f0e:	0015      	movs	r5, r2
10001f10:	9201      	str	r2, [sp, #4]
10001f12:	001e      	movs	r6, r3
10001f14:	9302      	str	r3, [sp, #8]
10001f16:	f7ff ff69 	bl	10001dec <time_us_64>
10001f1a:	9503      	str	r5, [sp, #12]
10001f1c:	428e      	cmp	r6, r1
10001f1e:	d802      	bhi.n	10001f26 <hardware_alarm_set_target+0x22>
10001f20:	d14e      	bne.n	10001fc0 <hardware_alarm_set_target+0xbc>
10001f22:	4285      	cmp	r5, r0
10001f24:	d94c      	bls.n	10001fc0 <hardware_alarm_set_target+0xbc>
10001f26:	f3ef 8b10 	mrs	fp, PRIMASK
10001f2a:	b672      	cpsid	i
10001f2c:	4b27      	ldr	r3, [pc, #156]	; (10001fcc <hardware_alarm_set_target+0xc8>)
10001f2e:	681b      	ldr	r3, [r3, #0]
10001f30:	2b00      	cmp	r3, #0
10001f32:	d0fb      	beq.n	10001f2c <hardware_alarm_set_target+0x28>
10001f34:	f3bf 8f5f 	dmb	sy
10001f38:	4a25      	ldr	r2, [pc, #148]	; (10001fd0 <hardware_alarm_set_target+0xcc>)
10001f3a:	7817      	ldrb	r7, [r2, #0]
10001f3c:	2501      	movs	r5, #1
10001f3e:	40a5      	lsls	r5, r4
10001f40:	b2eb      	uxtb	r3, r5
10001f42:	433b      	orrs	r3, r7
10001f44:	7013      	strb	r3, [r2, #0]
10001f46:	4b23      	ldr	r3, [pc, #140]	; (10001fd4 <hardware_alarm_set_target+0xd0>)
10001f48:	635d      	str	r5, [r3, #52]	; 0x34
10001f4a:	1d22      	adds	r2, r4, #4
10001f4c:	0092      	lsls	r2, r2, #2
10001f4e:	9901      	ldr	r1, [sp, #4]
10001f50:	50d1      	str	r1, [r2, r3]
10001f52:	00a2      	lsls	r2, r4, #2
10001f54:	4920      	ldr	r1, [pc, #128]	; (10001fd8 <hardware_alarm_set_target+0xd4>)
10001f56:	9802      	ldr	r0, [sp, #8]
10001f58:	5050      	str	r0, [r2, r1]
10001f5a:	6a1b      	ldr	r3, [r3, #32]
10001f5c:	422b      	tst	r3, r5
10001f5e:	d112      	bne.n	10001f86 <hardware_alarm_set_target+0x82>
10001f60:	4b1c      	ldr	r3, [pc, #112]	; (10001fd4 <hardware_alarm_set_target+0xd0>)
10001f62:	6c1b      	ldr	r3, [r3, #64]	; 0x40
10001f64:	422b      	tst	r3, r5
10001f66:	d008      	beq.n	10001f7a <hardware_alarm_set_target+0x76>
10001f68:	2000      	movs	r0, #0
10001f6a:	f3bf 8f5f 	dmb	sy
10001f6e:	4b17      	ldr	r3, [pc, #92]	; (10001fcc <hardware_alarm_set_target+0xc8>)
10001f70:	2200      	movs	r2, #0
10001f72:	601a      	str	r2, [r3, #0]
10001f74:	f38b 8810 	msr	PRIMASK, fp
10001f78:	e023      	b.n	10001fc2 <hardware_alarm_set_target+0xbe>
10001f7a:	4b18      	ldr	r3, [pc, #96]	; (10001fdc <hardware_alarm_set_target+0xd8>)
10001f7c:	4a18      	ldr	r2, [pc, #96]	; (10001fe0 <hardware_alarm_set_target+0xdc>)
10001f7e:	21c5      	movs	r1, #197	; 0xc5
10001f80:	4818      	ldr	r0, [pc, #96]	; (10001fe4 <hardware_alarm_set_target+0xe0>)
10001f82:	f000 fd67 	bl	10002a54 <__assert_func>
10001f86:	f7ff ff31 	bl	10001dec <time_us_64>
10001f8a:	428e      	cmp	r6, r1
10001f8c:	d814      	bhi.n	10001fb8 <hardware_alarm_set_target+0xb4>
10001f8e:	d102      	bne.n	10001f96 <hardware_alarm_set_target+0x92>
10001f90:	9b03      	ldr	r3, [sp, #12]
10001f92:	4283      	cmp	r3, r0
10001f94:	d810      	bhi.n	10001fb8 <hardware_alarm_set_target+0xb4>
10001f96:	4b0e      	ldr	r3, [pc, #56]	; (10001fd0 <hardware_alarm_set_target+0xcc>)
10001f98:	781b      	ldrb	r3, [r3, #0]
10001f9a:	42bb      	cmp	r3, r7
10001f9c:	d00e      	beq.n	10001fbc <hardware_alarm_set_target+0xb8>
10001f9e:	4b0d      	ldr	r3, [pc, #52]	; (10001fd4 <hardware_alarm_set_target+0xd0>)
10001fa0:	621d      	str	r5, [r3, #32]
10001fa2:	635d      	str	r5, [r3, #52]	; 0x34
10001fa4:	201f      	movs	r0, #31
10001fa6:	4004      	ands	r4, r0
10001fa8:	2301      	movs	r3, #1
10001faa:	40a3      	lsls	r3, r4
10001fac:	4a0e      	ldr	r2, [pc, #56]	; (10001fe8 <hardware_alarm_set_target+0xe4>)
10001fae:	6013      	str	r3, [r2, #0]
10001fb0:	4b07      	ldr	r3, [pc, #28]	; (10001fd0 <hardware_alarm_set_target+0xcc>)
10001fb2:	701f      	strb	r7, [r3, #0]
10001fb4:	381e      	subs	r0, #30
10001fb6:	e7d8      	b.n	10001f6a <hardware_alarm_set_target+0x66>
10001fb8:	2000      	movs	r0, #0
10001fba:	e7d6      	b.n	10001f6a <hardware_alarm_set_target+0x66>
10001fbc:	2001      	movs	r0, #1
10001fbe:	e7d4      	b.n	10001f6a <hardware_alarm_set_target+0x66>
10001fc0:	2001      	movs	r0, #1
10001fc2:	b004      	add	sp, #16
10001fc4:	bc80      	pop	{r7}
10001fc6:	46bb      	mov	fp, r7
10001fc8:	bdf0      	pop	{r4, r5, r6, r7, pc}
10001fca:	46c0      	nop			; (mov r8, r8)
10001fcc:	d0000128 	.word	0xd0000128
10001fd0:	20011ffc 	.word	0x20011ffc
10001fd4:	40054000 	.word	0x40054000
10001fd8:	20001ef0 	.word	0x20001ef0
10001fdc:	100098ac 	.word	0x100098ac
10001fe0:	10009930 	.word	0x10009930
10001fe4:	100098d0 	.word	0x100098d0
10001fe8:	e000e280 	.word	0xe000e280

10001fec <hardware_alarm_cancel>:
10001fec:	f3ef 8c10 	mrs	ip, PRIMASK
10001ff0:	b672      	cpsid	i
10001ff2:	4b0b      	ldr	r3, [pc, #44]	; (10002020 <hardware_alarm_cancel+0x34>)
10001ff4:	681b      	ldr	r3, [r3, #0]
10001ff6:	2b00      	cmp	r3, #0
10001ff8:	d0fb      	beq.n	10001ff2 <hardware_alarm_cancel+0x6>
10001ffa:	f3bf 8f5f 	dmb	sy
10001ffe:	2301      	movs	r3, #1
10002000:	4083      	lsls	r3, r0
10002002:	4a08      	ldr	r2, [pc, #32]	; (10002024 <hardware_alarm_cancel+0x38>)
10002004:	6213      	str	r3, [r2, #32]
10002006:	4908      	ldr	r1, [pc, #32]	; (10002028 <hardware_alarm_cancel+0x3c>)
10002008:	780a      	ldrb	r2, [r1, #0]
1000200a:	439a      	bics	r2, r3
1000200c:	700a      	strb	r2, [r1, #0]
1000200e:	f3bf 8f5f 	dmb	sy
10002012:	4b03      	ldr	r3, [pc, #12]	; (10002020 <hardware_alarm_cancel+0x34>)
10002014:	2200      	movs	r2, #0
10002016:	601a      	str	r2, [r3, #0]
10002018:	f38c 8810 	msr	PRIMASK, ip
1000201c:	4770      	bx	lr
1000201e:	46c0      	nop			; (mov r8, r8)
10002020:	d0000128 	.word	0xd0000128
10002024:	40054000 	.word	0x40054000
10002028:	20011ffc 	.word	0x20011ffc

1000202c <ph_add_child_node>:
1000202c:	b510      	push	{r4, lr}
1000202e:	2900      	cmp	r1, #0
10002030:	d01e      	beq.n	10002070 <ph_add_child_node+0x44>
10002032:	7b03      	ldrb	r3, [r0, #12]
10002034:	4299      	cmp	r1, r3
10002036:	d81b      	bhi.n	10002070 <ph_add_child_node+0x44>
10002038:	004b      	lsls	r3, r1, #1
1000203a:	185b      	adds	r3, r3, r1
1000203c:	3b03      	subs	r3, #3
1000203e:	6804      	ldr	r4, [r0, #0]
10002040:	46a4      	mov	ip, r4
10002042:	4463      	add	r3, ip
10002044:	2900      	cmp	r1, #0
10002046:	d019      	beq.n	1000207c <ph_add_child_node+0x50>
10002048:	2a00      	cmp	r2, #0
1000204a:	d01d      	beq.n	10002088 <ph_add_child_node+0x5c>
1000204c:	4291      	cmp	r1, r2
1000204e:	d021      	beq.n	10002094 <ph_add_child_node+0x68>
10002050:	2a00      	cmp	r2, #0
10002052:	d025      	beq.n	100020a0 <ph_add_child_node+0x74>
10002054:	7b04      	ldrb	r4, [r0, #12]
10002056:	42a2      	cmp	r2, r4
10002058:	d822      	bhi.n	100020a0 <ph_add_child_node+0x74>
1000205a:	6804      	ldr	r4, [r0, #0]
1000205c:	0050      	lsls	r0, r2, #1
1000205e:	1880      	adds	r0, r0, r2
10002060:	3803      	subs	r0, #3
10002062:	1820      	adds	r0, r4, r0
10002064:	7081      	strb	r1, [r0, #2]
10002066:	7819      	ldrb	r1, [r3, #0]
10002068:	2900      	cmp	r1, #0
1000206a:	d11f      	bne.n	100020ac <ph_add_child_node+0x80>
1000206c:	701a      	strb	r2, [r3, #0]
1000206e:	bd10      	pop	{r4, pc}
10002070:	4b10      	ldr	r3, [pc, #64]	; (100020b4 <ph_add_child_node+0x88>)
10002072:	4a11      	ldr	r2, [pc, #68]	; (100020b8 <ph_add_child_node+0x8c>)
10002074:	2168      	movs	r1, #104	; 0x68
10002076:	4811      	ldr	r0, [pc, #68]	; (100020bc <ph_add_child_node+0x90>)
10002078:	f000 fcec 	bl	10002a54 <__assert_func>
1000207c:	4b10      	ldr	r3, [pc, #64]	; (100020c0 <ph_add_child_node+0x94>)
1000207e:	4a11      	ldr	r2, [pc, #68]	; (100020c4 <ph_add_child_node+0x98>)
10002080:	316f      	adds	r1, #111	; 0x6f
10002082:	480e      	ldr	r0, [pc, #56]	; (100020bc <ph_add_child_node+0x90>)
10002084:	f000 fce6 	bl	10002a54 <__assert_func>
10002088:	4b0f      	ldr	r3, [pc, #60]	; (100020c8 <ph_add_child_node+0x9c>)
1000208a:	4a0e      	ldr	r2, [pc, #56]	; (100020c4 <ph_add_child_node+0x98>)
1000208c:	2170      	movs	r1, #112	; 0x70
1000208e:	480b      	ldr	r0, [pc, #44]	; (100020bc <ph_add_child_node+0x90>)
10002090:	f000 fce0 	bl	10002a54 <__assert_func>
10002094:	4b0d      	ldr	r3, [pc, #52]	; (100020cc <ph_add_child_node+0xa0>)
10002096:	4a0b      	ldr	r2, [pc, #44]	; (100020c4 <ph_add_child_node+0x98>)
10002098:	2171      	movs	r1, #113	; 0x71
1000209a:	4808      	ldr	r0, [pc, #32]	; (100020bc <ph_add_child_node+0x90>)
1000209c:	f000 fcda 	bl	10002a54 <__assert_func>
100020a0:	4b04      	ldr	r3, [pc, #16]	; (100020b4 <ph_add_child_node+0x88>)
100020a2:	4a05      	ldr	r2, [pc, #20]	; (100020b8 <ph_add_child_node+0x8c>)
100020a4:	2168      	movs	r1, #104	; 0x68
100020a6:	4805      	ldr	r0, [pc, #20]	; (100020bc <ph_add_child_node+0x90>)
100020a8:	f000 fcd4 	bl	10002a54 <__assert_func>
100020ac:	7041      	strb	r1, [r0, #1]
100020ae:	701a      	strb	r2, [r3, #0]
100020b0:	e7dd      	b.n	1000206e <ph_add_child_node+0x42>
100020b2:	46c0      	nop			; (mov r8, r8)
100020b4:	1000959c 	.word	0x1000959c
100020b8:	10009a6c 	.word	0x10009a6c
100020bc:	100095b8 	.word	0x100095b8
100020c0:	10009620 	.word	0x10009620
100020c4:	10009a58 	.word	0x10009a58
100020c8:	1000962c 	.word	0x1000962c
100020cc:	10009638 	.word	0x10009638

100020d0 <ph_merge_nodes>:
100020d0:	b570      	push	{r4, r5, r6, lr}
100020d2:	0006      	movs	r6, r0
100020d4:	000d      	movs	r5, r1
100020d6:	0014      	movs	r4, r2
100020d8:	2900      	cmp	r1, #0
100020da:	d014      	beq.n	10002106 <ph_merge_nodes+0x36>
100020dc:	2a00      	cmp	r2, #0
100020de:	d014      	beq.n	1000210a <ph_merge_nodes+0x3a>
100020e0:	6880      	ldr	r0, [r0, #8]
100020e2:	6873      	ldr	r3, [r6, #4]
100020e4:	4798      	blx	r3
100020e6:	2800      	cmp	r0, #0
100020e8:	d006      	beq.n	100020f8 <ph_merge_nodes+0x28>
100020ea:	0022      	movs	r2, r4
100020ec:	0029      	movs	r1, r5
100020ee:	0030      	movs	r0, r6
100020f0:	f7ff ff9c 	bl	1000202c <ph_add_child_node>
100020f4:	0028      	movs	r0, r5
100020f6:	e007      	b.n	10002108 <ph_merge_nodes+0x38>
100020f8:	002a      	movs	r2, r5
100020fa:	0021      	movs	r1, r4
100020fc:	0030      	movs	r0, r6
100020fe:	f7ff ff95 	bl	1000202c <ph_add_child_node>
10002102:	0020      	movs	r0, r4
10002104:	e000      	b.n	10002108 <ph_merge_nodes+0x38>
10002106:	0010      	movs	r0, r2
10002108:	bd70      	pop	{r4, r5, r6, pc}
1000210a:	0008      	movs	r0, r1
1000210c:	e7fc      	b.n	10002108 <ph_merge_nodes+0x38>
	...

10002110 <ph_clear>:
10002110:	b510      	push	{r4, lr}
10002112:	2300      	movs	r3, #0
10002114:	7343      	strb	r3, [r0, #13]
10002116:	3301      	adds	r3, #1
10002118:	7383      	strb	r3, [r0, #14]
1000211a:	7b03      	ldrb	r3, [r0, #12]
1000211c:	73c3      	strb	r3, [r0, #15]
1000211e:	2301      	movs	r3, #1
10002120:	7b02      	ldrb	r2, [r0, #12]
10002122:	429a      	cmp	r2, r3
10002124:	d914      	bls.n	10002150 <ph_clear+0x40>
10002126:	2b00      	cmp	r3, #0
10002128:	d00c      	beq.n	10002144 <ph_clear+0x34>
1000212a:	7b02      	ldrb	r2, [r0, #12]
1000212c:	4293      	cmp	r3, r2
1000212e:	d809      	bhi.n	10002144 <ph_clear+0x34>
10002130:	005a      	lsls	r2, r3, #1
10002132:	18d2      	adds	r2, r2, r3
10002134:	3a03      	subs	r2, #3
10002136:	6801      	ldr	r1, [r0, #0]
10002138:	468c      	mov	ip, r1
1000213a:	4462      	add	r2, ip
1000213c:	3301      	adds	r3, #1
1000213e:	b2db      	uxtb	r3, r3
10002140:	7053      	strb	r3, [r2, #1]
10002142:	e7ed      	b.n	10002120 <ph_clear+0x10>
10002144:	4b0b      	ldr	r3, [pc, #44]	; (10002174 <ph_clear+0x64>)
10002146:	4a0c      	ldr	r2, [pc, #48]	; (10002178 <ph_clear+0x68>)
10002148:	2168      	movs	r1, #104	; 0x68
1000214a:	480c      	ldr	r0, [pc, #48]	; (1000217c <ph_clear+0x6c>)
1000214c:	f000 fc82 	bl	10002a54 <__assert_func>
10002150:	2a00      	cmp	r2, #0
10002152:	d009      	beq.n	10002168 <ph_clear+0x58>
10002154:	4292      	cmp	r2, r2
10002156:	d807      	bhi.n	10002168 <ph_clear+0x58>
10002158:	6801      	ldr	r1, [r0, #0]
1000215a:	0053      	lsls	r3, r2, #1
1000215c:	189a      	adds	r2, r3, r2
1000215e:	3a03      	subs	r2, #3
10002160:	188a      	adds	r2, r1, r2
10002162:	2300      	movs	r3, #0
10002164:	7053      	strb	r3, [r2, #1]
10002166:	bd10      	pop	{r4, pc}
10002168:	4b02      	ldr	r3, [pc, #8]	; (10002174 <ph_clear+0x64>)
1000216a:	4a03      	ldr	r2, [pc, #12]	; (10002178 <ph_clear+0x68>)
1000216c:	2168      	movs	r1, #104	; 0x68
1000216e:	4803      	ldr	r0, [pc, #12]	; (1000217c <ph_clear+0x6c>)
10002170:	f000 fc70 	bl	10002a54 <__assert_func>
10002174:	1000959c 	.word	0x1000959c
10002178:	10009a6c 	.word	0x10009a6c
1000217c:	100095b8 	.word	0x100095b8

10002180 <ph_post_alloc_init>:
10002180:	b510      	push	{r4, lr}
10002182:	7301      	strb	r1, [r0, #12]
10002184:	6042      	str	r2, [r0, #4]
10002186:	6083      	str	r3, [r0, #8]
10002188:	f7ff ffc2 	bl	10002110 <ph_clear>
1000218c:	bd10      	pop	{r4, pc}
	...

10002190 <ph_merge_two_pass>:
10002190:	b570      	push	{r4, r5, r6, lr}
10002192:	0004      	movs	r4, r0
10002194:	1e08      	subs	r0, r1, #0
10002196:	d100      	bne.n	1000219a <ph_merge_two_pass+0xa>
10002198:	bd70      	pop	{r4, r5, r6, pc}
1000219a:	2900      	cmp	r1, #0
1000219c:	d034      	beq.n	10002208 <ph_merge_two_pass+0x78>
1000219e:	7b23      	ldrb	r3, [r4, #12]
100021a0:	4299      	cmp	r1, r3
100021a2:	d831      	bhi.n	10002208 <ph_merge_two_pass+0x78>
100021a4:	004b      	lsls	r3, r1, #1
100021a6:	185b      	adds	r3, r3, r1
100021a8:	3b03      	subs	r3, #3
100021aa:	6822      	ldr	r2, [r4, #0]
100021ac:	4694      	mov	ip, r2
100021ae:	4463      	add	r3, ip
100021b0:	785a      	ldrb	r2, [r3, #1]
100021b2:	2a00      	cmp	r2, #0
100021b4:	d0f0      	beq.n	10002198 <ph_merge_two_pass+0x8>
100021b6:	d02d      	beq.n	10002214 <ph_merge_two_pass+0x84>
100021b8:	7b23      	ldrb	r3, [r4, #12]
100021ba:	429a      	cmp	r2, r3
100021bc:	d82a      	bhi.n	10002214 <ph_merge_two_pass+0x84>
100021be:	0053      	lsls	r3, r2, #1
100021c0:	189b      	adds	r3, r3, r2
100021c2:	3b03      	subs	r3, #3
100021c4:	6821      	ldr	r1, [r4, #0]
100021c6:	468c      	mov	ip, r1
100021c8:	4463      	add	r3, ip
100021ca:	785d      	ldrb	r5, [r3, #1]
100021cc:	2100      	movs	r1, #0
100021ce:	7059      	strb	r1, [r3, #1]
100021d0:	2800      	cmp	r0, #0
100021d2:	d025      	beq.n	10002220 <ph_merge_two_pass+0x90>
100021d4:	7b23      	ldrb	r3, [r4, #12]
100021d6:	4298      	cmp	r0, r3
100021d8:	d822      	bhi.n	10002220 <ph_merge_two_pass+0x90>
100021da:	0043      	lsls	r3, r0, #1
100021dc:	181b      	adds	r3, r3, r0
100021de:	3b03      	subs	r3, #3
100021e0:	6821      	ldr	r1, [r4, #0]
100021e2:	468c      	mov	ip, r1
100021e4:	4463      	add	r3, ip
100021e6:	2100      	movs	r1, #0
100021e8:	7059      	strb	r1, [r3, #1]
100021ea:	0001      	movs	r1, r0
100021ec:	0020      	movs	r0, r4
100021ee:	f7ff ff6f 	bl	100020d0 <ph_merge_nodes>
100021f2:	0006      	movs	r6, r0
100021f4:	0029      	movs	r1, r5
100021f6:	0020      	movs	r0, r4
100021f8:	f7ff ffca 	bl	10002190 <ph_merge_two_pass>
100021fc:	0002      	movs	r2, r0
100021fe:	0031      	movs	r1, r6
10002200:	0020      	movs	r0, r4
10002202:	f7ff ff65 	bl	100020d0 <ph_merge_nodes>
10002206:	e7c7      	b.n	10002198 <ph_merge_two_pass+0x8>
10002208:	4b08      	ldr	r3, [pc, #32]	; (1000222c <ph_merge_two_pass+0x9c>)
1000220a:	4a09      	ldr	r2, [pc, #36]	; (10002230 <ph_merge_two_pass+0xa0>)
1000220c:	2168      	movs	r1, #104	; 0x68
1000220e:	4809      	ldr	r0, [pc, #36]	; (10002234 <ph_merge_two_pass+0xa4>)
10002210:	f000 fc20 	bl	10002a54 <__assert_func>
10002214:	4b05      	ldr	r3, [pc, #20]	; (1000222c <ph_merge_two_pass+0x9c>)
10002216:	4a06      	ldr	r2, [pc, #24]	; (10002230 <ph_merge_two_pass+0xa0>)
10002218:	2168      	movs	r1, #104	; 0x68
1000221a:	4806      	ldr	r0, [pc, #24]	; (10002234 <ph_merge_two_pass+0xa4>)
1000221c:	f000 fc1a 	bl	10002a54 <__assert_func>
10002220:	4b02      	ldr	r3, [pc, #8]	; (1000222c <ph_merge_two_pass+0x9c>)
10002222:	4a03      	ldr	r2, [pc, #12]	; (10002230 <ph_merge_two_pass+0xa0>)
10002224:	2168      	movs	r1, #104	; 0x68
10002226:	4803      	ldr	r0, [pc, #12]	; (10002234 <ph_merge_two_pass+0xa4>)
10002228:	f000 fc14 	bl	10002a54 <__assert_func>
1000222c:	1000959c 	.word	0x1000959c
10002230:	10009a6c 	.word	0x10009a6c
10002234:	100095b8 	.word	0x100095b8

10002238 <ph_remove_any_head>:
10002238:	b570      	push	{r4, r5, r6, lr}
1000223a:	0005      	movs	r5, r0
1000223c:	000c      	movs	r4, r1
1000223e:	0016      	movs	r6, r2
10002240:	2900      	cmp	r1, #0
10002242:	d02f      	beq.n	100022a4 <ph_remove_any_head+0x6c>
10002244:	d034      	beq.n	100022b0 <ph_remove_any_head+0x78>
10002246:	7b03      	ldrb	r3, [r0, #12]
10002248:	4299      	cmp	r1, r3
1000224a:	d831      	bhi.n	100022b0 <ph_remove_any_head+0x78>
1000224c:	004b      	lsls	r3, r1, #1
1000224e:	185b      	adds	r3, r3, r1
10002250:	3b03      	subs	r3, #3
10002252:	6802      	ldr	r2, [r0, #0]
10002254:	4694      	mov	ip, r2
10002256:	4463      	add	r3, ip
10002258:	785a      	ldrb	r2, [r3, #1]
1000225a:	2a00      	cmp	r2, #0
1000225c:	d12e      	bne.n	100022bc <ph_remove_any_head+0x84>
1000225e:	789a      	ldrb	r2, [r3, #2]
10002260:	2a00      	cmp	r2, #0
10002262:	d131      	bne.n	100022c8 <ph_remove_any_head+0x90>
10002264:	7819      	ldrb	r1, [r3, #0]
10002266:	f7ff ff93 	bl	10002190 <ph_merge_two_pass>
1000226a:	0003      	movs	r3, r0
1000226c:	2e00      	cmp	r6, #0
1000226e:	d00a      	beq.n	10002286 <ph_remove_any_head+0x4e>
10002270:	7bea      	ldrb	r2, [r5, #15]
10002272:	2a00      	cmp	r2, #0
10002274:	d12e      	bne.n	100022d4 <ph_remove_any_head+0x9c>
10002276:	7baa      	ldrb	r2, [r5, #14]
10002278:	2a00      	cmp	r2, #0
1000227a:	d103      	bne.n	10002284 <ph_remove_any_head+0x4c>
1000227c:	7bea      	ldrb	r2, [r5, #15]
1000227e:	2a00      	cmp	r2, #0
10002280:	d13b      	bne.n	100022fa <ph_remove_any_head+0xc2>
10002282:	73ac      	strb	r4, [r5, #14]
10002284:	73ec      	strb	r4, [r5, #15]
10002286:	2b00      	cmp	r3, #0
10002288:	d13d      	bne.n	10002306 <ph_remove_any_head+0xce>
1000228a:	2c00      	cmp	r4, #0
1000228c:	d04f      	beq.n	1000232e <ph_remove_any_head+0xf6>
1000228e:	7b2b      	ldrb	r3, [r5, #12]
10002290:	429c      	cmp	r4, r3
10002292:	d84c      	bhi.n	1000232e <ph_remove_any_head+0xf6>
10002294:	682b      	ldr	r3, [r5, #0]
10002296:	0061      	lsls	r1, r4, #1
10002298:	190c      	adds	r4, r1, r4
1000229a:	3c03      	subs	r4, #3
1000229c:	191c      	adds	r4, r3, r4
1000229e:	2300      	movs	r3, #0
100022a0:	7063      	strb	r3, [r4, #1]
100022a2:	bd70      	pop	{r4, r5, r6, pc}
100022a4:	4b25      	ldr	r3, [pc, #148]	; (1000233c <ph_remove_any_head+0x104>)
100022a6:	4a26      	ldr	r2, [pc, #152]	; (10002340 <ph_remove_any_head+0x108>)
100022a8:	2138      	movs	r1, #56	; 0x38
100022aa:	4826      	ldr	r0, [pc, #152]	; (10002344 <ph_remove_any_head+0x10c>)
100022ac:	f000 fbd2 	bl	10002a54 <__assert_func>
100022b0:	4b25      	ldr	r3, [pc, #148]	; (10002348 <ph_remove_any_head+0x110>)
100022b2:	4a26      	ldr	r2, [pc, #152]	; (1000234c <ph_remove_any_head+0x114>)
100022b4:	2168      	movs	r1, #104	; 0x68
100022b6:	4826      	ldr	r0, [pc, #152]	; (10002350 <ph_remove_any_head+0x118>)
100022b8:	f000 fbcc 	bl	10002a54 <__assert_func>
100022bc:	4b25      	ldr	r3, [pc, #148]	; (10002354 <ph_remove_any_head+0x11c>)
100022be:	4a20      	ldr	r2, [pc, #128]	; (10002340 <ph_remove_any_head+0x108>)
100022c0:	213a      	movs	r1, #58	; 0x3a
100022c2:	4820      	ldr	r0, [pc, #128]	; (10002344 <ph_remove_any_head+0x10c>)
100022c4:	f000 fbc6 	bl	10002a54 <__assert_func>
100022c8:	4b23      	ldr	r3, [pc, #140]	; (10002358 <ph_remove_any_head+0x120>)
100022ca:	4a1d      	ldr	r2, [pc, #116]	; (10002340 <ph_remove_any_head+0x108>)
100022cc:	213b      	movs	r1, #59	; 0x3b
100022ce:	481d      	ldr	r0, [pc, #116]	; (10002344 <ph_remove_any_head+0x10c>)
100022d0:	f000 fbc0 	bl	10002a54 <__assert_func>
100022d4:	2a00      	cmp	r2, #0
100022d6:	d00a      	beq.n	100022ee <ph_remove_any_head+0xb6>
100022d8:	7b29      	ldrb	r1, [r5, #12]
100022da:	428a      	cmp	r2, r1
100022dc:	d807      	bhi.n	100022ee <ph_remove_any_head+0xb6>
100022de:	0051      	lsls	r1, r2, #1
100022e0:	188a      	adds	r2, r1, r2
100022e2:	3a03      	subs	r2, #3
100022e4:	6829      	ldr	r1, [r5, #0]
100022e6:	468c      	mov	ip, r1
100022e8:	4462      	add	r2, ip
100022ea:	7054      	strb	r4, [r2, #1]
100022ec:	e7c3      	b.n	10002276 <ph_remove_any_head+0x3e>
100022ee:	4b16      	ldr	r3, [pc, #88]	; (10002348 <ph_remove_any_head+0x110>)
100022f0:	4a16      	ldr	r2, [pc, #88]	; (1000234c <ph_remove_any_head+0x114>)
100022f2:	2168      	movs	r1, #104	; 0x68
100022f4:	4816      	ldr	r0, [pc, #88]	; (10002350 <ph_remove_any_head+0x118>)
100022f6:	f000 fbad 	bl	10002a54 <__assert_func>
100022fa:	4b18      	ldr	r3, [pc, #96]	; (1000235c <ph_remove_any_head+0x124>)
100022fc:	4a10      	ldr	r2, [pc, #64]	; (10002340 <ph_remove_any_head+0x108>)
100022fe:	2142      	movs	r1, #66	; 0x42
10002300:	4810      	ldr	r0, [pc, #64]	; (10002344 <ph_remove_any_head+0x10c>)
10002302:	f000 fba7 	bl	10002a54 <__assert_func>
10002306:	2b00      	cmp	r3, #0
10002308:	d00b      	beq.n	10002322 <ph_remove_any_head+0xea>
1000230a:	7b2a      	ldrb	r2, [r5, #12]
1000230c:	4293      	cmp	r3, r2
1000230e:	d808      	bhi.n	10002322 <ph_remove_any_head+0xea>
10002310:	0043      	lsls	r3, r0, #1
10002312:	181b      	adds	r3, r3, r0
10002314:	3b03      	subs	r3, #3
10002316:	682a      	ldr	r2, [r5, #0]
10002318:	4694      	mov	ip, r2
1000231a:	4463      	add	r3, ip
1000231c:	2200      	movs	r2, #0
1000231e:	709a      	strb	r2, [r3, #2]
10002320:	e7b3      	b.n	1000228a <ph_remove_any_head+0x52>
10002322:	4b09      	ldr	r3, [pc, #36]	; (10002348 <ph_remove_any_head+0x110>)
10002324:	4a09      	ldr	r2, [pc, #36]	; (1000234c <ph_remove_any_head+0x114>)
10002326:	2168      	movs	r1, #104	; 0x68
10002328:	4809      	ldr	r0, [pc, #36]	; (10002350 <ph_remove_any_head+0x118>)
1000232a:	f000 fb93 	bl	10002a54 <__assert_func>
1000232e:	4b06      	ldr	r3, [pc, #24]	; (10002348 <ph_remove_any_head+0x110>)
10002330:	4a06      	ldr	r2, [pc, #24]	; (1000234c <ph_remove_any_head+0x114>)
10002332:	2168      	movs	r1, #104	; 0x68
10002334:	4806      	ldr	r0, [pc, #24]	; (10002350 <ph_remove_any_head+0x118>)
10002336:	f000 fb8d 	bl	10002a54 <__assert_func>
1000233a:	46c0      	nop			; (mov r8, r8)
1000233c:	10009964 	.word	0x10009964
10002340:	10009a44 	.word	0x10009a44
10002344:	1000996c 	.word	0x1000996c
10002348:	1000959c 	.word	0x1000959c
1000234c:	10009a6c 	.word	0x10009a6c
10002350:	100095b8 	.word	0x100095b8
10002354:	100099c0 	.word	0x100099c0
10002358:	100099e8 	.word	0x100099e8
1000235c:	100096fc 	.word	0x100096fc

10002360 <ph_remove_head>:
10002360:	b570      	push	{r4, r5, r6, lr}
10002362:	0004      	movs	r4, r0
10002364:	000a      	movs	r2, r1
10002366:	7b45      	ldrb	r5, [r0, #13]
10002368:	0029      	movs	r1, r5
1000236a:	f7ff ff65 	bl	10002238 <ph_remove_any_head>
1000236e:	7360      	strb	r0, [r4, #13]
10002370:	0028      	movs	r0, r5
10002372:	bd70      	pop	{r4, r5, r6, pc}

10002374 <ph_remove_and_free_node>:
10002374:	b570      	push	{r4, r5, r6, lr}
10002376:	0004      	movs	r4, r0
10002378:	2900      	cmp	r1, #0
1000237a:	d067      	beq.n	1000244c <ph_remove_and_free_node+0xd8>
1000237c:	7b43      	ldrb	r3, [r0, #13]
1000237e:	428b      	cmp	r3, r1
10002380:	d00e      	beq.n	100023a0 <ph_remove_and_free_node+0x2c>
10002382:	2900      	cmp	r1, #0
10002384:	d011      	beq.n	100023aa <ph_remove_and_free_node+0x36>
10002386:	7b03      	ldrb	r3, [r0, #12]
10002388:	4299      	cmp	r1, r3
1000238a:	d80e      	bhi.n	100023aa <ph_remove_and_free_node+0x36>
1000238c:	004b      	lsls	r3, r1, #1
1000238e:	185b      	adds	r3, r3, r1
10002390:	3b03      	subs	r3, #3
10002392:	6802      	ldr	r2, [r0, #0]
10002394:	18d0      	adds	r0, r2, r3
10002396:	7883      	ldrb	r3, [r0, #2]
10002398:	2b00      	cmp	r3, #0
1000239a:	d10c      	bne.n	100023b6 <ph_remove_and_free_node+0x42>
1000239c:	2000      	movs	r0, #0
1000239e:	e056      	b.n	1000244e <ph_remove_and_free_node+0xda>
100023a0:	2101      	movs	r1, #1
100023a2:	f7ff ffdd 	bl	10002360 <ph_remove_head>
100023a6:	2001      	movs	r0, #1
100023a8:	e051      	b.n	1000244e <ph_remove_and_free_node+0xda>
100023aa:	4b29      	ldr	r3, [pc, #164]	; (10002450 <ph_remove_and_free_node+0xdc>)
100023ac:	4a29      	ldr	r2, [pc, #164]	; (10002454 <ph_remove_and_free_node+0xe0>)
100023ae:	2168      	movs	r1, #104	; 0x68
100023b0:	4829      	ldr	r0, [pc, #164]	; (10002458 <ph_remove_and_free_node+0xe4>)
100023b2:	f000 fb4f 	bl	10002a54 <__assert_func>
100023b6:	2b00      	cmp	r3, #0
100023b8:	d020      	beq.n	100023fc <ph_remove_and_free_node+0x88>
100023ba:	7b22      	ldrb	r2, [r4, #12]
100023bc:	4293      	cmp	r3, r2
100023be:	d81d      	bhi.n	100023fc <ph_remove_and_free_node+0x88>
100023c0:	005a      	lsls	r2, r3, #1
100023c2:	18d3      	adds	r3, r2, r3
100023c4:	3b03      	subs	r3, #3
100023c6:	6822      	ldr	r2, [r4, #0]
100023c8:	18d2      	adds	r2, r2, r3
100023ca:	6825      	ldr	r5, [r4, #0]
100023cc:	5ceb      	ldrb	r3, [r5, r3]
100023ce:	428b      	cmp	r3, r1
100023d0:	d01a      	beq.n	10002408 <ph_remove_and_free_node+0x94>
100023d2:	2b00      	cmp	r3, #0
100023d4:	d01b      	beq.n	1000240e <ph_remove_and_free_node+0x9a>
100023d6:	7b22      	ldrb	r2, [r4, #12]
100023d8:	4293      	cmp	r3, r2
100023da:	d818      	bhi.n	1000240e <ph_remove_and_free_node+0x9a>
100023dc:	005a      	lsls	r2, r3, #1
100023de:	18d3      	adds	r3, r2, r3
100023e0:	3b03      	subs	r3, #3
100023e2:	6822      	ldr	r2, [r4, #0]
100023e4:	18d2      	adds	r2, r2, r3
100023e6:	7853      	ldrb	r3, [r2, #1]
100023e8:	428b      	cmp	r3, r1
100023ea:	d016      	beq.n	1000241a <ph_remove_and_free_node+0xa6>
100023ec:	2b00      	cmp	r3, #0
100023ee:	d1f0      	bne.n	100023d2 <ph_remove_and_free_node+0x5e>
100023f0:	4b1a      	ldr	r3, [pc, #104]	; (1000245c <ph_remove_and_free_node+0xe8>)
100023f2:	4a1b      	ldr	r2, [pc, #108]	; (10002460 <ph_remove_and_free_node+0xec>)
100023f4:	216b      	movs	r1, #107	; 0x6b
100023f6:	481b      	ldr	r0, [pc, #108]	; (10002464 <ph_remove_and_free_node+0xf0>)
100023f8:	f000 fb2c 	bl	10002a54 <__assert_func>
100023fc:	4b14      	ldr	r3, [pc, #80]	; (10002450 <ph_remove_and_free_node+0xdc>)
100023fe:	4a15      	ldr	r2, [pc, #84]	; (10002454 <ph_remove_and_free_node+0xe0>)
10002400:	2168      	movs	r1, #104	; 0x68
10002402:	4815      	ldr	r0, [pc, #84]	; (10002458 <ph_remove_and_free_node+0xe4>)
10002404:	f000 fb26 	bl	10002a54 <__assert_func>
10002408:	7843      	ldrb	r3, [r0, #1]
1000240a:	7013      	strb	r3, [r2, #0]
1000240c:	e007      	b.n	1000241e <ph_remove_and_free_node+0xaa>
1000240e:	4b10      	ldr	r3, [pc, #64]	; (10002450 <ph_remove_and_free_node+0xdc>)
10002410:	4a10      	ldr	r2, [pc, #64]	; (10002454 <ph_remove_and_free_node+0xe0>)
10002412:	2168      	movs	r1, #104	; 0x68
10002414:	4810      	ldr	r0, [pc, #64]	; (10002458 <ph_remove_and_free_node+0xe4>)
10002416:	f000 fb1d 	bl	10002a54 <__assert_func>
1000241a:	7843      	ldrb	r3, [r0, #1]
1000241c:	7053      	strb	r3, [r2, #1]
1000241e:	2300      	movs	r3, #0
10002420:	7083      	strb	r3, [r0, #2]
10002422:	7043      	strb	r3, [r0, #1]
10002424:	2201      	movs	r2, #1
10002426:	0020      	movs	r0, r4
10002428:	f7ff ff06 	bl	10002238 <ph_remove_any_head>
1000242c:	0002      	movs	r2, r0
1000242e:	7b61      	ldrb	r1, [r4, #13]
10002430:	4281      	cmp	r1, r0
10002432:	d005      	beq.n	10002440 <ph_remove_and_free_node+0xcc>
10002434:	0020      	movs	r0, r4
10002436:	f7ff fe4b 	bl	100020d0 <ph_merge_nodes>
1000243a:	7360      	strb	r0, [r4, #13]
1000243c:	2001      	movs	r0, #1
1000243e:	e006      	b.n	1000244e <ph_remove_and_free_node+0xda>
10002440:	4b09      	ldr	r3, [pc, #36]	; (10002468 <ph_remove_and_free_node+0xf4>)
10002442:	4a07      	ldr	r2, [pc, #28]	; (10002460 <ph_remove_and_free_node+0xec>)
10002444:	2171      	movs	r1, #113	; 0x71
10002446:	4807      	ldr	r0, [pc, #28]	; (10002464 <ph_remove_and_free_node+0xf0>)
10002448:	f000 fb04 	bl	10002a54 <__assert_func>
1000244c:	2000      	movs	r0, #0
1000244e:	bd70      	pop	{r4, r5, r6, pc}
10002450:	1000959c 	.word	0x1000959c
10002454:	10009a6c 	.word	0x10009a6c
10002458:	100095b8 	.word	0x100095b8
1000245c:	10009370 	.word	0x10009370
10002460:	10009a2c 	.word	0x10009a2c
10002464:	1000996c 	.word	0x1000996c
10002468:	10009a0c 	.word	0x10009a0c

1000246c <uart_disable_before_lcr_write>:
1000246c:	b570      	push	{r4, r5, r6, lr}
1000246e:	6b04      	ldr	r4, [r0, #48]	; 0x30
10002470:	07e3      	lsls	r3, r4, #31
10002472:	d401      	bmi.n	10002478 <uart_disable_before_lcr_write+0xc>
10002474:	0020      	movs	r0, r4
10002476:	bd70      	pop	{r4, r5, r6, pc}
10002478:	0002      	movs	r2, r0
1000247a:	3230      	adds	r2, #48	; 0x30
1000247c:	23c0      	movs	r3, #192	; 0xc0
1000247e:	019b      	lsls	r3, r3, #6
10002480:	4313      	orrs	r3, r2
10002482:	4a0a      	ldr	r2, [pc, #40]	; (100024ac <uart_disable_before_lcr_write+0x40>)
10002484:	601a      	str	r2, [r3, #0]
10002486:	6a45      	ldr	r5, [r0, #36]	; 0x24
10002488:	6a82      	ldr	r2, [r0, #40]	; 0x28
1000248a:	01ad      	lsls	r5, r5, #6
1000248c:	18ad      	adds	r5, r5, r2
1000248e:	02ad      	lsls	r5, r5, #10
10002490:	2006      	movs	r0, #6
10002492:	f000 f9bd 	bl	10002810 <clock_get_hz>
10002496:	4906      	ldr	r1, [pc, #24]	; (100024b0 <uart_disable_before_lcr_write+0x44>)
10002498:	f001 fca8 	bl	10003dec <__wrap___aeabi_uidiv>
1000249c:	0001      	movs	r1, r0
1000249e:	0028      	movs	r0, r5
100024a0:	f001 fca4 	bl	10003dec <__wrap___aeabi_uidiv>
100024a4:	2100      	movs	r1, #0
100024a6:	f7ff fcc1 	bl	10001e2c <busy_wait_us>
100024aa:	e7e3      	b.n	10002474 <uart_disable_before_lcr_write+0x8>
100024ac:	00000301 	.word	0x00000301
100024b0:	00000e4e 	.word	0x00000e4e

100024b4 <uart_write_lcr_bits_masked>:
100024b4:	b570      	push	{r4, r5, r6, lr}
100024b6:	0004      	movs	r4, r0
100024b8:	000e      	movs	r6, r1
100024ba:	0015      	movs	r5, r2
100024bc:	f7ff ffd6 	bl	1000246c <uart_disable_before_lcr_write>
100024c0:	0022      	movs	r2, r4
100024c2:	322c      	adds	r2, #44	; 0x2c
100024c4:	6ae1      	ldr	r1, [r4, #44]	; 0x2c
100024c6:	404e      	eors	r6, r1
100024c8:	4035      	ands	r5, r6
100024ca:	2380      	movs	r3, #128	; 0x80
100024cc:	015b      	lsls	r3, r3, #5
100024ce:	4313      	orrs	r3, r2
100024d0:	601d      	str	r5, [r3, #0]
100024d2:	6320      	str	r0, [r4, #48]	; 0x30
100024d4:	bd70      	pop	{r4, r5, r6, pc}
	...

100024d8 <uart_set_baudrate>:
100024d8:	b570      	push	{r4, r5, r6, lr}
100024da:	0005      	movs	r5, r0
100024dc:	000c      	movs	r4, r1
100024de:	2006      	movs	r0, #6
100024e0:	f000 f996 	bl	10002810 <clock_get_hz>
100024e4:	00c0      	lsls	r0, r0, #3
100024e6:	0021      	movs	r1, r4
100024e8:	f001 fc80 	bl	10003dec <__wrap___aeabi_uidiv>
100024ec:	09c6      	lsrs	r6, r0, #7
100024ee:	d008      	beq.n	10002502 <uart_set_baudrate+0x2a>
100024f0:	4b0e      	ldr	r3, [pc, #56]	; (1000252c <uart_set_baudrate+0x54>)
100024f2:	429e      	cmp	r6, r3
100024f4:	d816      	bhi.n	10002524 <uart_set_baudrate+0x4c>
100024f6:	237f      	movs	r3, #127	; 0x7f
100024f8:	4018      	ands	r0, r3
100024fa:	3001      	adds	r0, #1
100024fc:	0034      	movs	r4, r6
100024fe:	0846      	lsrs	r6, r0, #1
10002500:	e000      	b.n	10002504 <uart_set_baudrate+0x2c>
10002502:	2401      	movs	r4, #1
10002504:	626c      	str	r4, [r5, #36]	; 0x24
10002506:	62ae      	str	r6, [r5, #40]	; 0x28
10002508:	2200      	movs	r2, #0
1000250a:	2100      	movs	r1, #0
1000250c:	0028      	movs	r0, r5
1000250e:	f7ff ffd1 	bl	100024b4 <uart_write_lcr_bits_masked>
10002512:	2006      	movs	r0, #6
10002514:	f000 f97c 	bl	10002810 <clock_get_hz>
10002518:	0080      	lsls	r0, r0, #2
1000251a:	01a1      	lsls	r1, r4, #6
1000251c:	1989      	adds	r1, r1, r6
1000251e:	f001 fc65 	bl	10003dec <__wrap___aeabi_uidiv>
10002522:	bd70      	pop	{r4, r5, r6, pc}
10002524:	2600      	movs	r6, #0
10002526:	4c02      	ldr	r4, [pc, #8]	; (10002530 <uart_set_baudrate+0x58>)
10002528:	e7ec      	b.n	10002504 <uart_set_baudrate+0x2c>
1000252a:	46c0      	nop			; (mov r8, r8)
1000252c:	0000fffe 	.word	0x0000fffe
10002530:	0000ffff 	.word	0x0000ffff

10002534 <uart_set_format>:
10002534:	b510      	push	{r4, lr}
10002536:	3905      	subs	r1, #5
10002538:	0149      	lsls	r1, r1, #5
1000253a:	3a01      	subs	r2, #1
1000253c:	00d2      	lsls	r2, r2, #3
1000253e:	4311      	orrs	r1, r2
10002540:	2b00      	cmp	r3, #0
10002542:	d009      	beq.n	10002558 <uart_set_format+0x24>
10002544:	2202      	movs	r2, #2
10002546:	430a      	orrs	r2, r1
10002548:	2b01      	cmp	r3, #1
1000254a:	d007      	beq.n	1000255c <uart_set_format+0x28>
1000254c:	2100      	movs	r1, #0
1000254e:	4311      	orrs	r1, r2
10002550:	226e      	movs	r2, #110	; 0x6e
10002552:	f7ff ffaf 	bl	100024b4 <uart_write_lcr_bits_masked>
10002556:	bd10      	pop	{r4, pc}
10002558:	2200      	movs	r2, #0
1000255a:	e7f4      	b.n	10002546 <uart_set_format+0x12>
1000255c:	2104      	movs	r1, #4
1000255e:	e7f6      	b.n	1000254e <uart_set_format+0x1a>

10002560 <uart_set_translate_crlf>:
10002560:	2900      	cmp	r1, #0
10002562:	d009      	beq.n	10002578 <uart_set_translate_crlf+0x18>
10002564:	220a      	movs	r2, #10
10002566:	4b06      	ldr	r3, [pc, #24]	; (10002580 <uart_set_translate_crlf+0x20>)
10002568:	469c      	mov	ip, r3
1000256a:	4460      	add	r0, ip
1000256c:	4243      	negs	r3, r0
1000256e:	4158      	adcs	r0, r3
10002570:	0040      	lsls	r0, r0, #1
10002572:	4b04      	ldr	r3, [pc, #16]	; (10002584 <uart_set_translate_crlf+0x24>)
10002574:	52c2      	strh	r2, [r0, r3]
10002576:	4770      	bx	lr
10002578:	2280      	movs	r2, #128	; 0x80
1000257a:	0052      	lsls	r2, r2, #1
1000257c:	e7f3      	b.n	10002566 <uart_set_translate_crlf+0x6>
1000257e:	46c0      	nop			; (mov r8, r8)
10002580:	bffc8000 	.word	0xbffc8000
10002584:	20001f00 	.word	0x20001f00

10002588 <uart_init>:
10002588:	b570      	push	{r4, r5, r6, lr}
1000258a:	0005      	movs	r5, r0
1000258c:	000c      	movs	r4, r1
1000258e:	2006      	movs	r0, #6
10002590:	f000 f93e 	bl	10002810 <clock_get_hz>
10002594:	1e06      	subs	r6, r0, #0
10002596:	d027      	beq.n	100025e8 <uart_init+0x60>
10002598:	4b16      	ldr	r3, [pc, #88]	; (100025f4 <uart_init+0x6c>)
1000259a:	429d      	cmp	r5, r3
1000259c:	d026      	beq.n	100025ec <uart_init+0x64>
1000259e:	2280      	movs	r2, #128	; 0x80
100025a0:	03d2      	lsls	r2, r2, #15
100025a2:	4b15      	ldr	r3, [pc, #84]	; (100025f8 <uart_init+0x70>)
100025a4:	601a      	str	r2, [r3, #0]
100025a6:	4b15      	ldr	r3, [pc, #84]	; (100025fc <uart_init+0x74>)
100025a8:	601a      	str	r2, [r3, #0]
100025aa:	4b15      	ldr	r3, [pc, #84]	; (10002600 <uart_init+0x78>)
100025ac:	689b      	ldr	r3, [r3, #8]
100025ae:	0011      	movs	r1, r2
100025b0:	4399      	bics	r1, r3
100025b2:	d1fa      	bne.n	100025aa <uart_init+0x22>
100025b4:	2100      	movs	r1, #0
100025b6:	0028      	movs	r0, r5
100025b8:	f7ff ffd2 	bl	10002560 <uart_set_translate_crlf>
100025bc:	0021      	movs	r1, r4
100025be:	0028      	movs	r0, r5
100025c0:	f7ff ff8a 	bl	100024d8 <uart_set_baudrate>
100025c4:	0006      	movs	r6, r0
100025c6:	2300      	movs	r3, #0
100025c8:	2201      	movs	r2, #1
100025ca:	2108      	movs	r1, #8
100025cc:	0028      	movs	r0, r5
100025ce:	f7ff ffb1 	bl	10002534 <uart_set_format>
100025d2:	002a      	movs	r2, r5
100025d4:	322c      	adds	r2, #44	; 0x2c
100025d6:	2380      	movs	r3, #128	; 0x80
100025d8:	019b      	lsls	r3, r3, #6
100025da:	4313      	orrs	r3, r2
100025dc:	2210      	movs	r2, #16
100025de:	601a      	str	r2, [r3, #0]
100025e0:	4b08      	ldr	r3, [pc, #32]	; (10002604 <uart_init+0x7c>)
100025e2:	632b      	str	r3, [r5, #48]	; 0x30
100025e4:	2303      	movs	r3, #3
100025e6:	64ab      	str	r3, [r5, #72]	; 0x48
100025e8:	0030      	movs	r0, r6
100025ea:	bd70      	pop	{r4, r5, r6, pc}
100025ec:	2280      	movs	r2, #128	; 0x80
100025ee:	0412      	lsls	r2, r2, #16
100025f0:	e7d7      	b.n	100025a2 <uart_init+0x1a>
100025f2:	46c0      	nop			; (mov r8, r8)
100025f4:	40038000 	.word	0x40038000
100025f8:	4000e000 	.word	0x4000e000
100025fc:	4000f000 	.word	0x4000f000
10002600:	4000c000 	.word	0x4000c000
10002604:	00000301 	.word	0x00000301

10002608 <clock_configure>:
10002608:	b5f8      	push	{r3, r4, r5, r6, r7, lr}
1000260a:	46de      	mov	lr, fp
1000260c:	4657      	mov	r7, sl
1000260e:	464e      	mov	r6, r9
10002610:	4645      	mov	r5, r8
10002612:	b5e0      	push	{r5, r6, r7, lr}
10002614:	0005      	movs	r5, r0
10002616:	000f      	movs	r7, r1
10002618:	4692      	mov	sl, r2
1000261a:	9a0a      	ldr	r2, [sp, #40]	; 0x28
1000261c:	4293      	cmp	r3, r2
1000261e:	d350      	bcc.n	100026c2 <clock_configure+0xba>
10002620:	0e1a      	lsrs	r2, r3, #24
10002622:	4691      	mov	r9, r2
10002624:	021e      	lsls	r6, r3, #8
10002626:	9a0a      	ldr	r2, [sp, #40]	; 0x28
10002628:	2300      	movs	r3, #0
1000262a:	0030      	movs	r0, r6
1000262c:	4649      	mov	r1, r9
1000262e:	f001 fc1b 	bl	10003e68 <__wrap___aeabi_uldivmod>
10002632:	4680      	mov	r8, r0
10002634:	006c      	lsls	r4, r5, #1
10002636:	1964      	adds	r4, r4, r5
10002638:	00a4      	lsls	r4, r4, #2
1000263a:	4b30      	ldr	r3, [pc, #192]	; (100026fc <clock_configure+0xf4>)
1000263c:	469c      	mov	ip, r3
1000263e:	4464      	add	r4, ip
10002640:	6863      	ldr	r3, [r4, #4]
10002642:	4283      	cmp	r3, r0
10002644:	d200      	bcs.n	10002648 <clock_configure+0x40>
10002646:	6060      	str	r0, [r4, #4]
10002648:	1f2b      	subs	r3, r5, #4
1000264a:	b2db      	uxtb	r3, r3
1000264c:	469b      	mov	fp, r3
1000264e:	2b01      	cmp	r3, #1
10002650:	d93d      	bls.n	100026ce <clock_configure+0xc6>
10002652:	23c0      	movs	r3, #192	; 0xc0
10002654:	019b      	lsls	r3, r3, #6
10002656:	4323      	orrs	r3, r4
10002658:	2280      	movs	r2, #128	; 0x80
1000265a:	0112      	lsls	r2, r2, #4
1000265c:	601a      	str	r2, [r3, #0]
1000265e:	00ab      	lsls	r3, r5, #2
10002660:	4a27      	ldr	r2, [pc, #156]	; (10002700 <clock_configure+0xf8>)
10002662:	5899      	ldr	r1, [r3, r2]
10002664:	2900      	cmp	r1, #0
10002666:	d007      	beq.n	10002678 <clock_configure+0x70>
10002668:	6950      	ldr	r0, [r2, #20]
1000266a:	f001 fbbf 	bl	10003dec <__wrap___aeabi_uidiv>
1000266e:	1c43      	adds	r3, r0, #1
10002670:	0058      	lsls	r0, r3, #1
10002672:	18c0      	adds	r0, r0, r3
10002674:	3803      	subs	r0, #3
10002676:	d2fd      	bcs.n	10002674 <clock_configure+0x6c>
10002678:	4653      	mov	r3, sl
1000267a:	015a      	lsls	r2, r3, #5
1000267c:	6823      	ldr	r3, [r4, #0]
1000267e:	405a      	eors	r2, r3
10002680:	23e0      	movs	r3, #224	; 0xe0
10002682:	401a      	ands	r2, r3
10002684:	2380      	movs	r3, #128	; 0x80
10002686:	015b      	lsls	r3, r3, #5
10002688:	4323      	orrs	r3, r4
1000268a:	601a      	str	r2, [r3, #0]
1000268c:	465a      	mov	r2, fp
1000268e:	2a01      	cmp	r2, #1
10002690:	d928      	bls.n	100026e4 <clock_configure+0xdc>
10002692:	2380      	movs	r3, #128	; 0x80
10002694:	019b      	lsls	r3, r3, #6
10002696:	4323      	orrs	r3, r4
10002698:	2280      	movs	r2, #128	; 0x80
1000269a:	0112      	lsls	r2, r2, #4
1000269c:	601a      	str	r2, [r3, #0]
1000269e:	4643      	mov	r3, r8
100026a0:	6063      	str	r3, [r4, #4]
100026a2:	4642      	mov	r2, r8
100026a4:	2300      	movs	r3, #0
100026a6:	0030      	movs	r0, r6
100026a8:	4649      	mov	r1, r9
100026aa:	f001 fbdd 	bl	10003e68 <__wrap___aeabi_uldivmod>
100026ae:	00ad      	lsls	r5, r5, #2
100026b0:	4b13      	ldr	r3, [pc, #76]	; (10002700 <clock_configure+0xf8>)
100026b2:	5158      	str	r0, [r3, r5]
100026b4:	2001      	movs	r0, #1
100026b6:	bcf0      	pop	{r4, r5, r6, r7}
100026b8:	46bb      	mov	fp, r7
100026ba:	46b2      	mov	sl, r6
100026bc:	46a9      	mov	r9, r5
100026be:	46a0      	mov	r8, r4
100026c0:	bdf8      	pop	{r3, r4, r5, r6, r7, pc}
100026c2:	4b10      	ldr	r3, [pc, #64]	; (10002704 <clock_configure+0xfc>)
100026c4:	4a10      	ldr	r2, [pc, #64]	; (10002708 <clock_configure+0x100>)
100026c6:	2133      	movs	r1, #51	; 0x33
100026c8:	4810      	ldr	r0, [pc, #64]	; (1000270c <clock_configure+0x104>)
100026ca:	f000 f9c3 	bl	10002a54 <__assert_func>
100026ce:	2f01      	cmp	r7, #1
100026d0:	d1bf      	bne.n	10002652 <clock_configure+0x4a>
100026d2:	23c0      	movs	r3, #192	; 0xc0
100026d4:	019b      	lsls	r3, r3, #6
100026d6:	4323      	orrs	r3, r4
100026d8:	2203      	movs	r2, #3
100026da:	601a      	str	r2, [r3, #0]
100026dc:	68a3      	ldr	r3, [r4, #8]
100026de:	07db      	lsls	r3, r3, #31
100026e0:	d5fc      	bpl.n	100026dc <clock_configure+0xd4>
100026e2:	e7c9      	b.n	10002678 <clock_configure+0x70>
100026e4:	6821      	ldr	r1, [r4, #0]
100026e6:	4079      	eors	r1, r7
100026e8:	2203      	movs	r2, #3
100026ea:	400a      	ands	r2, r1
100026ec:	601a      	str	r2, [r3, #0]
100026ee:	68a2      	ldr	r2, [r4, #8]
100026f0:	2301      	movs	r3, #1
100026f2:	40bb      	lsls	r3, r7
100026f4:	4213      	tst	r3, r2
100026f6:	d0fa      	beq.n	100026ee <clock_configure+0xe6>
100026f8:	e7cb      	b.n	10002692 <clock_configure+0x8a>
100026fa:	46c0      	nop			; (mov r8, r8)
100026fc:	40008000 	.word	0x40008000
10002700:	2000137c 	.word	0x2000137c
10002704:	10009a78 	.word	0x10009a78
10002708:	10009aec 	.word	0x10009aec
1000270c:	10009a8c 	.word	0x10009a8c

10002710 <clocks_init>:
10002710:	b530      	push	{r4, r5, lr}
10002712:	b083      	sub	sp, #12
10002714:	200c      	movs	r0, #12
10002716:	f000 f911 	bl	1000293c <watchdog_start_tick>
1000271a:	f7fe f917 	bl	1000094c <running_on_fpga>
1000271e:	2800      	cmp	r0, #0
10002720:	d00d      	beq.n	1000273e <clocks_init+0x2e>
10002722:	2300      	movs	r3, #0
10002724:	e004      	b.n	10002730 <clocks_init+0x20>
10002726:	0099      	lsls	r1, r3, #2
10002728:	4a2d      	ldr	r2, [pc, #180]	; (100027e0 <clocks_init+0xd0>)
1000272a:	482e      	ldr	r0, [pc, #184]	; (100027e4 <clocks_init+0xd4>)
1000272c:	5088      	str	r0, [r1, r2]
1000272e:	3301      	adds	r3, #1
10002730:	2b09      	cmp	r3, #9
10002732:	d9f8      	bls.n	10002726 <clocks_init+0x16>
10002734:	4b2a      	ldr	r3, [pc, #168]	; (100027e0 <clocks_init+0xd0>)
10002736:	4a2c      	ldr	r2, [pc, #176]	; (100027e8 <clocks_init+0xd8>)
10002738:	625a      	str	r2, [r3, #36]	; 0x24
1000273a:	b003      	add	sp, #12
1000273c:	bd30      	pop	{r4, r5, pc}
1000273e:	4b2b      	ldr	r3, [pc, #172]	; (100027ec <clocks_init+0xdc>)
10002740:	2200      	movs	r2, #0
10002742:	679a      	str	r2, [r3, #120]	; 0x78
10002744:	f000 f96c 	bl	10002a20 <xosc_init>
10002748:	4b29      	ldr	r3, [pc, #164]	; (100027f0 <clocks_init+0xe0>)
1000274a:	2201      	movs	r2, #1
1000274c:	601a      	str	r2, [r3, #0]
1000274e:	4b27      	ldr	r3, [pc, #156]	; (100027ec <clocks_init+0xdc>)
10002750:	6c5b      	ldr	r3, [r3, #68]	; 0x44
10002752:	2b01      	cmp	r3, #1
10002754:	d1fb      	bne.n	1000274e <clocks_init+0x3e>
10002756:	4b27      	ldr	r3, [pc, #156]	; (100027f4 <clocks_init+0xe4>)
10002758:	2203      	movs	r2, #3
1000275a:	601a      	str	r2, [r3, #0]
1000275c:	4b23      	ldr	r3, [pc, #140]	; (100027ec <clocks_init+0xdc>)
1000275e:	6b9b      	ldr	r3, [r3, #56]	; 0x38
10002760:	2b01      	cmp	r3, #1
10002762:	d1fb      	bne.n	1000275c <clocks_init+0x4c>
10002764:	3301      	adds	r3, #1
10002766:	9300      	str	r3, [sp, #0]
10002768:	3304      	adds	r3, #4
1000276a:	4a23      	ldr	r2, [pc, #140]	; (100027f8 <clocks_init+0xe8>)
1000276c:	2101      	movs	r1, #1
1000276e:	4823      	ldr	r0, [pc, #140]	; (100027fc <clocks_init+0xec>)
10002770:	f000 f854 	bl	1000281c <pll_init>
10002774:	2305      	movs	r3, #5
10002776:	9300      	str	r3, [sp, #0]
10002778:	4a21      	ldr	r2, [pc, #132]	; (10002800 <clocks_init+0xf0>)
1000277a:	2101      	movs	r1, #1
1000277c:	4821      	ldr	r0, [pc, #132]	; (10002804 <clocks_init+0xf4>)
1000277e:	f000 f84d 	bl	1000281c <pll_init>
10002782:	4b21      	ldr	r3, [pc, #132]	; (10002808 <clocks_init+0xf8>)
10002784:	9300      	str	r3, [sp, #0]
10002786:	2200      	movs	r2, #0
10002788:	2102      	movs	r1, #2
1000278a:	2004      	movs	r0, #4
1000278c:	f7ff ff3c 	bl	10002608 <clock_configure>
10002790:	4d1e      	ldr	r5, [pc, #120]	; (1000280c <clocks_init+0xfc>)
10002792:	9500      	str	r5, [sp, #0]
10002794:	002b      	movs	r3, r5
10002796:	2200      	movs	r2, #0
10002798:	2101      	movs	r1, #1
1000279a:	2005      	movs	r0, #5
1000279c:	f7ff ff34 	bl	10002608 <clock_configure>
100027a0:	4c10      	ldr	r4, [pc, #64]	; (100027e4 <clocks_init+0xd4>)
100027a2:	9400      	str	r4, [sp, #0]
100027a4:	0023      	movs	r3, r4
100027a6:	2200      	movs	r2, #0
100027a8:	2100      	movs	r1, #0
100027aa:	2007      	movs	r0, #7
100027ac:	f7ff ff2c 	bl	10002608 <clock_configure>
100027b0:	9400      	str	r4, [sp, #0]
100027b2:	0023      	movs	r3, r4
100027b4:	2200      	movs	r2, #0
100027b6:	2100      	movs	r1, #0
100027b8:	2008      	movs	r0, #8
100027ba:	f7ff ff25 	bl	10002608 <clock_configure>
100027be:	4b0a      	ldr	r3, [pc, #40]	; (100027e8 <clocks_init+0xd8>)
100027c0:	9300      	str	r3, [sp, #0]
100027c2:	0023      	movs	r3, r4
100027c4:	2200      	movs	r2, #0
100027c6:	2100      	movs	r1, #0
100027c8:	2009      	movs	r0, #9
100027ca:	f7ff ff1d 	bl	10002608 <clock_configure>
100027ce:	9500      	str	r5, [sp, #0]
100027d0:	002b      	movs	r3, r5
100027d2:	2200      	movs	r2, #0
100027d4:	2100      	movs	r1, #0
100027d6:	2006      	movs	r0, #6
100027d8:	f7ff ff16 	bl	10002608 <clock_configure>
100027dc:	e7ad      	b.n	1000273a <clocks_init+0x2a>
100027de:	46c0      	nop			; (mov r8, r8)
100027e0:	2000137c 	.word	0x2000137c
100027e4:	02dc6c00 	.word	0x02dc6c00
100027e8:	0000b71b 	.word	0x0000b71b
100027ec:	40008000 	.word	0x40008000
100027f0:	4000b03c 	.word	0x4000b03c
100027f4:	4000b030 	.word	0x4000b030
100027f8:	59682f00 	.word	0x59682f00
100027fc:	40028000 	.word	0x40028000
10002800:	47868c00 	.word	0x47868c00
10002804:	4002c000 	.word	0x4002c000
10002808:	00b71b00 	.word	0x00b71b00
1000280c:	07735940 	.word	0x07735940

10002810 <clock_get_hz>:
10002810:	0080      	lsls	r0, r0, #2
10002812:	4b01      	ldr	r3, [pc, #4]	; (10002818 <clock_get_hz+0x8>)
10002814:	58c0      	ldr	r0, [r0, r3]
10002816:	4770      	bx	lr
10002818:	2000137c 	.word	0x2000137c

1000281c <pll_init>:
1000281c:	b5f0      	push	{r4, r5, r6, r7, lr}
1000281e:	46c6      	mov	lr, r8
10002820:	b500      	push	{lr}
10002822:	0004      	movs	r4, r0
10002824:	000e      	movs	r6, r1
10002826:	0017      	movs	r7, r2
10002828:	001d      	movs	r5, r3
1000282a:	4837      	ldr	r0, [pc, #220]	; (10002908 <pll_init+0xec>)
1000282c:	f001 fade 	bl	10003dec <__wrap___aeabi_uidiv>
10002830:	4680      	mov	r8, r0
10002832:	4b36      	ldr	r3, [pc, #216]	; (1000290c <pll_init+0xf0>)
10002834:	18fa      	adds	r2, r7, r3
10002836:	4b36      	ldr	r3, [pc, #216]	; (10002910 <pll_init+0xf4>)
10002838:	429a      	cmp	r2, r3
1000283a:	d839      	bhi.n	100028b0 <pll_init+0x94>
1000283c:	0001      	movs	r1, r0
1000283e:	0038      	movs	r0, r7
10002840:	f001 fad4 	bl	10003dec <__wrap___aeabi_uidiv>
10002844:	0002      	movs	r2, r0
10002846:	3a10      	subs	r2, #16
10002848:	2398      	movs	r3, #152	; 0x98
1000284a:	005b      	lsls	r3, r3, #1
1000284c:	429a      	cmp	r2, r3
1000284e:	d835      	bhi.n	100028bc <pll_init+0xa0>
10002850:	1e6b      	subs	r3, r5, #1
10002852:	2b06      	cmp	r3, #6
10002854:	d838      	bhi.n	100028c8 <pll_init+0xac>
10002856:	9b06      	ldr	r3, [sp, #24]
10002858:	3b01      	subs	r3, #1
1000285a:	2b06      	cmp	r3, #6
1000285c:	d834      	bhi.n	100028c8 <pll_init+0xac>
1000285e:	093f      	lsrs	r7, r7, #4
10002860:	4547      	cmp	r7, r8
10002862:	d337      	bcc.n	100028d4 <pll_init+0xb8>
10002864:	042d      	lsls	r5, r5, #16
10002866:	9b06      	ldr	r3, [sp, #24]
10002868:	031a      	lsls	r2, r3, #12
1000286a:	4315      	orrs	r5, r2
1000286c:	6823      	ldr	r3, [r4, #0]
1000286e:	2b00      	cmp	r3, #0
10002870:	db36      	blt.n	100028e0 <pll_init+0xc4>
10002872:	4b28      	ldr	r3, [pc, #160]	; (10002914 <pll_init+0xf8>)
10002874:	429c      	cmp	r4, r3
10002876:	d044      	beq.n	10002902 <pll_init+0xe6>
10002878:	2280      	movs	r2, #128	; 0x80
1000287a:	0152      	lsls	r2, r2, #5
1000287c:	4b26      	ldr	r3, [pc, #152]	; (10002918 <pll_init+0xfc>)
1000287e:	601a      	str	r2, [r3, #0]
10002880:	4b26      	ldr	r3, [pc, #152]	; (1000291c <pll_init+0x100>)
10002882:	601a      	str	r2, [r3, #0]
10002884:	4b26      	ldr	r3, [pc, #152]	; (10002920 <pll_init+0x104>)
10002886:	689b      	ldr	r3, [r3, #8]
10002888:	0011      	movs	r1, r2
1000288a:	4399      	bics	r1, r3
1000288c:	d1fa      	bne.n	10002884 <pll_init+0x68>
1000288e:	6026      	str	r6, [r4, #0]
10002890:	60a0      	str	r0, [r4, #8]
10002892:	1d23      	adds	r3, r4, #4
10002894:	22c0      	movs	r2, #192	; 0xc0
10002896:	0192      	lsls	r2, r2, #6
10002898:	431a      	orrs	r2, r3
1000289a:	2321      	movs	r3, #33	; 0x21
1000289c:	6013      	str	r3, [r2, #0]
1000289e:	6823      	ldr	r3, [r4, #0]
100028a0:	2b00      	cmp	r3, #0
100028a2:	dafc      	bge.n	1000289e <pll_init+0x82>
100028a4:	60e5      	str	r5, [r4, #12]
100028a6:	2308      	movs	r3, #8
100028a8:	6013      	str	r3, [r2, #0]
100028aa:	bc80      	pop	{r7}
100028ac:	46b8      	mov	r8, r7
100028ae:	bdf0      	pop	{r4, r5, r6, r7, pc}
100028b0:	4b1c      	ldr	r3, [pc, #112]	; (10002924 <pll_init+0x108>)
100028b2:	4a1d      	ldr	r2, [pc, #116]	; (10002928 <pll_init+0x10c>)
100028b4:	2111      	movs	r1, #17
100028b6:	481d      	ldr	r0, [pc, #116]	; (1000292c <pll_init+0x110>)
100028b8:	f000 f8cc 	bl	10002a54 <__assert_func>
100028bc:	4b1c      	ldr	r3, [pc, #112]	; (10002930 <pll_init+0x114>)
100028be:	4a1a      	ldr	r2, [pc, #104]	; (10002928 <pll_init+0x10c>)
100028c0:	2119      	movs	r1, #25
100028c2:	481a      	ldr	r0, [pc, #104]	; (1000292c <pll_init+0x110>)
100028c4:	f000 f8c6 	bl	10002a54 <__assert_func>
100028c8:	4b1a      	ldr	r3, [pc, #104]	; (10002934 <pll_init+0x118>)
100028ca:	4a17      	ldr	r2, [pc, #92]	; (10002928 <pll_init+0x10c>)
100028cc:	211c      	movs	r1, #28
100028ce:	4817      	ldr	r0, [pc, #92]	; (1000292c <pll_init+0x110>)
100028d0:	f000 f8c0 	bl	10002a54 <__assert_func>
100028d4:	4b18      	ldr	r3, [pc, #96]	; (10002938 <pll_init+0x11c>)
100028d6:	4a14      	ldr	r2, [pc, #80]	; (10002928 <pll_init+0x10c>)
100028d8:	2123      	movs	r1, #35	; 0x23
100028da:	4814      	ldr	r0, [pc, #80]	; (1000292c <pll_init+0x110>)
100028dc:	f000 f8ba 	bl	10002a54 <__assert_func>
100028e0:	6822      	ldr	r2, [r4, #0]
100028e2:	233f      	movs	r3, #63	; 0x3f
100028e4:	4013      	ands	r3, r2
100028e6:	42b3      	cmp	r3, r6
100028e8:	d1c3      	bne.n	10002872 <pll_init+0x56>
100028ea:	68a3      	ldr	r3, [r4, #8]
100028ec:	051b      	lsls	r3, r3, #20
100028ee:	0d1b      	lsrs	r3, r3, #20
100028f0:	4283      	cmp	r3, r0
100028f2:	d1be      	bne.n	10002872 <pll_init+0x56>
100028f4:	68e3      	ldr	r3, [r4, #12]
100028f6:	22ee      	movs	r2, #238	; 0xee
100028f8:	02d2      	lsls	r2, r2, #11
100028fa:	4013      	ands	r3, r2
100028fc:	42ab      	cmp	r3, r5
100028fe:	d1b8      	bne.n	10002872 <pll_init+0x56>
10002900:	e7d3      	b.n	100028aa <pll_init+0x8e>
10002902:	2280      	movs	r2, #128	; 0x80
10002904:	0192      	lsls	r2, r2, #6
10002906:	e7b9      	b.n	1000287c <pll_init+0x60>
10002908:	00b71b00 	.word	0x00b71b00
1000290c:	d34be880 	.word	0xd34be880
10002910:	32a9f880 	.word	0x32a9f880
10002914:	4002c000 	.word	0x4002c000
10002918:	4000e000 	.word	0x4000e000
1000291c:	4000f000 	.word	0x4000f000
10002920:	4000c000 	.word	0x4000c000
10002924:	10009afc 	.word	0x10009afc
10002928:	10009c3c 	.word	0x10009c3c
1000292c:	10009b5c 	.word	0x10009b5c
10002930:	10009bb8 	.word	0x10009bb8
10002934:	10009bd4 	.word	0x10009bd4
10002938:	10009c20 	.word	0x10009c20

1000293c <watchdog_start_tick>:
1000293c:	2380      	movs	r3, #128	; 0x80
1000293e:	009b      	lsls	r3, r3, #2
10002940:	4303      	orrs	r3, r0
10002942:	4a01      	ldr	r2, [pc, #4]	; (10002948 <watchdog_start_tick+0xc>)
10002944:	62d3      	str	r3, [r2, #44]	; 0x2c
10002946:	4770      	bx	lr
10002948:	40058000 	.word	0x40058000

1000294c <watchdog_update>:
1000294c:	4b02      	ldr	r3, [pc, #8]	; (10002958 <watchdog_update+0xc>)
1000294e:	681a      	ldr	r2, [r3, #0]
10002950:	4b02      	ldr	r3, [pc, #8]	; (1000295c <watchdog_update+0x10>)
10002952:	605a      	str	r2, [r3, #4]
10002954:	4770      	bx	lr
10002956:	46c0      	nop			; (mov r8, r8)
10002958:	20001c34 	.word	0x20001c34
1000295c:	40058000 	.word	0x40058000

10002960 <_watchdog_enable>:
10002960:	b510      	push	{r4, lr}
10002962:	0002      	movs	r2, r0
10002964:	4b16      	ldr	r3, [pc, #88]	; (100029c0 <_watchdog_enable+0x60>)
10002966:	2080      	movs	r0, #128	; 0x80
10002968:	05c0      	lsls	r0, r0, #23
1000296a:	6018      	str	r0, [r3, #0]
1000296c:	4b15      	ldr	r3, [pc, #84]	; (100029c4 <_watchdog_enable+0x64>)
1000296e:	4816      	ldr	r0, [pc, #88]	; (100029c8 <_watchdog_enable+0x68>)
10002970:	6018      	str	r0, [r3, #0]
10002972:	2900      	cmp	r1, #0
10002974:	d00a      	beq.n	1000298c <_watchdog_enable+0x2c>
10002976:	4b15      	ldr	r3, [pc, #84]	; (100029cc <_watchdog_enable+0x6c>)
10002978:	21e0      	movs	r1, #224	; 0xe0
1000297a:	04c9      	lsls	r1, r1, #19
1000297c:	6019      	str	r1, [r3, #0]
1000297e:	2a00      	cmp	r2, #0
10002980:	d109      	bne.n	10002996 <_watchdog_enable+0x36>
10002982:	4b12      	ldr	r3, [pc, #72]	; (100029cc <_watchdog_enable+0x6c>)
10002984:	2280      	movs	r2, #128	; 0x80
10002986:	0612      	lsls	r2, r2, #24
10002988:	601a      	str	r2, [r3, #0]
1000298a:	bd10      	pop	{r4, pc}
1000298c:	4b0c      	ldr	r3, [pc, #48]	; (100029c0 <_watchdog_enable+0x60>)
1000298e:	21e0      	movs	r1, #224	; 0xe0
10002990:	04c9      	lsls	r1, r1, #19
10002992:	6019      	str	r1, [r3, #0]
10002994:	e7f3      	b.n	1000297e <_watchdog_enable+0x1e>
10002996:	0153      	lsls	r3, r2, #5
10002998:	1a9b      	subs	r3, r3, r2
1000299a:	0098      	lsls	r0, r3, #2
1000299c:	1880      	adds	r0, r0, r2
1000299e:	0100      	lsls	r0, r0, #4
100029a0:	4b0b      	ldr	r3, [pc, #44]	; (100029d0 <_watchdog_enable+0x70>)
100029a2:	6018      	str	r0, [r3, #0]
100029a4:	2380      	movs	r3, #128	; 0x80
100029a6:	045b      	lsls	r3, r3, #17
100029a8:	4298      	cmp	r0, r3
100029aa:	d302      	bcc.n	100029b2 <_watchdog_enable+0x52>
100029ac:	4b08      	ldr	r3, [pc, #32]	; (100029d0 <_watchdog_enable+0x70>)
100029ae:	4a09      	ldr	r2, [pc, #36]	; (100029d4 <_watchdog_enable+0x74>)
100029b0:	601a      	str	r2, [r3, #0]
100029b2:	f7ff ffcb 	bl	1000294c <watchdog_update>
100029b6:	4b05      	ldr	r3, [pc, #20]	; (100029cc <_watchdog_enable+0x6c>)
100029b8:	2280      	movs	r2, #128	; 0x80
100029ba:	05d2      	lsls	r2, r2, #23
100029bc:	601a      	str	r2, [r3, #0]
100029be:	e7e4      	b.n	1000298a <_watchdog_enable+0x2a>
100029c0:	4005b000 	.word	0x4005b000
100029c4:	40012008 	.word	0x40012008
100029c8:	0001fffc 	.word	0x0001fffc
100029cc:	4005a000 	.word	0x4005a000
100029d0:	20001c34 	.word	0x20001c34
100029d4:	00ffffff 	.word	0x00ffffff

100029d8 <watchdog_reboot>:
100029d8:	b510      	push	{r4, lr}
100029da:	0003      	movs	r3, r0
100029dc:	0010      	movs	r0, r2
100029de:	4a0c      	ldr	r2, [pc, #48]	; (10002a10 <watchdog_reboot+0x38>)
100029e0:	2480      	movs	r4, #128	; 0x80
100029e2:	05e4      	lsls	r4, r4, #23
100029e4:	6014      	str	r4, [r2, #0]
100029e6:	2b00      	cmp	r3, #0
100029e8:	d00d      	beq.n	10002a06 <watchdog_reboot+0x2e>
100029ea:	2201      	movs	r2, #1
100029ec:	4313      	orrs	r3, r2
100029ee:	4a09      	ldr	r2, [pc, #36]	; (10002a14 <watchdog_reboot+0x3c>)
100029f0:	4c09      	ldr	r4, [pc, #36]	; (10002a18 <watchdog_reboot+0x40>)
100029f2:	61d4      	str	r4, [r2, #28]
100029f4:	4c09      	ldr	r4, [pc, #36]	; (10002a1c <watchdog_reboot+0x44>)
100029f6:	405c      	eors	r4, r3
100029f8:	6214      	str	r4, [r2, #32]
100029fa:	6251      	str	r1, [r2, #36]	; 0x24
100029fc:	6293      	str	r3, [r2, #40]	; 0x28
100029fe:	2100      	movs	r1, #0
10002a00:	f7ff ffae 	bl	10002960 <_watchdog_enable>
10002a04:	bd10      	pop	{r4, pc}
10002a06:	4b03      	ldr	r3, [pc, #12]	; (10002a14 <watchdog_reboot+0x3c>)
10002a08:	2200      	movs	r2, #0
10002a0a:	61da      	str	r2, [r3, #28]
10002a0c:	e7f7      	b.n	100029fe <watchdog_reboot+0x26>
10002a0e:	46c0      	nop			; (mov r8, r8)
10002a10:	4005b000 	.word	0x4005b000
10002a14:	40058000 	.word	0x40058000
10002a18:	b007c0d3 	.word	0xb007c0d3
10002a1c:	4ff83f2d 	.word	0x4ff83f2d

10002a20 <xosc_init>:
10002a20:	4b06      	ldr	r3, [pc, #24]	; (10002a3c <xosc_init+0x1c>)
10002a22:	22aa      	movs	r2, #170	; 0xaa
10002a24:	0112      	lsls	r2, r2, #4
10002a26:	601a      	str	r2, [r3, #0]
10002a28:	222f      	movs	r2, #47	; 0x2f
10002a2a:	60da      	str	r2, [r3, #12]
10002a2c:	4b04      	ldr	r3, [pc, #16]	; (10002a40 <xosc_init+0x20>)
10002a2e:	4a05      	ldr	r2, [pc, #20]	; (10002a44 <xosc_init+0x24>)
10002a30:	601a      	str	r2, [r3, #0]
10002a32:	4b02      	ldr	r3, [pc, #8]	; (10002a3c <xosc_init+0x1c>)
10002a34:	685b      	ldr	r3, [r3, #4]
10002a36:	2b00      	cmp	r3, #0
10002a38:	dafb      	bge.n	10002a32 <xosc_init+0x12>
10002a3a:	4770      	bx	lr
10002a3c:	40024000 	.word	0x40024000
10002a40:	40026000 	.word	0x40026000
10002a44:	00fab000 	.word	0x00fab000

10002a48 <_exit>:
10002a48:	be00      	bkpt	0x0000
10002a4a:	e7fd      	b.n	10002a48 <_exit>

10002a4c <exit>:
10002a4c:	b510      	push	{r4, lr}
10002a4e:	f7ff fffb 	bl	10002a48 <_exit>
	...

10002a54 <__assert_func>:
10002a54:	b510      	push	{r4, lr}
10002a56:	b082      	sub	sp, #8
10002a58:	000c      	movs	r4, r1
10002a5a:	0019      	movs	r1, r3
10002a5c:	2a00      	cmp	r2, #0
10002a5e:	d00c      	beq.n	10002a7a <__assert_func+0x26>
10002a60:	4b08      	ldr	r3, [pc, #32]	; (10002a84 <__assert_func+0x30>)
10002a62:	2a00      	cmp	r2, #0
10002a64:	d00b      	beq.n	10002a7e <__assert_func+0x2a>
10002a66:	9201      	str	r2, [sp, #4]
10002a68:	9300      	str	r3, [sp, #0]
10002a6a:	0023      	movs	r3, r4
10002a6c:	0002      	movs	r2, r0
10002a6e:	4806      	ldr	r0, [pc, #24]	; (10002a88 <__assert_func+0x34>)
10002a70:	f001 ff6e 	bl	10004950 <__wrap_printf>
10002a74:	2001      	movs	r0, #1
10002a76:	f7ff ffe7 	bl	10002a48 <_exit>
10002a7a:	4b04      	ldr	r3, [pc, #16]	; (10002a8c <__assert_func+0x38>)
10002a7c:	e7f1      	b.n	10002a62 <__assert_func+0xe>
10002a7e:	4a03      	ldr	r2, [pc, #12]	; (10002a8c <__assert_func+0x38>)
10002a80:	e7f1      	b.n	10002a66 <__assert_func+0x12>
10002a82:	46c0      	nop			; (mov r8, r8)
10002a84:	10009c48 	.word	0x10009c48
10002a88:	10009c58 	.word	0x10009c58
10002a8c:	10008f68 	.word	0x10008f68

10002a90 <runtime_init>:
10002a90:	b570      	push	{r4, r5, r6, lr}
10002a92:	4b2b      	ldr	r3, [pc, #172]	; (10002b40 <runtime_init+0xb0>)
10002a94:	4a2b      	ldr	r2, [pc, #172]	; (10002b44 <runtime_init+0xb4>)
10002a96:	601a      	str	r2, [r3, #0]
10002a98:	4b2b      	ldr	r3, [pc, #172]	; (10002b48 <runtime_init+0xb8>)
10002a9a:	4a2c      	ldr	r2, [pc, #176]	; (10002b4c <runtime_init+0xbc>)
10002a9c:	601a      	str	r2, [r3, #0]
10002a9e:	4b2c      	ldr	r3, [pc, #176]	; (10002b50 <runtime_init+0xc0>)
10002aa0:	689a      	ldr	r2, [r3, #8]
10002aa2:	4b2a      	ldr	r3, [pc, #168]	; (10002b4c <runtime_init+0xbc>)
10002aa4:	4393      	bics	r3, r2
10002aa6:	d1fa      	bne.n	10002a9e <runtime_init+0xe>
10002aa8:	4c2a      	ldr	r4, [pc, #168]	; (10002b54 <runtime_init+0xc4>)
10002aaa:	e001      	b.n	10002ab0 <runtime_init+0x20>
10002aac:	cc08      	ldmia	r4!, {r3}
10002aae:	4798      	blx	r3
10002ab0:	4b29      	ldr	r3, [pc, #164]	; (10002b58 <runtime_init+0xc8>)
10002ab2:	429c      	cmp	r4, r3
10002ab4:	d3fa      	bcc.n	10002aac <runtime_init+0x1c>
10002ab6:	f7ff fe2b 	bl	10002710 <clocks_init>
10002aba:	4b23      	ldr	r3, [pc, #140]	; (10002b48 <runtime_init+0xb8>)
10002abc:	4a27      	ldr	r2, [pc, #156]	; (10002b5c <runtime_init+0xcc>)
10002abe:	601a      	str	r2, [r3, #0]
10002ac0:	4b23      	ldr	r3, [pc, #140]	; (10002b50 <runtime_init+0xc0>)
10002ac2:	689b      	ldr	r3, [r3, #8]
10002ac4:	43db      	mvns	r3, r3
10002ac6:	01db      	lsls	r3, r3, #7
10002ac8:	d1fa      	bne.n	10002ac0 <runtime_init+0x30>
10002aca:	4b25      	ldr	r3, [pc, #148]	; (10002b60 <runtime_init+0xd0>)
10002acc:	2240      	movs	r2, #64	; 0x40
10002ace:	679a      	str	r2, [r3, #120]	; 0x78
10002ad0:	675a      	str	r2, [r3, #116]	; 0x74
10002ad2:	671a      	str	r2, [r3, #112]	; 0x70
10002ad4:	66da      	str	r2, [r3, #108]	; 0x6c
10002ad6:	4c23      	ldr	r4, [pc, #140]	; (10002b64 <runtime_init+0xd4>)
10002ad8:	e009      	b.n	10002aee <runtime_init+0x5e>
10002ada:	4b23      	ldr	r3, [pc, #140]	; (10002b68 <runtime_init+0xd8>)
10002adc:	4a23      	ldr	r2, [pc, #140]	; (10002b6c <runtime_init+0xdc>)
10002ade:	2187      	movs	r1, #135	; 0x87
10002ae0:	4823      	ldr	r0, [pc, #140]	; (10002b70 <runtime_init+0xe0>)
10002ae2:	f7ff ffb7 	bl	10002a54 <__assert_func>
10002ae6:	0020      	movs	r0, r4
10002ae8:	f7fe fb2e 	bl	10001148 <mutex_init>
10002aec:	3408      	adds	r4, #8
10002aee:	4b21      	ldr	r3, [pc, #132]	; (10002b74 <runtime_init+0xe4>)
10002af0:	429c      	cmp	r4, r3
10002af2:	d209      	bcs.n	10002b08 <runtime_init+0x78>
10002af4:	6823      	ldr	r3, [r4, #0]
10002af6:	2b00      	cmp	r3, #0
10002af8:	d0f5      	beq.n	10002ae6 <runtime_init+0x56>
10002afa:	2b01      	cmp	r3, #1
10002afc:	d1ed      	bne.n	10002ada <runtime_init+0x4a>
10002afe:	0020      	movs	r0, r4
10002b00:	f7fe fb2f 	bl	10001162 <recursive_mutex_init>
10002b04:	3408      	adds	r4, #8
10002b06:	e7f2      	b.n	10002aee <runtime_init+0x5e>
10002b08:	4c1b      	ldr	r4, [pc, #108]	; (10002b78 <runtime_init+0xe8>)
10002b0a:	68a1      	ldr	r1, [r4, #8]
10002b0c:	4d1b      	ldr	r5, [pc, #108]	; (10002b7c <runtime_init+0xec>)
10002b0e:	22c0      	movs	r2, #192	; 0xc0
10002b10:	0028      	movs	r0, r5
10002b12:	f001 fdc5 	bl	100046a0 <__wrap___aeabi_memcpy>
10002b16:	60a5      	str	r5, [r4, #8]
10002b18:	f3ef 8305 	mrs	r3, IPSR
10002b1c:	2b00      	cmp	r3, #0
10002b1e:	d000      	beq.n	10002b22 <runtime_init+0x92>
10002b20:	be00      	bkpt	0x0000
10002b22:	f7fd ff75 	bl	10000a10 <spin_locks_reset>
10002b26:	f7fe fae5 	bl	100010f4 <irq_init_priorities>
10002b2a:	f7fe fe7d 	bl	10001828 <alarm_pool_init_default>
10002b2e:	4c14      	ldr	r4, [pc, #80]	; (10002b80 <runtime_init+0xf0>)
10002b30:	e001      	b.n	10002b36 <runtime_init+0xa6>
10002b32:	cc08      	ldmia	r4!, {r3}
10002b34:	4798      	blx	r3
10002b36:	4b13      	ldr	r3, [pc, #76]	; (10002b84 <runtime_init+0xf4>)
10002b38:	429c      	cmp	r4, r3
10002b3a:	d3fa      	bcc.n	10002b32 <runtime_init+0xa2>
10002b3c:	bd70      	pop	{r4, r5, r6, pc}
10002b3e:	46c0      	nop			; (mov r8, r8)
10002b40:	4000e000 	.word	0x4000e000
10002b44:	fefbcdbf 	.word	0xfefbcdbf
10002b48:	4000f000 	.word	0x4000f000
10002b4c:	003c7ffe 	.word	0x003c7ffe
10002b50:	4000c000 	.word	0x4000c000
10002b54:	20000cd0 	.word	0x20000cd0
10002b58:	20000ce0 	.word	0x20000ce0
10002b5c:	01ffffff 	.word	0x01ffffff
10002b60:	4001f000 	.word	0x4001f000
10002b64:	20000cc0 	.word	0x20000cc0
10002b68:	10009c88 	.word	0x10009c88
10002b6c:	10009d28 	.word	0x10009d28
10002b70:	10009ca8 	.word	0x10009ca8
10002b74:	20000cd0 	.word	0x20000cd0
10002b78:	e000ed00 	.word	0xe000ed00
10002b7c:	20000000 	.word	0x20000000
10002b80:	20000ce0 	.word	0x20000ce0
10002b84:	20000cec 	.word	0x20000cec

10002b88 <panic>:
10002b88:	b40f      	push	{r0, r1, r2, r3}
10002b8a:	b500      	push	{lr}
10002b8c:	b083      	sub	sp, #12
10002b8e:	4808      	ldr	r0, [pc, #32]	; (10002bb0 <panic+0x28>)
10002b90:	f001 feae 	bl	100048f0 <__wrap_puts>
10002b94:	9b04      	ldr	r3, [sp, #16]
10002b96:	2b00      	cmp	r3, #0
10002b98:	d007      	beq.n	10002baa <panic+0x22>
10002b9a:	a905      	add	r1, sp, #20
10002b9c:	9101      	str	r1, [sp, #4]
10002b9e:	0018      	movs	r0, r3
10002ba0:	f001 feb6 	bl	10004910 <__wrap_vprintf>
10002ba4:	4803      	ldr	r0, [pc, #12]	; (10002bb4 <panic+0x2c>)
10002ba6:	f001 fea3 	bl	100048f0 <__wrap_puts>
10002baa:	2001      	movs	r0, #1
10002bac:	f7ff ff4c 	bl	10002a48 <_exit>
10002bb0:	10009d08 	.word	0x10009d08
10002bb4:	10008f50 	.word	0x10008f50

10002bb8 <panic_unsupported>:
10002bb8:	b510      	push	{r4, lr}
10002bba:	4801      	ldr	r0, [pc, #4]	; (10002bc0 <panic_unsupported+0x8>)
10002bbc:	f7ff ffe4 	bl	10002b88 <panic>
10002bc0:	10009d18 	.word	0x10009d18

10002bc4 <_out_buffer>:
10002bc4:	429a      	cmp	r2, r3
10002bc6:	d200      	bcs.n	10002bca <_out_buffer+0x6>
10002bc8:	5488      	strb	r0, [r1, r2]
10002bca:	4770      	bx	lr

10002bcc <_out_null>:
10002bcc:	4770      	bx	lr

10002bce <_out_fct>:
10002bce:	b510      	push	{r4, lr}
10002bd0:	2800      	cmp	r0, #0
10002bd2:	d002      	beq.n	10002bda <_out_fct+0xc>
10002bd4:	680b      	ldr	r3, [r1, #0]
10002bd6:	6849      	ldr	r1, [r1, #4]
10002bd8:	4798      	blx	r3
10002bda:	bd10      	pop	{r4, pc}

10002bdc <_atoi>:
10002bdc:	0001      	movs	r1, r0
10002bde:	2000      	movs	r0, #0
10002be0:	e007      	b.n	10002bf2 <_atoi+0x16>
10002be2:	0083      	lsls	r3, r0, #2
10002be4:	181b      	adds	r3, r3, r0
10002be6:	005b      	lsls	r3, r3, #1
10002be8:	1c50      	adds	r0, r2, #1
10002bea:	6008      	str	r0, [r1, #0]
10002bec:	7810      	ldrb	r0, [r2, #0]
10002bee:	18c0      	adds	r0, r0, r3
10002bf0:	3830      	subs	r0, #48	; 0x30
10002bf2:	680a      	ldr	r2, [r1, #0]
10002bf4:	7813      	ldrb	r3, [r2, #0]
10002bf6:	3b30      	subs	r3, #48	; 0x30
10002bf8:	b2db      	uxtb	r3, r3
10002bfa:	2b09      	cmp	r3, #9
10002bfc:	d9f1      	bls.n	10002be2 <_atoi+0x6>
10002bfe:	4770      	bx	lr

10002c00 <_out_rev>:
10002c00:	b5f0      	push	{r4, r5, r6, r7, lr}
10002c02:	46de      	mov	lr, fp
10002c04:	4657      	mov	r7, sl
10002c06:	464e      	mov	r6, r9
10002c08:	4645      	mov	r5, r8
10002c0a:	b5e0      	push	{r5, r6, r7, lr}
10002c0c:	b083      	sub	sp, #12
10002c0e:	4693      	mov	fp, r2
10002c10:	001f      	movs	r7, r3
10002c12:	9b0c      	ldr	r3, [sp, #48]	; 0x30
10002c14:	469a      	mov	sl, r3
10002c16:	9c0d      	ldr	r4, [sp, #52]	; 0x34
10002c18:	9b0e      	ldr	r3, [sp, #56]	; 0x38
10002c1a:	4699      	mov	r9, r3
10002c1c:	9b0f      	ldr	r3, [sp, #60]	; 0x3c
10002c1e:	079b      	lsls	r3, r3, #30
10002c20:	d003      	beq.n	10002c2a <_out_rev+0x2a>
10002c22:	46b8      	mov	r8, r7
10002c24:	000f      	movs	r7, r1
10002c26:	0006      	movs	r6, r0
10002c28:	e022      	b.n	10002c70 <_out_rev+0x70>
10002c2a:	9201      	str	r2, [sp, #4]
10002c2c:	46a3      	mov	fp, r4
10002c2e:	4688      	mov	r8, r1
10002c30:	464e      	mov	r6, r9
10002c32:	46b9      	mov	r9, r7
10002c34:	0007      	movs	r7, r0
10002c36:	42b4      	cmp	r4, r6
10002c38:	d207      	bcs.n	10002c4a <_out_rev+0x4a>
10002c3a:	1c55      	adds	r5, r2, #1
10002c3c:	464b      	mov	r3, r9
10002c3e:	4641      	mov	r1, r8
10002c40:	2020      	movs	r0, #32
10002c42:	47b8      	blx	r7
10002c44:	3401      	adds	r4, #1
10002c46:	002a      	movs	r2, r5
10002c48:	e7f5      	b.n	10002c36 <_out_rev+0x36>
10002c4a:	003d      	movs	r5, r7
10002c4c:	464f      	mov	r7, r9
10002c4e:	465c      	mov	r4, fp
10002c50:	9b01      	ldr	r3, [sp, #4]
10002c52:	469b      	mov	fp, r3
10002c54:	46b1      	mov	r9, r6
10002c56:	4646      	mov	r6, r8
10002c58:	46b8      	mov	r8, r7
10002c5a:	0037      	movs	r7, r6
10002c5c:	002e      	movs	r6, r5
10002c5e:	e007      	b.n	10002c70 <_out_rev+0x70>
10002c60:	3c01      	subs	r4, #1
10002c62:	1c55      	adds	r5, r2, #1
10002c64:	4653      	mov	r3, sl
10002c66:	5d18      	ldrb	r0, [r3, r4]
10002c68:	4643      	mov	r3, r8
10002c6a:	0039      	movs	r1, r7
10002c6c:	47b0      	blx	r6
10002c6e:	002a      	movs	r2, r5
10002c70:	2c00      	cmp	r4, #0
10002c72:	d1f5      	bne.n	10002c60 <_out_rev+0x60>
10002c74:	0035      	movs	r5, r6
10002c76:	003e      	movs	r6, r7
10002c78:	4647      	mov	r7, r8
10002c7a:	9b0f      	ldr	r3, [sp, #60]	; 0x3c
10002c7c:	079b      	lsls	r3, r3, #30
10002c7e:	d407      	bmi.n	10002c90 <_out_rev+0x90>
10002c80:	0010      	movs	r0, r2
10002c82:	b003      	add	sp, #12
10002c84:	bcf0      	pop	{r4, r5, r6, r7}
10002c86:	46bb      	mov	fp, r7
10002c88:	46b2      	mov	sl, r6
10002c8a:	46a9      	mov	r9, r5
10002c8c:	46a0      	mov	r8, r4
10002c8e:	bdf0      	pop	{r4, r5, r6, r7, pc}
10002c90:	46b0      	mov	r8, r6
10002c92:	464e      	mov	r6, r9
10002c94:	46b9      	mov	r9, r7
10002c96:	002f      	movs	r7, r5
10002c98:	465d      	mov	r5, fp
10002c9a:	1b53      	subs	r3, r2, r5
10002c9c:	42b3      	cmp	r3, r6
10002c9e:	d2ef      	bcs.n	10002c80 <_out_rev+0x80>
10002ca0:	1c54      	adds	r4, r2, #1
10002ca2:	464b      	mov	r3, r9
10002ca4:	4641      	mov	r1, r8
10002ca6:	2020      	movs	r0, #32
10002ca8:	47b8      	blx	r7
10002caa:	0022      	movs	r2, r4
10002cac:	e7f5      	b.n	10002c9a <_out_rev+0x9a>

10002cae <_ntoa_format>:
10002cae:	b5f0      	push	{r4, r5, r6, r7, lr}
10002cb0:	46ce      	mov	lr, r9
10002cb2:	4647      	mov	r7, r8
10002cb4:	b580      	push	{r7, lr}
10002cb6:	b085      	sub	sp, #20
10002cb8:	4694      	mov	ip, r2
10002cba:	4698      	mov	r8, r3
10002cbc:	9d0c      	ldr	r5, [sp, #48]	; 0x30
10002cbe:	9c0d      	ldr	r4, [sp, #52]	; 0x34
10002cc0:	ab0e      	add	r3, sp, #56	; 0x38
10002cc2:	781b      	ldrb	r3, [r3, #0]
10002cc4:	4699      	mov	r9, r3
10002cc6:	9a10      	ldr	r2, [sp, #64]	; 0x40
10002cc8:	9b11      	ldr	r3, [sp, #68]	; 0x44
10002cca:	9e12      	ldr	r6, [sp, #72]	; 0x48
10002ccc:	07b7      	lsls	r7, r6, #30
10002cce:	d41c      	bmi.n	10002d0a <_ntoa_format+0x5c>
10002cd0:	2b00      	cmp	r3, #0
10002cd2:	d00c      	beq.n	10002cee <_ntoa_format+0x40>
10002cd4:	07f7      	lsls	r7, r6, #31
10002cd6:	d50a      	bpl.n	10002cee <_ntoa_format+0x40>
10002cd8:	464f      	mov	r7, r9
10002cda:	2f00      	cmp	r7, #0
10002cdc:	d102      	bne.n	10002ce4 <_ntoa_format+0x36>
10002cde:	370c      	adds	r7, #12
10002ce0:	4237      	tst	r7, r6
10002ce2:	d004      	beq.n	10002cee <_ntoa_format+0x40>
10002ce4:	3b01      	subs	r3, #1
10002ce6:	e002      	b.n	10002cee <_ntoa_format+0x40>
10002ce8:	2730      	movs	r7, #48	; 0x30
10002cea:	552f      	strb	r7, [r5, r4]
10002cec:	3401      	adds	r4, #1
10002cee:	4294      	cmp	r4, r2
10002cf0:	d201      	bcs.n	10002cf6 <_ntoa_format+0x48>
10002cf2:	2c1f      	cmp	r4, #31
10002cf4:	d9f8      	bls.n	10002ce8 <_ntoa_format+0x3a>
10002cf6:	07f7      	lsls	r7, r6, #31
10002cf8:	d507      	bpl.n	10002d0a <_ntoa_format+0x5c>
10002cfa:	429c      	cmp	r4, r3
10002cfc:	d205      	bcs.n	10002d0a <_ntoa_format+0x5c>
10002cfe:	2c1f      	cmp	r4, #31
10002d00:	d803      	bhi.n	10002d0a <_ntoa_format+0x5c>
10002d02:	2730      	movs	r7, #48	; 0x30
10002d04:	552f      	strb	r7, [r5, r4]
10002d06:	3401      	adds	r4, #1
10002d08:	e7f5      	b.n	10002cf6 <_ntoa_format+0x48>
10002d0a:	06f7      	lsls	r7, r6, #27
10002d0c:	d515      	bpl.n	10002d3a <_ntoa_format+0x8c>
10002d0e:	0577      	lsls	r7, r6, #21
10002d10:	d405      	bmi.n	10002d1e <_ntoa_format+0x70>
10002d12:	2c00      	cmp	r4, #0
10002d14:	d003      	beq.n	10002d1e <_ntoa_format+0x70>
10002d16:	4294      	cmp	r4, r2
10002d18:	d024      	beq.n	10002d64 <_ntoa_format+0xb6>
10002d1a:	429c      	cmp	r4, r3
10002d1c:	d022      	beq.n	10002d64 <_ntoa_format+0xb6>
10002d1e:	9a0f      	ldr	r2, [sp, #60]	; 0x3c
10002d20:	2a10      	cmp	r2, #16
10002d22:	d02b      	beq.n	10002d7c <_ntoa_format+0xce>
10002d24:	9a0f      	ldr	r2, [sp, #60]	; 0x3c
10002d26:	2a10      	cmp	r2, #16
10002d28:	d030      	beq.n	10002d8c <_ntoa_format+0xde>
10002d2a:	9a0f      	ldr	r2, [sp, #60]	; 0x3c
10002d2c:	2a02      	cmp	r2, #2
10002d2e:	d035      	beq.n	10002d9c <_ntoa_format+0xee>
10002d30:	2c1f      	cmp	r4, #31
10002d32:	d802      	bhi.n	10002d3a <_ntoa_format+0x8c>
10002d34:	2230      	movs	r2, #48	; 0x30
10002d36:	552a      	strb	r2, [r5, r4]
10002d38:	3401      	adds	r4, #1
10002d3a:	2c1f      	cmp	r4, #31
10002d3c:	d805      	bhi.n	10002d4a <_ntoa_format+0x9c>
10002d3e:	464a      	mov	r2, r9
10002d40:	2a00      	cmp	r2, #0
10002d42:	d031      	beq.n	10002da8 <_ntoa_format+0xfa>
10002d44:	222d      	movs	r2, #45	; 0x2d
10002d46:	552a      	strb	r2, [r5, r4]
10002d48:	3401      	adds	r4, #1
10002d4a:	9603      	str	r6, [sp, #12]
10002d4c:	9302      	str	r3, [sp, #8]
10002d4e:	9401      	str	r4, [sp, #4]
10002d50:	9500      	str	r5, [sp, #0]
10002d52:	4643      	mov	r3, r8
10002d54:	4662      	mov	r2, ip
10002d56:	f7ff ff53 	bl	10002c00 <_out_rev>
10002d5a:	b005      	add	sp, #20
10002d5c:	bcc0      	pop	{r6, r7}
10002d5e:	46b9      	mov	r9, r7
10002d60:	46b0      	mov	r8, r6
10002d62:	bdf0      	pop	{r4, r5, r6, r7, pc}
10002d64:	1e62      	subs	r2, r4, #1
10002d66:	2c01      	cmp	r4, #1
10002d68:	d006      	beq.n	10002d78 <_ntoa_format+0xca>
10002d6a:	9f0f      	ldr	r7, [sp, #60]	; 0x3c
10002d6c:	2f10      	cmp	r7, #16
10002d6e:	d001      	beq.n	10002d74 <_ntoa_format+0xc6>
10002d70:	0014      	movs	r4, r2
10002d72:	e7d4      	b.n	10002d1e <_ntoa_format+0x70>
10002d74:	3c02      	subs	r4, #2
10002d76:	e7d2      	b.n	10002d1e <_ntoa_format+0x70>
10002d78:	0014      	movs	r4, r2
10002d7a:	e7d0      	b.n	10002d1e <_ntoa_format+0x70>
10002d7c:	06b2      	lsls	r2, r6, #26
10002d7e:	d4d1      	bmi.n	10002d24 <_ntoa_format+0x76>
10002d80:	2c1f      	cmp	r4, #31
10002d82:	d8cf      	bhi.n	10002d24 <_ntoa_format+0x76>
10002d84:	2278      	movs	r2, #120	; 0x78
10002d86:	552a      	strb	r2, [r5, r4]
10002d88:	3401      	adds	r4, #1
10002d8a:	e7d1      	b.n	10002d30 <_ntoa_format+0x82>
10002d8c:	06b2      	lsls	r2, r6, #26
10002d8e:	d5cc      	bpl.n	10002d2a <_ntoa_format+0x7c>
10002d90:	2c1f      	cmp	r4, #31
10002d92:	d8ca      	bhi.n	10002d2a <_ntoa_format+0x7c>
10002d94:	2258      	movs	r2, #88	; 0x58
10002d96:	552a      	strb	r2, [r5, r4]
10002d98:	3401      	adds	r4, #1
10002d9a:	e7c9      	b.n	10002d30 <_ntoa_format+0x82>
10002d9c:	2c1f      	cmp	r4, #31
10002d9e:	d8c7      	bhi.n	10002d30 <_ntoa_format+0x82>
10002da0:	3260      	adds	r2, #96	; 0x60
10002da2:	552a      	strb	r2, [r5, r4]
10002da4:	3401      	adds	r4, #1
10002da6:	e7c3      	b.n	10002d30 <_ntoa_format+0x82>
10002da8:	0772      	lsls	r2, r6, #29
10002daa:	d503      	bpl.n	10002db4 <_ntoa_format+0x106>
10002dac:	222b      	movs	r2, #43	; 0x2b
10002dae:	552a      	strb	r2, [r5, r4]
10002db0:	3401      	adds	r4, #1
10002db2:	e7ca      	b.n	10002d4a <_ntoa_format+0x9c>
10002db4:	0732      	lsls	r2, r6, #28
10002db6:	d5c8      	bpl.n	10002d4a <_ntoa_format+0x9c>
10002db8:	2220      	movs	r2, #32
10002dba:	552a      	strb	r2, [r5, r4]
10002dbc:	3401      	adds	r4, #1
10002dbe:	e7c4      	b.n	10002d4a <_ntoa_format+0x9c>

10002dc0 <_ntoa_long>:
10002dc0:	b5f0      	push	{r4, r5, r6, r7, lr}
10002dc2:	46de      	mov	lr, fp
10002dc4:	4657      	mov	r7, sl
10002dc6:	464e      	mov	r6, r9
10002dc8:	4645      	mov	r5, r8
10002dca:	b5e0      	push	{r5, r6, r7, lr}
10002dcc:	b093      	sub	sp, #76	; 0x4c
10002dce:	4681      	mov	r9, r0
10002dd0:	468a      	mov	sl, r1
10002dd2:	9208      	str	r2, [sp, #32]
10002dd4:	9309      	str	r3, [sp, #36]	; 0x24
10002dd6:	ab1c      	add	r3, sp, #112	; 0x70
10002dd8:	cb10      	ldmia	r3!, {r4}
10002dda:	781b      	ldrb	r3, [r3, #0]
10002ddc:	469b      	mov	fp, r3
10002dde:	9d1e      	ldr	r5, [sp, #120]	; 0x78
10002de0:	9b21      	ldr	r3, [sp, #132]	; 0x84
10002de2:	4698      	mov	r8, r3
10002de4:	2c00      	cmp	r4, #0
10002de6:	d103      	bne.n	10002df0 <_ntoa_long+0x30>
10002de8:	2310      	movs	r3, #16
10002dea:	4642      	mov	r2, r8
10002dec:	439a      	bics	r2, r3
10002dee:	4690      	mov	r8, r2
10002df0:	2380      	movs	r3, #128	; 0x80
10002df2:	00db      	lsls	r3, r3, #3
10002df4:	4646      	mov	r6, r8
10002df6:	401e      	ands	r6, r3
10002df8:	4642      	mov	r2, r8
10002dfa:	421a      	tst	r2, r3
10002dfc:	d012      	beq.n	10002e24 <_ntoa_long+0x64>
10002dfe:	2c00      	cmp	r4, #0
10002e00:	d022      	beq.n	10002e48 <_ntoa_long+0x88>
10002e02:	2600      	movs	r6, #0
10002e04:	e00e      	b.n	10002e24 <_ntoa_long+0x64>
10002e06:	3330      	adds	r3, #48	; 0x30
10002e08:	b2d9      	uxtb	r1, r3
10002e0a:	1c77      	adds	r7, r6, #1
10002e0c:	ab0a      	add	r3, sp, #40	; 0x28
10002e0e:	5599      	strb	r1, [r3, r6]
10002e10:	0029      	movs	r1, r5
10002e12:	0020      	movs	r0, r4
10002e14:	f000 ffea 	bl	10003dec <__wrap___aeabi_uidiv>
10002e18:	42ac      	cmp	r4, r5
10002e1a:	d316      	bcc.n	10002e4a <_ntoa_long+0x8a>
10002e1c:	2f1f      	cmp	r7, #31
10002e1e:	d814      	bhi.n	10002e4a <_ntoa_long+0x8a>
10002e20:	003e      	movs	r6, r7
10002e22:	0004      	movs	r4, r0
10002e24:	0029      	movs	r1, r5
10002e26:	0020      	movs	r0, r4
10002e28:	f000 ffe0 	bl	10003dec <__wrap___aeabi_uidiv>
10002e2c:	b2cb      	uxtb	r3, r1
10002e2e:	2b09      	cmp	r3, #9
10002e30:	d9e9      	bls.n	10002e06 <_ntoa_long+0x46>
10002e32:	4642      	mov	r2, r8
10002e34:	0692      	lsls	r2, r2, #26
10002e36:	d505      	bpl.n	10002e44 <_ntoa_long+0x84>
10002e38:	2141      	movs	r1, #65	; 0x41
10002e3a:	18c9      	adds	r1, r1, r3
10002e3c:	b2c9      	uxtb	r1, r1
10002e3e:	390a      	subs	r1, #10
10002e40:	b2c9      	uxtb	r1, r1
10002e42:	e7e2      	b.n	10002e0a <_ntoa_long+0x4a>
10002e44:	2161      	movs	r1, #97	; 0x61
10002e46:	e7f8      	b.n	10002e3a <_ntoa_long+0x7a>
10002e48:	0027      	movs	r7, r4
10002e4a:	4643      	mov	r3, r8
10002e4c:	9306      	str	r3, [sp, #24]
10002e4e:	9b20      	ldr	r3, [sp, #128]	; 0x80
10002e50:	9305      	str	r3, [sp, #20]
10002e52:	9b1f      	ldr	r3, [sp, #124]	; 0x7c
10002e54:	9304      	str	r3, [sp, #16]
10002e56:	9503      	str	r5, [sp, #12]
10002e58:	465b      	mov	r3, fp
10002e5a:	9302      	str	r3, [sp, #8]
10002e5c:	9701      	str	r7, [sp, #4]
10002e5e:	ab0a      	add	r3, sp, #40	; 0x28
10002e60:	9300      	str	r3, [sp, #0]
10002e62:	9b09      	ldr	r3, [sp, #36]	; 0x24
10002e64:	9a08      	ldr	r2, [sp, #32]
10002e66:	4651      	mov	r1, sl
10002e68:	4648      	mov	r0, r9
10002e6a:	f7ff ff20 	bl	10002cae <_ntoa_format>
10002e6e:	b013      	add	sp, #76	; 0x4c
10002e70:	bcf0      	pop	{r4, r5, r6, r7}
10002e72:	46bb      	mov	fp, r7
10002e74:	46b2      	mov	sl, r6
10002e76:	46a9      	mov	r9, r5
10002e78:	46a0      	mov	r8, r4
10002e7a:	bdf0      	pop	{r4, r5, r6, r7, pc}

10002e7c <_ntoa_long_long>:
10002e7c:	b5f0      	push	{r4, r5, r6, r7, lr}
10002e7e:	46de      	mov	lr, fp
10002e80:	4657      	mov	r7, sl
10002e82:	464e      	mov	r6, r9
10002e84:	4645      	mov	r5, r8
10002e86:	b5e0      	push	{r5, r6, r7, lr}
10002e88:	b095      	sub	sp, #84	; 0x54
10002e8a:	9008      	str	r0, [sp, #32]
10002e8c:	9109      	str	r1, [sp, #36]	; 0x24
10002e8e:	920a      	str	r2, [sp, #40]	; 0x28
10002e90:	930b      	str	r3, [sp, #44]	; 0x2c
10002e92:	9e1e      	ldr	r6, [sp, #120]	; 0x78
10002e94:	9c1f      	ldr	r4, [sp, #124]	; 0x7c
10002e96:	ab20      	add	r3, sp, #128	; 0x80
10002e98:	781b      	ldrb	r3, [r3, #0]
10002e9a:	469b      	mov	fp, r3
10002e9c:	9b22      	ldr	r3, [sp, #136]	; 0x88
10002e9e:	4699      	mov	r9, r3
10002ea0:	9d23      	ldr	r5, [sp, #140]	; 0x8c
10002ea2:	9b26      	ldr	r3, [sp, #152]	; 0x98
10002ea4:	469a      	mov	sl, r3
10002ea6:	0033      	movs	r3, r6
10002ea8:	4323      	orrs	r3, r4
10002eaa:	d103      	bne.n	10002eb4 <_ntoa_long_long+0x38>
10002eac:	3310      	adds	r3, #16
10002eae:	4652      	mov	r2, sl
10002eb0:	439a      	bics	r2, r3
10002eb2:	4692      	mov	sl, r2
10002eb4:	2380      	movs	r3, #128	; 0x80
10002eb6:	00db      	lsls	r3, r3, #3
10002eb8:	4657      	mov	r7, sl
10002eba:	401f      	ands	r7, r3
10002ebc:	4652      	mov	r2, sl
10002ebe:	421a      	tst	r2, r3
10002ec0:	d019      	beq.n	10002ef6 <_ntoa_long_long+0x7a>
10002ec2:	0033      	movs	r3, r6
10002ec4:	4323      	orrs	r3, r4
10002ec6:	d02d      	beq.n	10002f24 <_ntoa_long_long+0xa8>
10002ec8:	2700      	movs	r7, #0
10002eca:	e014      	b.n	10002ef6 <_ntoa_long_long+0x7a>
10002ecc:	3330      	adds	r3, #48	; 0x30
10002ece:	b2da      	uxtb	r2, r3
10002ed0:	1c7b      	adds	r3, r7, #1
10002ed2:	4698      	mov	r8, r3
10002ed4:	ab0c      	add	r3, sp, #48	; 0x30
10002ed6:	55da      	strb	r2, [r3, r7]
10002ed8:	464a      	mov	r2, r9
10002eda:	002b      	movs	r3, r5
10002edc:	0030      	movs	r0, r6
10002ede:	0021      	movs	r1, r4
10002ee0:	f000 ffc2 	bl	10003e68 <__wrap___aeabi_uldivmod>
10002ee4:	42a5      	cmp	r5, r4
10002ee6:	d81f      	bhi.n	10002f28 <_ntoa_long_long+0xac>
10002ee8:	d019      	beq.n	10002f1e <_ntoa_long_long+0xa2>
10002eea:	4643      	mov	r3, r8
10002eec:	2b1f      	cmp	r3, #31
10002eee:	d81b      	bhi.n	10002f28 <_ntoa_long_long+0xac>
10002ef0:	4647      	mov	r7, r8
10002ef2:	0006      	movs	r6, r0
10002ef4:	000c      	movs	r4, r1
10002ef6:	464a      	mov	r2, r9
10002ef8:	002b      	movs	r3, r5
10002efa:	0030      	movs	r0, r6
10002efc:	0021      	movs	r1, r4
10002efe:	f000 ffb3 	bl	10003e68 <__wrap___aeabi_uldivmod>
10002f02:	b2d3      	uxtb	r3, r2
10002f04:	2b09      	cmp	r3, #9
10002f06:	d9e1      	bls.n	10002ecc <_ntoa_long_long+0x50>
10002f08:	4652      	mov	r2, sl
10002f0a:	0692      	lsls	r2, r2, #26
10002f0c:	d505      	bpl.n	10002f1a <_ntoa_long_long+0x9e>
10002f0e:	2241      	movs	r2, #65	; 0x41
10002f10:	18d2      	adds	r2, r2, r3
10002f12:	b2d2      	uxtb	r2, r2
10002f14:	3a0a      	subs	r2, #10
10002f16:	b2d2      	uxtb	r2, r2
10002f18:	e7da      	b.n	10002ed0 <_ntoa_long_long+0x54>
10002f1a:	2261      	movs	r2, #97	; 0x61
10002f1c:	e7f8      	b.n	10002f10 <_ntoa_long_long+0x94>
10002f1e:	45b1      	cmp	r9, r6
10002f20:	d9e3      	bls.n	10002eea <_ntoa_long_long+0x6e>
10002f22:	e001      	b.n	10002f28 <_ntoa_long_long+0xac>
10002f24:	2300      	movs	r3, #0
10002f26:	4698      	mov	r8, r3
10002f28:	4653      	mov	r3, sl
10002f2a:	9306      	str	r3, [sp, #24]
10002f2c:	9b25      	ldr	r3, [sp, #148]	; 0x94
10002f2e:	9305      	str	r3, [sp, #20]
10002f30:	9b24      	ldr	r3, [sp, #144]	; 0x90
10002f32:	9304      	str	r3, [sp, #16]
10002f34:	464b      	mov	r3, r9
10002f36:	9303      	str	r3, [sp, #12]
10002f38:	465b      	mov	r3, fp
10002f3a:	9302      	str	r3, [sp, #8]
10002f3c:	4643      	mov	r3, r8
10002f3e:	9301      	str	r3, [sp, #4]
10002f40:	ab0c      	add	r3, sp, #48	; 0x30
10002f42:	9300      	str	r3, [sp, #0]
10002f44:	9b0b      	ldr	r3, [sp, #44]	; 0x2c
10002f46:	9a0a      	ldr	r2, [sp, #40]	; 0x28
10002f48:	9909      	ldr	r1, [sp, #36]	; 0x24
10002f4a:	9808      	ldr	r0, [sp, #32]
10002f4c:	f7ff feaf 	bl	10002cae <_ntoa_format>
10002f50:	b015      	add	sp, #84	; 0x54
10002f52:	bcf0      	pop	{r4, r5, r6, r7}
10002f54:	46bb      	mov	fp, r7
10002f56:	46b2      	mov	sl, r6
10002f58:	46a9      	mov	r9, r5
10002f5a:	46a0      	mov	r8, r4
10002f5c:	bdf0      	pop	{r4, r5, r6, r7, pc}
	...

10002f60 <_etoa>:
10002f60:	b5f0      	push	{r4, r5, r6, r7, lr}
10002f62:	46de      	mov	lr, fp
10002f64:	4657      	mov	r7, sl
10002f66:	464e      	mov	r6, r9
10002f68:	4645      	mov	r5, r8
10002f6a:	b5e0      	push	{r5, r6, r7, lr}
10002f6c:	b091      	sub	sp, #68	; 0x44
10002f6e:	4683      	mov	fp, r0
10002f70:	468a      	mov	sl, r1
10002f72:	920c      	str	r2, [sp, #48]	; 0x30
10002f74:	4698      	mov	r8, r3
10002f76:	9c1a      	ldr	r4, [sp, #104]	; 0x68
10002f78:	9408      	str	r4, [sp, #32]
10002f7a:	9d1b      	ldr	r5, [sp, #108]	; 0x6c
10002f7c:	9509      	str	r5, [sp, #36]	; 0x24
10002f7e:	0022      	movs	r2, r4
10002f80:	002b      	movs	r3, r5
10002f82:	0020      	movs	r0, r4
10002f84:	0029      	movs	r1, r5
10002f86:	f001 f9ea 	bl	1000435e <__wrap___aeabi_dcmpun>
10002f8a:	2800      	cmp	r0, #0
10002f8c:	d000      	beq.n	10002f90 <_etoa+0x30>
10002f8e:	e0e5      	b.n	1000315c <_etoa+0x1fc>
10002f90:	2201      	movs	r2, #1
10002f92:	4252      	negs	r2, r2
10002f94:	4bd7      	ldr	r3, [pc, #860]	; (100032f4 <_etoa+0x394>)
10002f96:	0020      	movs	r0, r4
10002f98:	0029      	movs	r1, r5
10002f9a:	f001 f9db 	bl	10004354 <__wrap___aeabi_dcmpgt>
10002f9e:	2800      	cmp	r0, #0
10002fa0:	d000      	beq.n	10002fa4 <_etoa+0x44>
10002fa2:	e0db      	b.n	1000315c <_etoa+0x1fc>
10002fa4:	2201      	movs	r2, #1
10002fa6:	4252      	negs	r2, r2
10002fa8:	4bd3      	ldr	r3, [pc, #844]	; (100032f8 <_etoa+0x398>)
10002faa:	0020      	movs	r0, r4
10002fac:	0029      	movs	r1, r5
10002fae:	f001 f9bb 	bl	10004328 <__wrap___aeabi_dcmplt>
10002fb2:	2800      	cmp	r0, #0
10002fb4:	d000      	beq.n	10002fb8 <_etoa+0x58>
10002fb6:	e0d1      	b.n	1000315c <_etoa+0x1fc>
10002fb8:	2200      	movs	r2, #0
10002fba:	2300      	movs	r3, #0
10002fbc:	9e08      	ldr	r6, [sp, #32]
10002fbe:	0030      	movs	r0, r6
10002fc0:	9d09      	ldr	r5, [sp, #36]	; 0x24
10002fc2:	0029      	movs	r1, r5
10002fc4:	f001 f9b0 	bl	10004328 <__wrap___aeabi_dcmplt>
10002fc8:	2800      	cmp	r0, #0
10002fca:	d000      	beq.n	10002fce <_etoa+0x6e>
10002fcc:	e0dd      	b.n	1000318a <_etoa+0x22a>
10002fce:	9808      	ldr	r0, [sp, #32]
10002fd0:	9909      	ldr	r1, [sp, #36]	; 0x24
10002fd2:	9006      	str	r0, [sp, #24]
10002fd4:	9107      	str	r1, [sp, #28]
10002fd6:	2380      	movs	r3, #128	; 0x80
10002fd8:	00db      	lsls	r3, r3, #3
10002fda:	9a1e      	ldr	r2, [sp, #120]	; 0x78
10002fdc:	401a      	ands	r2, r3
10002fde:	920d      	str	r2, [sp, #52]	; 0x34
10002fe0:	9a1e      	ldr	r2, [sp, #120]	; 0x78
10002fe2:	421a      	tst	r2, r3
10002fe4:	d101      	bne.n	10002fea <_etoa+0x8a>
10002fe6:	2306      	movs	r3, #6
10002fe8:	931c      	str	r3, [sp, #112]	; 0x70
10002fea:	9806      	ldr	r0, [sp, #24]
10002fec:	9907      	ldr	r1, [sp, #28]
10002fee:	0004      	movs	r4, r0
10002ff0:	000d      	movs	r5, r1
10002ff2:	000a      	movs	r2, r1
10002ff4:	0006      	movs	r6, r0
10002ff6:	4302      	orrs	r2, r0
10002ff8:	d100      	bne.n	10002ffc <_etoa+0x9c>
10002ffa:	e0d1      	b.n	100031a0 <_etoa+0x240>
10002ffc:	0d08      	lsrs	r0, r1, #20
10002ffe:	0540      	lsls	r0, r0, #21
10003000:	0d40      	lsrs	r0, r0, #21
10003002:	4cbe      	ldr	r4, [pc, #760]	; (100032fc <_etoa+0x39c>)
10003004:	46a4      	mov	ip, r4
10003006:	4460      	add	r0, ip
10003008:	030a      	lsls	r2, r1, #12
1000300a:	0b12      	lsrs	r2, r2, #12
1000300c:	4bbc      	ldr	r3, [pc, #752]	; (10003300 <_etoa+0x3a0>)
1000300e:	4313      	orrs	r3, r2
10003010:	001f      	movs	r7, r3
10003012:	f001 f9b7 	bl	10004384 <__wrap___aeabi_i2d>
10003016:	4abb      	ldr	r2, [pc, #748]	; (10003304 <_etoa+0x3a4>)
10003018:	4bbb      	ldr	r3, [pc, #748]	; (10003308 <_etoa+0x3a8>)
1000301a:	f001 f946 	bl	100042aa <__wrap___aeabi_dmul>
1000301e:	4abb      	ldr	r2, [pc, #748]	; (1000330c <_etoa+0x3ac>)
10003020:	4bbb      	ldr	r3, [pc, #748]	; (10003310 <_etoa+0x3b0>)
10003022:	f001 f923 	bl	1000426c <__wrap___aeabi_dadd>
10003026:	0004      	movs	r4, r0
10003028:	000d      	movs	r5, r1
1000302a:	2200      	movs	r2, #0
1000302c:	4bb9      	ldr	r3, [pc, #740]	; (10003314 <_etoa+0x3b4>)
1000302e:	0030      	movs	r0, r6
10003030:	0039      	movs	r1, r7
10003032:	f001 f916 	bl	10004262 <__wrap___aeabi_dsub>
10003036:	4ab8      	ldr	r2, [pc, #736]	; (10003318 <_etoa+0x3b8>)
10003038:	4bb8      	ldr	r3, [pc, #736]	; (1000331c <_etoa+0x3bc>)
1000303a:	f001 f936 	bl	100042aa <__wrap___aeabi_dmul>
1000303e:	0002      	movs	r2, r0
10003040:	000b      	movs	r3, r1
10003042:	0020      	movs	r0, r4
10003044:	0029      	movs	r1, r5
10003046:	f001 f911 	bl	1000426c <__wrap___aeabi_dadd>
1000304a:	f001 f9b3 	bl	100043b4 <__wrap___aeabi_d2iz>
1000304e:	4681      	mov	r9, r0
10003050:	f001 f998 	bl	10004384 <__wrap___aeabi_i2d>
10003054:	0004      	movs	r4, r0
10003056:	000d      	movs	r5, r1
10003058:	4ab1      	ldr	r2, [pc, #708]	; (10003320 <_etoa+0x3c0>)
1000305a:	4bb2      	ldr	r3, [pc, #712]	; (10003324 <_etoa+0x3c4>)
1000305c:	f001 f925 	bl	100042aa <__wrap___aeabi_dmul>
10003060:	2200      	movs	r2, #0
10003062:	4bb1      	ldr	r3, [pc, #708]	; (10003328 <_etoa+0x3c8>)
10003064:	f001 f902 	bl	1000426c <__wrap___aeabi_dadd>
10003068:	f001 f9a4 	bl	100043b4 <__wrap___aeabi_d2iz>
1000306c:	0006      	movs	r6, r0
1000306e:	4aaf      	ldr	r2, [pc, #700]	; (1000332c <_etoa+0x3cc>)
10003070:	4baf      	ldr	r3, [pc, #700]	; (10003330 <_etoa+0x3d0>)
10003072:	0020      	movs	r0, r4
10003074:	0029      	movs	r1, r5
10003076:	f001 f918 	bl	100042aa <__wrap___aeabi_dmul>
1000307a:	0004      	movs	r4, r0
1000307c:	000d      	movs	r5, r1
1000307e:	0030      	movs	r0, r6
10003080:	f001 f980 	bl	10004384 <__wrap___aeabi_i2d>
10003084:	4aab      	ldr	r2, [pc, #684]	; (10003334 <_etoa+0x3d4>)
10003086:	4bac      	ldr	r3, [pc, #688]	; (10003338 <_etoa+0x3d8>)
10003088:	f001 f90f 	bl	100042aa <__wrap___aeabi_dmul>
1000308c:	0002      	movs	r2, r0
1000308e:	000b      	movs	r3, r1
10003090:	0020      	movs	r0, r4
10003092:	0029      	movs	r1, r5
10003094:	f001 f8e5 	bl	10004262 <__wrap___aeabi_dsub>
10003098:	0004      	movs	r4, r0
1000309a:	000d      	movs	r5, r1
1000309c:	0002      	movs	r2, r0
1000309e:	000b      	movs	r3, r1
100030a0:	f001 f903 	bl	100042aa <__wrap___aeabi_dmul>
100030a4:	900a      	str	r0, [sp, #40]	; 0x28
100030a6:	910b      	str	r1, [sp, #44]	; 0x2c
100030a8:	4ba4      	ldr	r3, [pc, #656]	; (1000333c <_etoa+0x3dc>)
100030aa:	18f3      	adds	r3, r6, r3
100030ac:	2600      	movs	r6, #0
100030ae:	051f      	lsls	r7, r3, #20
100030b0:	0022      	movs	r2, r4
100030b2:	002b      	movs	r3, r5
100030b4:	0020      	movs	r0, r4
100030b6:	0029      	movs	r1, r5
100030b8:	f001 f8d8 	bl	1000426c <__wrap___aeabi_dadd>
100030bc:	900e      	str	r0, [sp, #56]	; 0x38
100030be:	910f      	str	r1, [sp, #60]	; 0x3c
100030c0:	0022      	movs	r2, r4
100030c2:	002b      	movs	r3, r5
100030c4:	2000      	movs	r0, #0
100030c6:	2180      	movs	r1, #128	; 0x80
100030c8:	05c9      	lsls	r1, r1, #23
100030ca:	f001 f8ca 	bl	10004262 <__wrap___aeabi_dsub>
100030ce:	0004      	movs	r4, r0
100030d0:	000d      	movs	r5, r1
100030d2:	2200      	movs	r2, #0
100030d4:	4b9a      	ldr	r3, [pc, #616]	; (10003340 <_etoa+0x3e0>)
100030d6:	980a      	ldr	r0, [sp, #40]	; 0x28
100030d8:	990b      	ldr	r1, [sp, #44]	; 0x2c
100030da:	f001 f8cc 	bl	10004276 <__wrap___aeabi_ddiv>
100030de:	2200      	movs	r2, #0
100030e0:	4b98      	ldr	r3, [pc, #608]	; (10003344 <_etoa+0x3e4>)
100030e2:	f001 f8c3 	bl	1000426c <__wrap___aeabi_dadd>
100030e6:	0002      	movs	r2, r0
100030e8:	000b      	movs	r3, r1
100030ea:	980a      	ldr	r0, [sp, #40]	; 0x28
100030ec:	990b      	ldr	r1, [sp, #44]	; 0x2c
100030ee:	f001 f8c2 	bl	10004276 <__wrap___aeabi_ddiv>
100030f2:	2200      	movs	r2, #0
100030f4:	4b94      	ldr	r3, [pc, #592]	; (10003348 <_etoa+0x3e8>)
100030f6:	f001 f8b9 	bl	1000426c <__wrap___aeabi_dadd>
100030fa:	0002      	movs	r2, r0
100030fc:	000b      	movs	r3, r1
100030fe:	980a      	ldr	r0, [sp, #40]	; 0x28
10003100:	990b      	ldr	r1, [sp, #44]	; 0x2c
10003102:	f001 f8b8 	bl	10004276 <__wrap___aeabi_ddiv>
10003106:	0002      	movs	r2, r0
10003108:	000b      	movs	r3, r1
1000310a:	0020      	movs	r0, r4
1000310c:	0029      	movs	r1, r5
1000310e:	f001 f8ad 	bl	1000426c <__wrap___aeabi_dadd>
10003112:	0002      	movs	r2, r0
10003114:	000b      	movs	r3, r1
10003116:	980e      	ldr	r0, [sp, #56]	; 0x38
10003118:	990f      	ldr	r1, [sp, #60]	; 0x3c
1000311a:	f001 f8ac 	bl	10004276 <__wrap___aeabi_ddiv>
1000311e:	2200      	movs	r2, #0
10003120:	4b77      	ldr	r3, [pc, #476]	; (10003300 <_etoa+0x3a0>)
10003122:	f001 f8a3 	bl	1000426c <__wrap___aeabi_dadd>
10003126:	0032      	movs	r2, r6
10003128:	003b      	movs	r3, r7
1000312a:	f001 f8be 	bl	100042aa <__wrap___aeabi_dmul>
1000312e:	0006      	movs	r6, r0
10003130:	000f      	movs	r7, r1
10003132:	0004      	movs	r4, r0
10003134:	000d      	movs	r5, r1
10003136:	9a06      	ldr	r2, [sp, #24]
10003138:	9b07      	ldr	r3, [sp, #28]
1000313a:	f001 f90b 	bl	10004354 <__wrap___aeabi_dcmpgt>
1000313e:	2800      	cmp	r0, #0
10003140:	d030      	beq.n	100031a4 <_etoa+0x244>
10003142:	2301      	movs	r3, #1
10003144:	425b      	negs	r3, r3
10003146:	469c      	mov	ip, r3
10003148:	44e1      	add	r9, ip
1000314a:	2200      	movs	r2, #0
1000314c:	4b7d      	ldr	r3, [pc, #500]	; (10003344 <_etoa+0x3e4>)
1000314e:	0030      	movs	r0, r6
10003150:	0039      	movs	r1, r7
10003152:	f001 f890 	bl	10004276 <__wrap___aeabi_ddiv>
10003156:	0004      	movs	r4, r0
10003158:	000d      	movs	r5, r1
1000315a:	e023      	b.n	100031a4 <_etoa+0x244>
1000315c:	9b1e      	ldr	r3, [sp, #120]	; 0x78
1000315e:	9304      	str	r3, [sp, #16]
10003160:	9b1d      	ldr	r3, [sp, #116]	; 0x74
10003162:	9303      	str	r3, [sp, #12]
10003164:	9b1c      	ldr	r3, [sp, #112]	; 0x70
10003166:	9302      	str	r3, [sp, #8]
10003168:	9a08      	ldr	r2, [sp, #32]
1000316a:	9b09      	ldr	r3, [sp, #36]	; 0x24
1000316c:	9200      	str	r2, [sp, #0]
1000316e:	9301      	str	r3, [sp, #4]
10003170:	4643      	mov	r3, r8
10003172:	9a0c      	ldr	r2, [sp, #48]	; 0x30
10003174:	4651      	mov	r1, sl
10003176:	4658      	mov	r0, fp
10003178:	f000 f8fc 	bl	10003374 <_ftoa>
1000317c:	b011      	add	sp, #68	; 0x44
1000317e:	bcf0      	pop	{r4, r5, r6, r7}
10003180:	46bb      	mov	fp, r7
10003182:	46b2      	mov	sl, r6
10003184:	46a9      	mov	r9, r5
10003186:	46a0      	mov	r8, r4
10003188:	bdf0      	pop	{r4, r5, r6, r7, pc}
1000318a:	2300      	movs	r3, #0
1000318c:	2400      	movs	r4, #0
1000318e:	9306      	str	r3, [sp, #24]
10003190:	9407      	str	r4, [sp, #28]
10003192:	9606      	str	r6, [sp, #24]
10003194:	2380      	movs	r3, #128	; 0x80
10003196:	061b      	lsls	r3, r3, #24
10003198:	469c      	mov	ip, r3
1000319a:	4465      	add	r5, ip
1000319c:	9507      	str	r5, [sp, #28]
1000319e:	e71a      	b.n	10002fd6 <_etoa+0x76>
100031a0:	2300      	movs	r3, #0
100031a2:	4699      	mov	r9, r3
100031a4:	464b      	mov	r3, r9
100031a6:	3363      	adds	r3, #99	; 0x63
100031a8:	2bc6      	cmp	r3, #198	; 0xc6
100031aa:	d81e      	bhi.n	100031ea <_etoa+0x28a>
100031ac:	2604      	movs	r6, #4
100031ae:	9b1e      	ldr	r3, [sp, #120]	; 0x78
100031b0:	051b      	lsls	r3, r3, #20
100031b2:	d526      	bpl.n	10003202 <_etoa+0x2a2>
100031b4:	002b      	movs	r3, r5
100031b6:	4323      	orrs	r3, r4
100031b8:	d00f      	beq.n	100031da <_etoa+0x27a>
100031ba:	4a64      	ldr	r2, [pc, #400]	; (1000334c <_etoa+0x3ec>)
100031bc:	4b64      	ldr	r3, [pc, #400]	; (10003350 <_etoa+0x3f0>)
100031be:	9806      	ldr	r0, [sp, #24]
100031c0:	9907      	ldr	r1, [sp, #28]
100031c2:	f001 f8bf 	bl	10004344 <__wrap___aeabi_dcmpge>
100031c6:	2800      	cmp	r0, #0
100031c8:	d079      	beq.n	100032be <_etoa+0x35e>
100031ca:	2200      	movs	r2, #0
100031cc:	4b61      	ldr	r3, [pc, #388]	; (10003354 <_etoa+0x3f4>)
100031ce:	9806      	ldr	r0, [sp, #24]
100031d0:	9907      	ldr	r1, [sp, #28]
100031d2:	f001 f8a9 	bl	10004328 <__wrap___aeabi_dcmplt>
100031d6:	2800      	cmp	r0, #0
100031d8:	d071      	beq.n	100032be <_etoa+0x35e>
100031da:	9b1c      	ldr	r3, [sp, #112]	; 0x70
100031dc:	454b      	cmp	r3, r9
100031de:	dd06      	ble.n	100031ee <_etoa+0x28e>
100031e0:	464a      	mov	r2, r9
100031e2:	1a98      	subs	r0, r3, r2
100031e4:	1e43      	subs	r3, r0, #1
100031e6:	931c      	str	r3, [sp, #112]	; 0x70
100031e8:	e003      	b.n	100031f2 <_etoa+0x292>
100031ea:	2605      	movs	r6, #5
100031ec:	e7df      	b.n	100031ae <_etoa+0x24e>
100031ee:	2300      	movs	r3, #0
100031f0:	931c      	str	r3, [sp, #112]	; 0x70
100031f2:	2380      	movs	r3, #128	; 0x80
100031f4:	00db      	lsls	r3, r3, #3
100031f6:	9a1e      	ldr	r2, [sp, #120]	; 0x78
100031f8:	431a      	orrs	r2, r3
100031fa:	921e      	str	r2, [sp, #120]	; 0x78
100031fc:	2600      	movs	r6, #0
100031fe:	2300      	movs	r3, #0
10003200:	4699      	mov	r9, r3
10003202:	9b1d      	ldr	r3, [sp, #116]	; 0x74
10003204:	429e      	cmp	r6, r3
10003206:	d264      	bcs.n	100032d2 <_etoa+0x372>
10003208:	1b9f      	subs	r7, r3, r6
1000320a:	2302      	movs	r3, #2
1000320c:	9a1e      	ldr	r2, [sp, #120]	; 0x78
1000320e:	401a      	ands	r2, r3
10003210:	920a      	str	r2, [sp, #40]	; 0x28
10003212:	9a1e      	ldr	r2, [sp, #120]	; 0x78
10003214:	4213      	tst	r3, r2
10003216:	d002      	beq.n	1000321e <_etoa+0x2be>
10003218:	2e00      	cmp	r6, #0
1000321a:	d000      	beq.n	1000321e <_etoa+0x2be>
1000321c:	2700      	movs	r7, #0
1000321e:	464b      	mov	r3, r9
10003220:	2b00      	cmp	r3, #0
10003222:	d007      	beq.n	10003234 <_etoa+0x2d4>
10003224:	0022      	movs	r2, r4
10003226:	002b      	movs	r3, r5
10003228:	9806      	ldr	r0, [sp, #24]
1000322a:	9907      	ldr	r1, [sp, #28]
1000322c:	f001 f823 	bl	10004276 <__wrap___aeabi_ddiv>
10003230:	9006      	str	r0, [sp, #24]
10003232:	9107      	str	r1, [sp, #28]
10003234:	2200      	movs	r2, #0
10003236:	2300      	movs	r3, #0
10003238:	9808      	ldr	r0, [sp, #32]
1000323a:	9909      	ldr	r1, [sp, #36]	; 0x24
1000323c:	f001 f874 	bl	10004328 <__wrap___aeabi_dcmplt>
10003240:	2800      	cmp	r0, #0
10003242:	d148      	bne.n	100032d6 <_etoa+0x376>
10003244:	4b44      	ldr	r3, [pc, #272]	; (10003358 <_etoa+0x3f8>)
10003246:	9a1e      	ldr	r2, [sp, #120]	; 0x78
10003248:	4013      	ands	r3, r2
1000324a:	9304      	str	r3, [sp, #16]
1000324c:	9703      	str	r7, [sp, #12]
1000324e:	9b1c      	ldr	r3, [sp, #112]	; 0x70
10003250:	9302      	str	r3, [sp, #8]
10003252:	9b06      	ldr	r3, [sp, #24]
10003254:	9c07      	ldr	r4, [sp, #28]
10003256:	9300      	str	r3, [sp, #0]
10003258:	9401      	str	r4, [sp, #4]
1000325a:	4643      	mov	r3, r8
1000325c:	9a0c      	ldr	r2, [sp, #48]	; 0x30
1000325e:	4651      	mov	r1, sl
10003260:	4658      	mov	r0, fp
10003262:	f000 f887 	bl	10003374 <_ftoa>
10003266:	2e00      	cmp	r6, #0
10003268:	d100      	bne.n	1000326c <_etoa+0x30c>
1000326a:	e787      	b.n	1000317c <_etoa+0x21c>
1000326c:	9b1e      	ldr	r3, [sp, #120]	; 0x78
1000326e:	069b      	lsls	r3, r3, #26
10003270:	d53d      	bpl.n	100032ee <_etoa+0x38e>
10003272:	2545      	movs	r5, #69	; 0x45
10003274:	1c44      	adds	r4, r0, #1
10003276:	4643      	mov	r3, r8
10003278:	0002      	movs	r2, r0
1000327a:	4651      	mov	r1, sl
1000327c:	0028      	movs	r0, r5
1000327e:	47d8      	blx	fp
10003280:	464b      	mov	r3, r9
10003282:	17da      	asrs	r2, r3, #31
10003284:	189b      	adds	r3, r3, r2
10003286:	4053      	eors	r3, r2
10003288:	2205      	movs	r2, #5
1000328a:	9205      	str	r2, [sp, #20]
1000328c:	3e01      	subs	r6, #1
1000328e:	9604      	str	r6, [sp, #16]
10003290:	2200      	movs	r2, #0
10003292:	9203      	str	r2, [sp, #12]
10003294:	320a      	adds	r2, #10
10003296:	9202      	str	r2, [sp, #8]
10003298:	464a      	mov	r2, r9
1000329a:	0fd0      	lsrs	r0, r2, #31
1000329c:	9001      	str	r0, [sp, #4]
1000329e:	9300      	str	r3, [sp, #0]
100032a0:	4643      	mov	r3, r8
100032a2:	0022      	movs	r2, r4
100032a4:	4651      	mov	r1, sl
100032a6:	4658      	mov	r0, fp
100032a8:	f7ff fd8a 	bl	10002dc0 <_ntoa_long>
100032ac:	9b0a      	ldr	r3, [sp, #40]	; 0x28
100032ae:	2b00      	cmp	r3, #0
100032b0:	d100      	bne.n	100032b4 <_etoa+0x354>
100032b2:	e763      	b.n	1000317c <_etoa+0x21c>
100032b4:	0002      	movs	r2, r0
100032b6:	465f      	mov	r7, fp
100032b8:	9e0c      	ldr	r6, [sp, #48]	; 0x30
100032ba:	9d1d      	ldr	r5, [sp, #116]	; 0x74
100032bc:	e054      	b.n	10003368 <_etoa+0x408>
100032be:	9b1c      	ldr	r3, [sp, #112]	; 0x70
100032c0:	2b00      	cmp	r3, #0
100032c2:	d09e      	beq.n	10003202 <_etoa+0x2a2>
100032c4:	9b0d      	ldr	r3, [sp, #52]	; 0x34
100032c6:	2b00      	cmp	r3, #0
100032c8:	d09b      	beq.n	10003202 <_etoa+0x2a2>
100032ca:	9b1c      	ldr	r3, [sp, #112]	; 0x70
100032cc:	3b01      	subs	r3, #1
100032ce:	931c      	str	r3, [sp, #112]	; 0x70
100032d0:	e797      	b.n	10003202 <_etoa+0x2a2>
100032d2:	2700      	movs	r7, #0
100032d4:	e799      	b.n	1000320a <_etoa+0x2aa>
100032d6:	9c06      	ldr	r4, [sp, #24]
100032d8:	9d07      	ldr	r5, [sp, #28]
100032da:	0022      	movs	r2, r4
100032dc:	0029      	movs	r1, r5
100032de:	2080      	movs	r0, #128	; 0x80
100032e0:	0600      	lsls	r0, r0, #24
100032e2:	4684      	mov	ip, r0
100032e4:	4461      	add	r1, ip
100032e6:	000b      	movs	r3, r1
100032e8:	9206      	str	r2, [sp, #24]
100032ea:	9307      	str	r3, [sp, #28]
100032ec:	e7aa      	b.n	10003244 <_etoa+0x2e4>
100032ee:	2565      	movs	r5, #101	; 0x65
100032f0:	e7c0      	b.n	10003274 <_etoa+0x314>
100032f2:	46c0      	nop			; (mov r8, r8)
100032f4:	7fefffff 	.word	0x7fefffff
100032f8:	ffefffff 	.word	0xffefffff
100032fc:	fffffc01 	.word	0xfffffc01
10003300:	3ff00000 	.word	0x3ff00000
10003304:	509f79fb 	.word	0x509f79fb
10003308:	3fd34413 	.word	0x3fd34413
1000330c:	8b60c8b3 	.word	0x8b60c8b3
10003310:	3fc68a28 	.word	0x3fc68a28
10003314:	3ff80000 	.word	0x3ff80000
10003318:	636f4361 	.word	0x636f4361
1000331c:	3fd287a7 	.word	0x3fd287a7
10003320:	0979a371 	.word	0x0979a371
10003324:	400a934f 	.word	0x400a934f
10003328:	3fe00000 	.word	0x3fe00000
1000332c:	bbb55516 	.word	0xbbb55516
10003330:	40026bb1 	.word	0x40026bb1
10003334:	fefa39ef 	.word	0xfefa39ef
10003338:	3fe62e42 	.word	0x3fe62e42
1000333c:	000003ff 	.word	0x000003ff
10003340:	402c0000 	.word	0x402c0000
10003344:	40240000 	.word	0x40240000
10003348:	40180000 	.word	0x40180000
1000334c:	eb1c432d 	.word	0xeb1c432d
10003350:	3f1a36e2 	.word	0x3f1a36e2
10003354:	412e8480 	.word	0x412e8480
10003358:	fffff7ff 	.word	0xfffff7ff
1000335c:	1c54      	adds	r4, r2, #1
1000335e:	4643      	mov	r3, r8
10003360:	4651      	mov	r1, sl
10003362:	2020      	movs	r0, #32
10003364:	47b8      	blx	r7
10003366:	0022      	movs	r2, r4
10003368:	1b93      	subs	r3, r2, r6
1000336a:	42ab      	cmp	r3, r5
1000336c:	d3f6      	bcc.n	1000335c <_etoa+0x3fc>
1000336e:	0010      	movs	r0, r2
10003370:	e704      	b.n	1000317c <_etoa+0x21c>
10003372:	46c0      	nop			; (mov r8, r8)

10003374 <_ftoa>:
10003374:	b5f0      	push	{r4, r5, r6, r7, lr}
10003376:	46de      	mov	lr, fp
10003378:	4657      	mov	r7, sl
1000337a:	464e      	mov	r6, r9
1000337c:	4645      	mov	r5, r8
1000337e:	b5e0      	push	{r5, r6, r7, lr}
10003380:	b095      	sub	sp, #84	; 0x54
10003382:	9006      	str	r0, [sp, #24]
10003384:	9107      	str	r1, [sp, #28]
10003386:	4693      	mov	fp, r2
10003388:	4699      	mov	r9, r3
1000338a:	9f20      	ldr	r7, [sp, #128]	; 0x80
1000338c:	9a1e      	ldr	r2, [sp, #120]	; 0x78
1000338e:	9b1f      	ldr	r3, [sp, #124]	; 0x7c
10003390:	0010      	movs	r0, r2
10003392:	0019      	movs	r1, r3
10003394:	f000 ffe3 	bl	1000435e <__wrap___aeabi_dcmpun>
10003398:	2800      	cmp	r0, #0
1000339a:	d131      	bne.n	10003400 <_ftoa+0x8c>
1000339c:	2201      	movs	r2, #1
1000339e:	4252      	negs	r2, r2
100033a0:	4bbf      	ldr	r3, [pc, #764]	; (100036a0 <_ftoa+0x32c>)
100033a2:	981e      	ldr	r0, [sp, #120]	; 0x78
100033a4:	991f      	ldr	r1, [sp, #124]	; 0x7c
100033a6:	f000 ffbf 	bl	10004328 <__wrap___aeabi_dcmplt>
100033aa:	2800      	cmp	r0, #0
100033ac:	d137      	bne.n	1000341e <_ftoa+0xaa>
100033ae:	2201      	movs	r2, #1
100033b0:	4252      	negs	r2, r2
100033b2:	4bbc      	ldr	r3, [pc, #752]	; (100036a4 <_ftoa+0x330>)
100033b4:	981e      	ldr	r0, [sp, #120]	; 0x78
100033b6:	991f      	ldr	r1, [sp, #124]	; 0x7c
100033b8:	f000 ffcc 	bl	10004354 <__wrap___aeabi_dcmpgt>
100033bc:	2800      	cmp	r0, #0
100033be:	d13d      	bne.n	1000343c <_ftoa+0xc8>
100033c0:	2200      	movs	r2, #0
100033c2:	4bb9      	ldr	r3, [pc, #740]	; (100036a8 <_ftoa+0x334>)
100033c4:	981e      	ldr	r0, [sp, #120]	; 0x78
100033c6:	991f      	ldr	r1, [sp, #124]	; 0x7c
100033c8:	f000 ffc4 	bl	10004354 <__wrap___aeabi_dcmpgt>
100033cc:	2800      	cmp	r0, #0
100033ce:	d150      	bne.n	10003472 <_ftoa+0xfe>
100033d0:	2200      	movs	r2, #0
100033d2:	4bb6      	ldr	r3, [pc, #728]	; (100036ac <_ftoa+0x338>)
100033d4:	981e      	ldr	r0, [sp, #120]	; 0x78
100033d6:	991f      	ldr	r1, [sp, #124]	; 0x7c
100033d8:	f000 ffa6 	bl	10004328 <__wrap___aeabi_dcmplt>
100033dc:	2800      	cmp	r0, #0
100033de:	d148      	bne.n	10003472 <_ftoa+0xfe>
100033e0:	2200      	movs	r2, #0
100033e2:	2300      	movs	r3, #0
100033e4:	981e      	ldr	r0, [sp, #120]	; 0x78
100033e6:	991f      	ldr	r1, [sp, #124]	; 0x7c
100033e8:	f000 ff9e 	bl	10004328 <__wrap___aeabi_dcmplt>
100033ec:	2800      	cmp	r0, #0
100033ee:	d150      	bne.n	10003492 <_ftoa+0x11e>
100033f0:	2300      	movs	r3, #0
100033f2:	4698      	mov	r8, r3
100033f4:	9b22      	ldr	r3, [sp, #136]	; 0x88
100033f6:	055b      	lsls	r3, r3, #21
100033f8:	d400      	bmi.n	100033fc <_ftoa+0x88>
100033fa:	e0b6      	b.n	1000356a <_ftoa+0x1f6>
100033fc:	2400      	movs	r4, #0
100033fe:	e058      	b.n	100034b2 <_ftoa+0x13e>
10003400:	9b22      	ldr	r3, [sp, #136]	; 0x88
10003402:	9303      	str	r3, [sp, #12]
10003404:	9b21      	ldr	r3, [sp, #132]	; 0x84
10003406:	9302      	str	r3, [sp, #8]
10003408:	2303      	movs	r3, #3
1000340a:	9301      	str	r3, [sp, #4]
1000340c:	4ba8      	ldr	r3, [pc, #672]	; (100036b0 <_ftoa+0x33c>)
1000340e:	9300      	str	r3, [sp, #0]
10003410:	464b      	mov	r3, r9
10003412:	465a      	mov	r2, fp
10003414:	9907      	ldr	r1, [sp, #28]
10003416:	9806      	ldr	r0, [sp, #24]
10003418:	f7ff fbf2 	bl	10002c00 <_out_rev>
1000341c:	e10e      	b.n	1000363c <_ftoa+0x2c8>
1000341e:	9b22      	ldr	r3, [sp, #136]	; 0x88
10003420:	9303      	str	r3, [sp, #12]
10003422:	9b21      	ldr	r3, [sp, #132]	; 0x84
10003424:	9302      	str	r3, [sp, #8]
10003426:	2304      	movs	r3, #4
10003428:	9301      	str	r3, [sp, #4]
1000342a:	4ba2      	ldr	r3, [pc, #648]	; (100036b4 <_ftoa+0x340>)
1000342c:	9300      	str	r3, [sp, #0]
1000342e:	464b      	mov	r3, r9
10003430:	465a      	mov	r2, fp
10003432:	9907      	ldr	r1, [sp, #28]
10003434:	9806      	ldr	r0, [sp, #24]
10003436:	f7ff fbe3 	bl	10002c00 <_out_rev>
1000343a:	e0ff      	b.n	1000363c <_ftoa+0x2c8>
1000343c:	2304      	movs	r3, #4
1000343e:	9a22      	ldr	r2, [sp, #136]	; 0x88
10003440:	401a      	ands	r2, r3
10003442:	9922      	ldr	r1, [sp, #136]	; 0x88
10003444:	420b      	tst	r3, r1
10003446:	d010      	beq.n	1000346a <_ftoa+0xf6>
10003448:	4b9b      	ldr	r3, [pc, #620]	; (100036b8 <_ftoa+0x344>)
1000344a:	2a00      	cmp	r2, #0
1000344c:	d00f      	beq.n	1000346e <_ftoa+0xfa>
1000344e:	2204      	movs	r2, #4
10003450:	9922      	ldr	r1, [sp, #136]	; 0x88
10003452:	9103      	str	r1, [sp, #12]
10003454:	9921      	ldr	r1, [sp, #132]	; 0x84
10003456:	9102      	str	r1, [sp, #8]
10003458:	9201      	str	r2, [sp, #4]
1000345a:	9300      	str	r3, [sp, #0]
1000345c:	464b      	mov	r3, r9
1000345e:	465a      	mov	r2, fp
10003460:	9907      	ldr	r1, [sp, #28]
10003462:	9806      	ldr	r0, [sp, #24]
10003464:	f7ff fbcc 	bl	10002c00 <_out_rev>
10003468:	e0e8      	b.n	1000363c <_ftoa+0x2c8>
1000346a:	4b94      	ldr	r3, [pc, #592]	; (100036bc <_ftoa+0x348>)
1000346c:	e7ed      	b.n	1000344a <_ftoa+0xd6>
1000346e:	2203      	movs	r2, #3
10003470:	e7ee      	b.n	10003450 <_ftoa+0xdc>
10003472:	9b22      	ldr	r3, [sp, #136]	; 0x88
10003474:	9304      	str	r3, [sp, #16]
10003476:	9b21      	ldr	r3, [sp, #132]	; 0x84
10003478:	9303      	str	r3, [sp, #12]
1000347a:	9702      	str	r7, [sp, #8]
1000347c:	9b1e      	ldr	r3, [sp, #120]	; 0x78
1000347e:	9c1f      	ldr	r4, [sp, #124]	; 0x7c
10003480:	9300      	str	r3, [sp, #0]
10003482:	9401      	str	r4, [sp, #4]
10003484:	464b      	mov	r3, r9
10003486:	465a      	mov	r2, fp
10003488:	9907      	ldr	r1, [sp, #28]
1000348a:	9806      	ldr	r0, [sp, #24]
1000348c:	f7ff fd68 	bl	10002f60 <_etoa>
10003490:	e0d4      	b.n	1000363c <_ftoa+0x2c8>
10003492:	9a1e      	ldr	r2, [sp, #120]	; 0x78
10003494:	9b1f      	ldr	r3, [sp, #124]	; 0x7c
10003496:	2000      	movs	r0, #0
10003498:	2100      	movs	r1, #0
1000349a:	f000 fee2 	bl	10004262 <__wrap___aeabi_dsub>
1000349e:	901e      	str	r0, [sp, #120]	; 0x78
100034a0:	911f      	str	r1, [sp, #124]	; 0x7c
100034a2:	2301      	movs	r3, #1
100034a4:	4698      	mov	r8, r3
100034a6:	e7a5      	b.n	100033f4 <_ftoa+0x80>
100034a8:	ab0c      	add	r3, sp, #48	; 0x30
100034aa:	2230      	movs	r2, #48	; 0x30
100034ac:	551a      	strb	r2, [r3, r4]
100034ae:	3f01      	subs	r7, #1
100034b0:	3401      	adds	r4, #1
100034b2:	2c1f      	cmp	r4, #31
100034b4:	d801      	bhi.n	100034ba <_ftoa+0x146>
100034b6:	2f09      	cmp	r7, #9
100034b8:	d8f6      	bhi.n	100034a8 <_ftoa+0x134>
100034ba:	981e      	ldr	r0, [sp, #120]	; 0x78
100034bc:	991f      	ldr	r1, [sp, #124]	; 0x7c
100034be:	f000 ff79 	bl	100043b4 <__wrap___aeabi_d2iz>
100034c2:	0005      	movs	r5, r0
100034c4:	f000 ff5e 	bl	10004384 <__wrap___aeabi_i2d>
100034c8:	0002      	movs	r2, r0
100034ca:	000b      	movs	r3, r1
100034cc:	981e      	ldr	r0, [sp, #120]	; 0x78
100034ce:	991f      	ldr	r1, [sp, #124]	; 0x7c
100034d0:	f000 fec7 	bl	10004262 <__wrap___aeabi_dsub>
100034d4:	00fa      	lsls	r2, r7, #3
100034d6:	4b7a      	ldr	r3, [pc, #488]	; (100036c0 <_ftoa+0x34c>)
100034d8:	189b      	adds	r3, r3, r2
100034da:	681a      	ldr	r2, [r3, #0]
100034dc:	685b      	ldr	r3, [r3, #4]
100034de:	920a      	str	r2, [sp, #40]	; 0x28
100034e0:	930b      	str	r3, [sp, #44]	; 0x2c
100034e2:	f000 fee2 	bl	100042aa <__wrap___aeabi_dmul>
100034e6:	9008      	str	r0, [sp, #32]
100034e8:	9109      	str	r1, [sp, #36]	; 0x24
100034ea:	f000 ff87 	bl	100043fc <__wrap___aeabi_d2uiz>
100034ee:	0006      	movs	r6, r0
100034f0:	f000 ff44 	bl	1000437c <__wrap___aeabi_ui2d>
100034f4:	0002      	movs	r2, r0
100034f6:	000b      	movs	r3, r1
100034f8:	9808      	ldr	r0, [sp, #32]
100034fa:	9909      	ldr	r1, [sp, #36]	; 0x24
100034fc:	f000 feb1 	bl	10004262 <__wrap___aeabi_dsub>
10003500:	9008      	str	r0, [sp, #32]
10003502:	9109      	str	r1, [sp, #36]	; 0x24
10003504:	2200      	movs	r2, #0
10003506:	4b6f      	ldr	r3, [pc, #444]	; (100036c4 <_ftoa+0x350>)
10003508:	f000 ff24 	bl	10004354 <__wrap___aeabi_dcmpgt>
1000350c:	2800      	cmp	r0, #0
1000350e:	d02e      	beq.n	1000356e <_ftoa+0x1fa>
10003510:	3601      	adds	r6, #1
10003512:	0030      	movs	r0, r6
10003514:	f000 ff32 	bl	1000437c <__wrap___aeabi_ui2d>
10003518:	0002      	movs	r2, r0
1000351a:	000b      	movs	r3, r1
1000351c:	980a      	ldr	r0, [sp, #40]	; 0x28
1000351e:	990b      	ldr	r1, [sp, #44]	; 0x2c
10003520:	f000 ff08 	bl	10004334 <__wrap___aeabi_dcmple>
10003524:	2800      	cmp	r0, #0
10003526:	d001      	beq.n	1000352c <_ftoa+0x1b8>
10003528:	3501      	adds	r5, #1
1000352a:	2600      	movs	r6, #0
1000352c:	2f00      	cmp	r7, #0
1000352e:	d12c      	bne.n	1000358a <_ftoa+0x216>
10003530:	0028      	movs	r0, r5
10003532:	f000 ff27 	bl	10004384 <__wrap___aeabi_i2d>
10003536:	0002      	movs	r2, r0
10003538:	000b      	movs	r3, r1
1000353a:	981e      	ldr	r0, [sp, #120]	; 0x78
1000353c:	991f      	ldr	r1, [sp, #124]	; 0x7c
1000353e:	f000 fe90 	bl	10004262 <__wrap___aeabi_dsub>
10003542:	0006      	movs	r6, r0
10003544:	000f      	movs	r7, r1
10003546:	2200      	movs	r2, #0
10003548:	4b5e      	ldr	r3, [pc, #376]	; (100036c4 <_ftoa+0x350>)
1000354a:	f000 feed 	bl	10004328 <__wrap___aeabi_dcmplt>
1000354e:	2800      	cmp	r0, #0
10003550:	d146      	bne.n	100035e0 <_ftoa+0x26c>
10003552:	2200      	movs	r2, #0
10003554:	4b5b      	ldr	r3, [pc, #364]	; (100036c4 <_ftoa+0x350>)
10003556:	0030      	movs	r0, r6
10003558:	0039      	movs	r1, r7
1000355a:	f000 fefb 	bl	10004354 <__wrap___aeabi_dcmpgt>
1000355e:	2800      	cmp	r0, #0
10003560:	d13e      	bne.n	100035e0 <_ftoa+0x26c>
10003562:	07eb      	lsls	r3, r5, #31
10003564:	d53c      	bpl.n	100035e0 <_ftoa+0x26c>
10003566:	3501      	adds	r5, #1
10003568:	e03a      	b.n	100035e0 <_ftoa+0x26c>
1000356a:	2706      	movs	r7, #6
1000356c:	e746      	b.n	100033fc <_ftoa+0x88>
1000356e:	2200      	movs	r2, #0
10003570:	4b54      	ldr	r3, [pc, #336]	; (100036c4 <_ftoa+0x350>)
10003572:	9808      	ldr	r0, [sp, #32]
10003574:	9909      	ldr	r1, [sp, #36]	; 0x24
10003576:	f000 fed7 	bl	10004328 <__wrap___aeabi_dcmplt>
1000357a:	2800      	cmp	r0, #0
1000357c:	d1d6      	bne.n	1000352c <_ftoa+0x1b8>
1000357e:	2e00      	cmp	r6, #0
10003580:	d001      	beq.n	10003586 <_ftoa+0x212>
10003582:	07f3      	lsls	r3, r6, #31
10003584:	d5d2      	bpl.n	1000352c <_ftoa+0x1b8>
10003586:	3601      	adds	r6, #1
10003588:	e7d0      	b.n	1000352c <_ftoa+0x1b8>
1000358a:	46aa      	mov	sl, r5
1000358c:	2c1f      	cmp	r4, #31
1000358e:	d811      	bhi.n	100035b4 <_ftoa+0x240>
10003590:	3f01      	subs	r7, #1
10003592:	210a      	movs	r1, #10
10003594:	0030      	movs	r0, r6
10003596:	f000 fc29 	bl	10003dec <__wrap___aeabi_uidiv>
1000359a:	1c65      	adds	r5, r4, #1
1000359c:	3130      	adds	r1, #48	; 0x30
1000359e:	ab0c      	add	r3, sp, #48	; 0x30
100035a0:	5519      	strb	r1, [r3, r4]
100035a2:	210a      	movs	r1, #10
100035a4:	0030      	movs	r0, r6
100035a6:	f000 fc21 	bl	10003dec <__wrap___aeabi_uidiv>
100035aa:	2e09      	cmp	r6, #9
100035ac:	d90e      	bls.n	100035cc <_ftoa+0x258>
100035ae:	0006      	movs	r6, r0
100035b0:	002c      	movs	r4, r5
100035b2:	e7eb      	b.n	1000358c <_ftoa+0x218>
100035b4:	4655      	mov	r5, sl
100035b6:	2c1f      	cmp	r4, #31
100035b8:	d80c      	bhi.n	100035d4 <_ftoa+0x260>
100035ba:	1e7b      	subs	r3, r7, #1
100035bc:	2f00      	cmp	r7, #0
100035be:	d009      	beq.n	100035d4 <_ftoa+0x260>
100035c0:	aa0c      	add	r2, sp, #48	; 0x30
100035c2:	2130      	movs	r1, #48	; 0x30
100035c4:	5511      	strb	r1, [r2, r4]
100035c6:	001f      	movs	r7, r3
100035c8:	3401      	adds	r4, #1
100035ca:	e7f4      	b.n	100035b6 <_ftoa+0x242>
100035cc:	002b      	movs	r3, r5
100035ce:	4655      	mov	r5, sl
100035d0:	001c      	movs	r4, r3
100035d2:	e7f0      	b.n	100035b6 <_ftoa+0x242>
100035d4:	2c1f      	cmp	r4, #31
100035d6:	d803      	bhi.n	100035e0 <_ftoa+0x26c>
100035d8:	ab0c      	add	r3, sp, #48	; 0x30
100035da:	222e      	movs	r2, #46	; 0x2e
100035dc:	551a      	strb	r2, [r3, r4]
100035de:	3401      	adds	r4, #1
100035e0:	2c1f      	cmp	r4, #31
100035e2:	d810      	bhi.n	10003606 <_ftoa+0x292>
100035e4:	210a      	movs	r1, #10
100035e6:	0028      	movs	r0, r5
100035e8:	f000 fbd8 	bl	10003d9c <__wrap___aeabi_idiv>
100035ec:	1c66      	adds	r6, r4, #1
100035ee:	3130      	adds	r1, #48	; 0x30
100035f0:	ab0c      	add	r3, sp, #48	; 0x30
100035f2:	5519      	strb	r1, [r3, r4]
100035f4:	210a      	movs	r1, #10
100035f6:	0028      	movs	r0, r5
100035f8:	f000 fbd0 	bl	10003d9c <__wrap___aeabi_idiv>
100035fc:	1e05      	subs	r5, r0, #0
100035fe:	d001      	beq.n	10003604 <_ftoa+0x290>
10003600:	0034      	movs	r4, r6
10003602:	e7ed      	b.n	100035e0 <_ftoa+0x26c>
10003604:	0034      	movs	r4, r6
10003606:	2303      	movs	r3, #3
10003608:	9a22      	ldr	r2, [sp, #136]	; 0x88
1000360a:	4013      	ands	r3, r2
1000360c:	2b01      	cmp	r3, #1
1000360e:	d01c      	beq.n	1000364a <_ftoa+0x2d6>
10003610:	2c1f      	cmp	r4, #31
10003612:	d806      	bhi.n	10003622 <_ftoa+0x2ae>
10003614:	4643      	mov	r3, r8
10003616:	2b00      	cmp	r3, #0
10003618:	d032      	beq.n	10003680 <_ftoa+0x30c>
1000361a:	ab0c      	add	r3, sp, #48	; 0x30
1000361c:	222d      	movs	r2, #45	; 0x2d
1000361e:	551a      	strb	r2, [r3, r4]
10003620:	3401      	adds	r4, #1
10003622:	9b22      	ldr	r3, [sp, #136]	; 0x88
10003624:	9303      	str	r3, [sp, #12]
10003626:	9b21      	ldr	r3, [sp, #132]	; 0x84
10003628:	9302      	str	r3, [sp, #8]
1000362a:	9401      	str	r4, [sp, #4]
1000362c:	ab0c      	add	r3, sp, #48	; 0x30
1000362e:	9300      	str	r3, [sp, #0]
10003630:	464b      	mov	r3, r9
10003632:	465a      	mov	r2, fp
10003634:	9907      	ldr	r1, [sp, #28]
10003636:	9806      	ldr	r0, [sp, #24]
10003638:	f7ff fae2 	bl	10002c00 <_out_rev>
1000363c:	b015      	add	sp, #84	; 0x54
1000363e:	bcf0      	pop	{r4, r5, r6, r7}
10003640:	46bb      	mov	fp, r7
10003642:	46b2      	mov	sl, r6
10003644:	46a9      	mov	r9, r5
10003646:	46a0      	mov	r8, r4
10003648:	bdf0      	pop	{r4, r5, r6, r7, pc}
1000364a:	9b21      	ldr	r3, [sp, #132]	; 0x84
1000364c:	2b00      	cmp	r3, #0
1000364e:	d013      	beq.n	10003678 <_ftoa+0x304>
10003650:	4643      	mov	r3, r8
10003652:	2b00      	cmp	r3, #0
10003654:	d102      	bne.n	1000365c <_ftoa+0x2e8>
10003656:	330c      	adds	r3, #12
10003658:	4213      	tst	r3, r2
1000365a:	d00f      	beq.n	1000367c <_ftoa+0x308>
1000365c:	9b21      	ldr	r3, [sp, #132]	; 0x84
1000365e:	3b01      	subs	r3, #1
10003660:	9321      	str	r3, [sp, #132]	; 0x84
10003662:	0019      	movs	r1, r3
10003664:	e003      	b.n	1000366e <_ftoa+0x2fa>
10003666:	ab0c      	add	r3, sp, #48	; 0x30
10003668:	2230      	movs	r2, #48	; 0x30
1000366a:	551a      	strb	r2, [r3, r4]
1000366c:	3401      	adds	r4, #1
1000366e:	428c      	cmp	r4, r1
10003670:	d2ce      	bcs.n	10003610 <_ftoa+0x29c>
10003672:	2c1f      	cmp	r4, #31
10003674:	d9f7      	bls.n	10003666 <_ftoa+0x2f2>
10003676:	e7cb      	b.n	10003610 <_ftoa+0x29c>
10003678:	9921      	ldr	r1, [sp, #132]	; 0x84
1000367a:	e7f8      	b.n	1000366e <_ftoa+0x2fa>
1000367c:	9921      	ldr	r1, [sp, #132]	; 0x84
1000367e:	e7f6      	b.n	1000366e <_ftoa+0x2fa>
10003680:	9b22      	ldr	r3, [sp, #136]	; 0x88
10003682:	075b      	lsls	r3, r3, #29
10003684:	d504      	bpl.n	10003690 <_ftoa+0x31c>
10003686:	ab0c      	add	r3, sp, #48	; 0x30
10003688:	222b      	movs	r2, #43	; 0x2b
1000368a:	551a      	strb	r2, [r3, r4]
1000368c:	3401      	adds	r4, #1
1000368e:	e7c8      	b.n	10003622 <_ftoa+0x2ae>
10003690:	9b22      	ldr	r3, [sp, #136]	; 0x88
10003692:	071b      	lsls	r3, r3, #28
10003694:	d5c5      	bpl.n	10003622 <_ftoa+0x2ae>
10003696:	ab0c      	add	r3, sp, #48	; 0x30
10003698:	2220      	movs	r2, #32
1000369a:	551a      	strb	r2, [r3, r4]
1000369c:	3401      	adds	r4, #1
1000369e:	e7c0      	b.n	10003622 <_ftoa+0x2ae>
100036a0:	ffefffff 	.word	0xffefffff
100036a4:	7fefffff 	.word	0x7fefffff
100036a8:	41cdcd65 	.word	0x41cdcd65
100036ac:	c1cdcd65 	.word	0xc1cdcd65
100036b0:	10009d44 	.word	0x10009d44
100036b4:	10009d48 	.word	0x10009d48
100036b8:	10009d3c 	.word	0x10009d3c
100036bc:	10009d38 	.word	0x10009d38
100036c0:	10009f30 	.word	0x10009f30
100036c4:	3fe00000 	.word	0x3fe00000

100036c8 <_vsnprintf>:
100036c8:	b5f0      	push	{r4, r5, r6, r7, lr}
100036ca:	46de      	mov	lr, fp
100036cc:	4657      	mov	r7, sl
100036ce:	464e      	mov	r6, r9
100036d0:	4645      	mov	r5, r8
100036d2:	b5e0      	push	{r5, r6, r7, lr}
100036d4:	b093      	sub	sp, #76	; 0x4c
100036d6:	4682      	mov	sl, r0
100036d8:	468b      	mov	fp, r1
100036da:	4690      	mov	r8, r2
100036dc:	9311      	str	r3, [sp, #68]	; 0x44
100036de:	2900      	cmp	r1, #0
100036e0:	d100      	bne.n	100036e4 <_vsnprintf+0x1c>
100036e2:	e2eb      	b.n	10003cbc <_vsnprintf+0x5f4>
100036e4:	2700      	movs	r7, #0
100036e6:	4655      	mov	r5, sl
100036e8:	9b11      	ldr	r3, [sp, #68]	; 0x44
100036ea:	7818      	ldrb	r0, [r3, #0]
100036ec:	2800      	cmp	r0, #0
100036ee:	d100      	bne.n	100036f2 <_vsnprintf+0x2a>
100036f0:	e2e7      	b.n	10003cc2 <_vsnprintf+0x5fa>
100036f2:	2825      	cmp	r0, #37	; 0x25
100036f4:	d009      	beq.n	1000370a <_vsnprintf+0x42>
100036f6:	1c7c      	adds	r4, r7, #1
100036f8:	4643      	mov	r3, r8
100036fa:	003a      	movs	r2, r7
100036fc:	4659      	mov	r1, fp
100036fe:	47a8      	blx	r5
10003700:	9b11      	ldr	r3, [sp, #68]	; 0x44
10003702:	3301      	adds	r3, #1
10003704:	9311      	str	r3, [sp, #68]	; 0x44
10003706:	0027      	movs	r7, r4
10003708:	e7ee      	b.n	100036e8 <_vsnprintf+0x20>
1000370a:	3301      	adds	r3, #1
1000370c:	9311      	str	r3, [sp, #68]	; 0x44
1000370e:	2400      	movs	r4, #0
10003710:	9a11      	ldr	r2, [sp, #68]	; 0x44
10003712:	7811      	ldrb	r1, [r2, #0]
10003714:	000b      	movs	r3, r1
10003716:	3b20      	subs	r3, #32
10003718:	b2d8      	uxtb	r0, r3
1000371a:	2810      	cmp	r0, #16
1000371c:	d803      	bhi.n	10003726 <_vsnprintf+0x5e>
1000371e:	0083      	lsls	r3, r0, #2
10003720:	48d0      	ldr	r0, [pc, #832]	; (10003a64 <_vsnprintf+0x39c>)
10003722:	58c3      	ldr	r3, [r0, r3]
10003724:	469f      	mov	pc, r3
10003726:	000b      	movs	r3, r1
10003728:	3b30      	subs	r3, #48	; 0x30
1000372a:	b2db      	uxtb	r3, r3
1000372c:	2b09      	cmp	r3, #9
1000372e:	d92c      	bls.n	1000378a <_vsnprintf+0xc2>
10003730:	292a      	cmp	r1, #42	; 0x2a
10003732:	d02f      	beq.n	10003794 <_vsnprintf+0xcc>
10003734:	2300      	movs	r3, #0
10003736:	930a      	str	r3, [sp, #40]	; 0x28
10003738:	9b11      	ldr	r3, [sp, #68]	; 0x44
1000373a:	781a      	ldrb	r2, [r3, #0]
1000373c:	2a2e      	cmp	r2, #46	; 0x2e
1000373e:	d039      	beq.n	100037b4 <_vsnprintf+0xec>
10003740:	2300      	movs	r3, #0
10003742:	469a      	mov	sl, r3
10003744:	9a11      	ldr	r2, [sp, #68]	; 0x44
10003746:	7813      	ldrb	r3, [r2, #0]
10003748:	3b68      	subs	r3, #104	; 0x68
1000374a:	b2d9      	uxtb	r1, r3
1000374c:	2912      	cmp	r1, #18
1000374e:	d876      	bhi.n	1000383e <_vsnprintf+0x176>
10003750:	008b      	lsls	r3, r1, #2
10003752:	49c5      	ldr	r1, [pc, #788]	; (10003a68 <_vsnprintf+0x3a0>)
10003754:	58cb      	ldr	r3, [r1, r3]
10003756:	469f      	mov	pc, r3
10003758:	2301      	movs	r3, #1
1000375a:	431c      	orrs	r4, r3
1000375c:	3201      	adds	r2, #1
1000375e:	9211      	str	r2, [sp, #68]	; 0x44
10003760:	e7d6      	b.n	10003710 <_vsnprintf+0x48>
10003762:	2302      	movs	r3, #2
10003764:	431c      	orrs	r4, r3
10003766:	3201      	adds	r2, #1
10003768:	9211      	str	r2, [sp, #68]	; 0x44
1000376a:	e7d1      	b.n	10003710 <_vsnprintf+0x48>
1000376c:	2304      	movs	r3, #4
1000376e:	431c      	orrs	r4, r3
10003770:	3201      	adds	r2, #1
10003772:	9211      	str	r2, [sp, #68]	; 0x44
10003774:	e7cc      	b.n	10003710 <_vsnprintf+0x48>
10003776:	2308      	movs	r3, #8
10003778:	431c      	orrs	r4, r3
1000377a:	3201      	adds	r2, #1
1000377c:	9211      	str	r2, [sp, #68]	; 0x44
1000377e:	e7c7      	b.n	10003710 <_vsnprintf+0x48>
10003780:	2310      	movs	r3, #16
10003782:	431c      	orrs	r4, r3
10003784:	3201      	adds	r2, #1
10003786:	9211      	str	r2, [sp, #68]	; 0x44
10003788:	e7c2      	b.n	10003710 <_vsnprintf+0x48>
1000378a:	a811      	add	r0, sp, #68	; 0x44
1000378c:	f7ff fa26 	bl	10002bdc <_atoi>
10003790:	900a      	str	r0, [sp, #40]	; 0x28
10003792:	e7d1      	b.n	10003738 <_vsnprintf+0x70>
10003794:	9b1c      	ldr	r3, [sp, #112]	; 0x70
10003796:	1d1a      	adds	r2, r3, #4
10003798:	921c      	str	r2, [sp, #112]	; 0x70
1000379a:	6818      	ldr	r0, [r3, #0]
1000379c:	2800      	cmp	r0, #0
1000379e:	db04      	blt.n	100037aa <_vsnprintf+0xe2>
100037a0:	900a      	str	r0, [sp, #40]	; 0x28
100037a2:	9b11      	ldr	r3, [sp, #68]	; 0x44
100037a4:	3301      	adds	r3, #1
100037a6:	9311      	str	r3, [sp, #68]	; 0x44
100037a8:	e7c6      	b.n	10003738 <_vsnprintf+0x70>
100037aa:	2302      	movs	r3, #2
100037ac:	431c      	orrs	r4, r3
100037ae:	4243      	negs	r3, r0
100037b0:	930a      	str	r3, [sp, #40]	; 0x28
100037b2:	e7f6      	b.n	100037a2 <_vsnprintf+0xda>
100037b4:	2280      	movs	r2, #128	; 0x80
100037b6:	00d2      	lsls	r2, r2, #3
100037b8:	4314      	orrs	r4, r2
100037ba:	1c5a      	adds	r2, r3, #1
100037bc:	9211      	str	r2, [sp, #68]	; 0x44
100037be:	785a      	ldrb	r2, [r3, #1]
100037c0:	0013      	movs	r3, r2
100037c2:	3b30      	subs	r3, #48	; 0x30
100037c4:	b2db      	uxtb	r3, r3
100037c6:	2b09      	cmp	r3, #9
100037c8:	d904      	bls.n	100037d4 <_vsnprintf+0x10c>
100037ca:	2a2a      	cmp	r2, #42	; 0x2a
100037cc:	d007      	beq.n	100037de <_vsnprintf+0x116>
100037ce:	2300      	movs	r3, #0
100037d0:	469a      	mov	sl, r3
100037d2:	e7b7      	b.n	10003744 <_vsnprintf+0x7c>
100037d4:	a811      	add	r0, sp, #68	; 0x44
100037d6:	f7ff fa01 	bl	10002bdc <_atoi>
100037da:	4682      	mov	sl, r0
100037dc:	e7b2      	b.n	10003744 <_vsnprintf+0x7c>
100037de:	9b1c      	ldr	r3, [sp, #112]	; 0x70
100037e0:	1d1a      	adds	r2, r3, #4
100037e2:	921c      	str	r2, [sp, #112]	; 0x70
100037e4:	6818      	ldr	r0, [r3, #0]
100037e6:	2800      	cmp	r0, #0
100037e8:	db04      	blt.n	100037f4 <_vsnprintf+0x12c>
100037ea:	4682      	mov	sl, r0
100037ec:	9b11      	ldr	r3, [sp, #68]	; 0x44
100037ee:	3301      	adds	r3, #1
100037f0:	9311      	str	r3, [sp, #68]	; 0x44
100037f2:	e7a7      	b.n	10003744 <_vsnprintf+0x7c>
100037f4:	2000      	movs	r0, #0
100037f6:	e7f8      	b.n	100037ea <_vsnprintf+0x122>
100037f8:	2380      	movs	r3, #128	; 0x80
100037fa:	005b      	lsls	r3, r3, #1
100037fc:	4323      	orrs	r3, r4
100037fe:	1c51      	adds	r1, r2, #1
10003800:	9111      	str	r1, [sp, #68]	; 0x44
10003802:	7852      	ldrb	r2, [r2, #1]
10003804:	2a6c      	cmp	r2, #108	; 0x6c
10003806:	d001      	beq.n	1000380c <_vsnprintf+0x144>
10003808:	001c      	movs	r4, r3
1000380a:	e018      	b.n	1000383e <_vsnprintf+0x176>
1000380c:	23c0      	movs	r3, #192	; 0xc0
1000380e:	009b      	lsls	r3, r3, #2
10003810:	431c      	orrs	r4, r3
10003812:	3101      	adds	r1, #1
10003814:	9111      	str	r1, [sp, #68]	; 0x44
10003816:	e012      	b.n	1000383e <_vsnprintf+0x176>
10003818:	2380      	movs	r3, #128	; 0x80
1000381a:	4323      	orrs	r3, r4
1000381c:	1c51      	adds	r1, r2, #1
1000381e:	9111      	str	r1, [sp, #68]	; 0x44
10003820:	7852      	ldrb	r2, [r2, #1]
10003822:	2a68      	cmp	r2, #104	; 0x68
10003824:	d001      	beq.n	1000382a <_vsnprintf+0x162>
10003826:	001c      	movs	r4, r3
10003828:	e009      	b.n	1000383e <_vsnprintf+0x176>
1000382a:	23c0      	movs	r3, #192	; 0xc0
1000382c:	431c      	orrs	r4, r3
1000382e:	3101      	adds	r1, #1
10003830:	9111      	str	r1, [sp, #68]	; 0x44
10003832:	e004      	b.n	1000383e <_vsnprintf+0x176>
10003834:	2380      	movs	r3, #128	; 0x80
10003836:	005b      	lsls	r3, r3, #1
10003838:	431c      	orrs	r4, r3
1000383a:	3201      	adds	r2, #1
1000383c:	9211      	str	r2, [sp, #68]	; 0x44
1000383e:	9b11      	ldr	r3, [sp, #68]	; 0x44
10003840:	7818      	ldrb	r0, [r3, #0]
10003842:	0003      	movs	r3, r0
10003844:	3b25      	subs	r3, #37	; 0x25
10003846:	b2da      	uxtb	r2, r3
10003848:	2a53      	cmp	r2, #83	; 0x53
1000384a:	d900      	bls.n	1000384e <_vsnprintf+0x186>
1000384c:	e22c      	b.n	10003ca8 <_vsnprintf+0x5e0>
1000384e:	0093      	lsls	r3, r2, #2
10003850:	4a86      	ldr	r2, [pc, #536]	; (10003a6c <_vsnprintf+0x3a4>)
10003852:	58d3      	ldr	r3, [r2, r3]
10003854:	469f      	mov	pc, r3
10003856:	2380      	movs	r3, #128	; 0x80
10003858:	009b      	lsls	r3, r3, #2
1000385a:	431c      	orrs	r4, r3
1000385c:	3201      	adds	r2, #1
1000385e:	9211      	str	r2, [sp, #68]	; 0x44
10003860:	e7ed      	b.n	1000383e <_vsnprintf+0x176>
10003862:	2380      	movs	r3, #128	; 0x80
10003864:	005b      	lsls	r3, r3, #1
10003866:	431c      	orrs	r4, r3
10003868:	3201      	adds	r2, #1
1000386a:	9211      	str	r2, [sp, #68]	; 0x44
1000386c:	e7e7      	b.n	1000383e <_vsnprintf+0x176>
1000386e:	2878      	cmp	r0, #120	; 0x78
10003870:	d009      	beq.n	10003886 <_vsnprintf+0x1be>
10003872:	2858      	cmp	r0, #88	; 0x58
10003874:	d038      	beq.n	100038e8 <_vsnprintf+0x220>
10003876:	286f      	cmp	r0, #111	; 0x6f
10003878:	d038      	beq.n	100038ec <_vsnprintf+0x224>
1000387a:	2862      	cmp	r0, #98	; 0x62
1000387c:	d038      	beq.n	100038f0 <_vsnprintf+0x228>
1000387e:	2310      	movs	r3, #16
10003880:	439c      	bics	r4, r3
10003882:	260a      	movs	r6, #10
10003884:	e000      	b.n	10003888 <_vsnprintf+0x1c0>
10003886:	2610      	movs	r6, #16
10003888:	2858      	cmp	r0, #88	; 0x58
1000388a:	d033      	beq.n	100038f4 <_vsnprintf+0x22c>
1000388c:	2869      	cmp	r0, #105	; 0x69
1000388e:	d003      	beq.n	10003898 <_vsnprintf+0x1d0>
10003890:	2864      	cmp	r0, #100	; 0x64
10003892:	d001      	beq.n	10003898 <_vsnprintf+0x1d0>
10003894:	220c      	movs	r2, #12
10003896:	4394      	bics	r4, r2
10003898:	0563      	lsls	r3, r4, #21
1000389a:	d501      	bpl.n	100038a0 <_vsnprintf+0x1d8>
1000389c:	2201      	movs	r2, #1
1000389e:	4394      	bics	r4, r2
100038a0:	2869      	cmp	r0, #105	; 0x69
100038a2:	d02a      	beq.n	100038fa <_vsnprintf+0x232>
100038a4:	2864      	cmp	r0, #100	; 0x64
100038a6:	d028      	beq.n	100038fa <_vsnprintf+0x232>
100038a8:	05a3      	lsls	r3, r4, #22
100038aa:	d500      	bpl.n	100038ae <_vsnprintf+0x1e6>
100038ac:	e09f      	b.n	100039ee <_vsnprintf+0x326>
100038ae:	05e3      	lsls	r3, r4, #23
100038b0:	d500      	bpl.n	100038b4 <_vsnprintf+0x1ec>
100038b2:	e0b8      	b.n	10003a26 <_vsnprintf+0x35e>
100038b4:	0663      	lsls	r3, r4, #25
100038b6:	d400      	bmi.n	100038ba <_vsnprintf+0x1f2>
100038b8:	e0ca      	b.n	10003a50 <_vsnprintf+0x388>
100038ba:	9a1c      	ldr	r2, [sp, #112]	; 0x70
100038bc:	1d11      	adds	r1, r2, #4
100038be:	911c      	str	r1, [sp, #112]	; 0x70
100038c0:	6811      	ldr	r1, [r2, #0]
100038c2:	22ff      	movs	r2, #255	; 0xff
100038c4:	400a      	ands	r2, r1
100038c6:	9405      	str	r4, [sp, #20]
100038c8:	9b0a      	ldr	r3, [sp, #40]	; 0x28
100038ca:	9304      	str	r3, [sp, #16]
100038cc:	4653      	mov	r3, sl
100038ce:	9303      	str	r3, [sp, #12]
100038d0:	9602      	str	r6, [sp, #8]
100038d2:	2300      	movs	r3, #0
100038d4:	9301      	str	r3, [sp, #4]
100038d6:	9200      	str	r2, [sp, #0]
100038d8:	4643      	mov	r3, r8
100038da:	003a      	movs	r2, r7
100038dc:	4659      	mov	r1, fp
100038de:	0028      	movs	r0, r5
100038e0:	f7ff fa6e 	bl	10002dc0 <_ntoa_long>
100038e4:	0007      	movs	r7, r0
100038e6:	e027      	b.n	10003938 <_vsnprintf+0x270>
100038e8:	2610      	movs	r6, #16
100038ea:	e7cd      	b.n	10003888 <_vsnprintf+0x1c0>
100038ec:	2608      	movs	r6, #8
100038ee:	e7cb      	b.n	10003888 <_vsnprintf+0x1c0>
100038f0:	2602      	movs	r6, #2
100038f2:	e7c9      	b.n	10003888 <_vsnprintf+0x1c0>
100038f4:	2220      	movs	r2, #32
100038f6:	4314      	orrs	r4, r2
100038f8:	e7c8      	b.n	1000388c <_vsnprintf+0x1c4>
100038fa:	05a3      	lsls	r3, r4, #22
100038fc:	d420      	bmi.n	10003940 <_vsnprintf+0x278>
100038fe:	05e3      	lsls	r3, r4, #23
10003900:	d450      	bmi.n	100039a4 <_vsnprintf+0x2dc>
10003902:	0663      	lsls	r3, r4, #25
10003904:	d566      	bpl.n	100039d4 <_vsnprintf+0x30c>
10003906:	9a1c      	ldr	r2, [sp, #112]	; 0x70
10003908:	1d11      	adds	r1, r2, #4
1000390a:	911c      	str	r1, [sp, #112]	; 0x70
1000390c:	6811      	ldr	r1, [r2, #0]
1000390e:	22ff      	movs	r2, #255	; 0xff
10003910:	400a      	ands	r2, r1
10003912:	17d3      	asrs	r3, r2, #31
10003914:	18d1      	adds	r1, r2, r3
10003916:	4059      	eors	r1, r3
10003918:	9405      	str	r4, [sp, #20]
1000391a:	9b0a      	ldr	r3, [sp, #40]	; 0x28
1000391c:	9304      	str	r3, [sp, #16]
1000391e:	4653      	mov	r3, sl
10003920:	9303      	str	r3, [sp, #12]
10003922:	9602      	str	r6, [sp, #8]
10003924:	0fd2      	lsrs	r2, r2, #31
10003926:	9201      	str	r2, [sp, #4]
10003928:	9100      	str	r1, [sp, #0]
1000392a:	4643      	mov	r3, r8
1000392c:	003a      	movs	r2, r7
1000392e:	4659      	mov	r1, fp
10003930:	0028      	movs	r0, r5
10003932:	f7ff fa45 	bl	10002dc0 <_ntoa_long>
10003936:	0007      	movs	r7, r0
10003938:	9b11      	ldr	r3, [sp, #68]	; 0x44
1000393a:	3301      	adds	r3, #1
1000393c:	9311      	str	r3, [sp, #68]	; 0x44
1000393e:	e6d3      	b.n	100036e8 <_vsnprintf+0x20>
10003940:	9b1c      	ldr	r3, [sp, #112]	; 0x70
10003942:	1dda      	adds	r2, r3, #7
10003944:	2107      	movs	r1, #7
10003946:	438a      	bics	r2, r1
10003948:	0011      	movs	r1, r2
1000394a:	3108      	adds	r1, #8
1000394c:	911c      	str	r1, [sp, #112]	; 0x70
1000394e:	6811      	ldr	r1, [r2, #0]
10003950:	6853      	ldr	r3, [r2, #4]
10003952:	469c      	mov	ip, r3
10003954:	17db      	asrs	r3, r3, #31
10003956:	930c      	str	r3, [sp, #48]	; 0x30
10003958:	930d      	str	r3, [sp, #52]	; 0x34
1000395a:	9a0c      	ldr	r2, [sp, #48]	; 0x30
1000395c:	9b0d      	ldr	r3, [sp, #52]	; 0x34
1000395e:	0010      	movs	r0, r2
10003960:	4048      	eors	r0, r1
10003962:	900e      	str	r0, [sp, #56]	; 0x38
10003964:	4662      	mov	r2, ip
10003966:	4053      	eors	r3, r2
10003968:	930f      	str	r3, [sp, #60]	; 0x3c
1000396a:	980e      	ldr	r0, [sp, #56]	; 0x38
1000396c:	990f      	ldr	r1, [sp, #60]	; 0x3c
1000396e:	9a0c      	ldr	r2, [sp, #48]	; 0x30
10003970:	9b0d      	ldr	r3, [sp, #52]	; 0x34
10003972:	1a80      	subs	r0, r0, r2
10003974:	4199      	sbcs	r1, r3
10003976:	900e      	str	r0, [sp, #56]	; 0x38
10003978:	910f      	str	r1, [sp, #60]	; 0x3c
1000397a:	9408      	str	r4, [sp, #32]
1000397c:	9b0a      	ldr	r3, [sp, #40]	; 0x28
1000397e:	9307      	str	r3, [sp, #28]
10003980:	4653      	mov	r3, sl
10003982:	9306      	str	r3, [sp, #24]
10003984:	9604      	str	r6, [sp, #16]
10003986:	2300      	movs	r3, #0
10003988:	9305      	str	r3, [sp, #20]
1000398a:	4663      	mov	r3, ip
1000398c:	0fda      	lsrs	r2, r3, #31
1000398e:	9202      	str	r2, [sp, #8]
10003990:	9000      	str	r0, [sp, #0]
10003992:	9101      	str	r1, [sp, #4]
10003994:	4643      	mov	r3, r8
10003996:	003a      	movs	r2, r7
10003998:	4659      	mov	r1, fp
1000399a:	0028      	movs	r0, r5
1000399c:	f7ff fa6e 	bl	10002e7c <_ntoa_long_long>
100039a0:	0007      	movs	r7, r0
100039a2:	e7c9      	b.n	10003938 <_vsnprintf+0x270>
100039a4:	9a1c      	ldr	r2, [sp, #112]	; 0x70
100039a6:	1d11      	adds	r1, r2, #4
100039a8:	911c      	str	r1, [sp, #112]	; 0x70
100039aa:	6812      	ldr	r2, [r2, #0]
100039ac:	17d3      	asrs	r3, r2, #31
100039ae:	18d1      	adds	r1, r2, r3
100039b0:	4059      	eors	r1, r3
100039b2:	9405      	str	r4, [sp, #20]
100039b4:	9b0a      	ldr	r3, [sp, #40]	; 0x28
100039b6:	9304      	str	r3, [sp, #16]
100039b8:	4653      	mov	r3, sl
100039ba:	9303      	str	r3, [sp, #12]
100039bc:	9602      	str	r6, [sp, #8]
100039be:	0fd2      	lsrs	r2, r2, #31
100039c0:	9201      	str	r2, [sp, #4]
100039c2:	9100      	str	r1, [sp, #0]
100039c4:	4643      	mov	r3, r8
100039c6:	003a      	movs	r2, r7
100039c8:	4659      	mov	r1, fp
100039ca:	0028      	movs	r0, r5
100039cc:	f7ff f9f8 	bl	10002dc0 <_ntoa_long>
100039d0:	0007      	movs	r7, r0
100039d2:	e7b1      	b.n	10003938 <_vsnprintf+0x270>
100039d4:	0623      	lsls	r3, r4, #24
100039d6:	d505      	bpl.n	100039e4 <_vsnprintf+0x31c>
100039d8:	9a1c      	ldr	r2, [sp, #112]	; 0x70
100039da:	1d11      	adds	r1, r2, #4
100039dc:	911c      	str	r1, [sp, #112]	; 0x70
100039de:	2300      	movs	r3, #0
100039e0:	5ed2      	ldrsh	r2, [r2, r3]
100039e2:	e796      	b.n	10003912 <_vsnprintf+0x24a>
100039e4:	9a1c      	ldr	r2, [sp, #112]	; 0x70
100039e6:	1d11      	adds	r1, r2, #4
100039e8:	911c      	str	r1, [sp, #112]	; 0x70
100039ea:	6812      	ldr	r2, [r2, #0]
100039ec:	e791      	b.n	10003912 <_vsnprintf+0x24a>
100039ee:	9b1c      	ldr	r3, [sp, #112]	; 0x70
100039f0:	1dda      	adds	r2, r3, #7
100039f2:	2107      	movs	r1, #7
100039f4:	438a      	bics	r2, r1
100039f6:	0011      	movs	r1, r2
100039f8:	3108      	adds	r1, #8
100039fa:	911c      	str	r1, [sp, #112]	; 0x70
100039fc:	9408      	str	r4, [sp, #32]
100039fe:	9b0a      	ldr	r3, [sp, #40]	; 0x28
10003a00:	9307      	str	r3, [sp, #28]
10003a02:	4653      	mov	r3, sl
10003a04:	9306      	str	r3, [sp, #24]
10003a06:	9604      	str	r6, [sp, #16]
10003a08:	2300      	movs	r3, #0
10003a0a:	9305      	str	r3, [sp, #20]
10003a0c:	9302      	str	r3, [sp, #8]
10003a0e:	6813      	ldr	r3, [r2, #0]
10003a10:	6854      	ldr	r4, [r2, #4]
10003a12:	9300      	str	r3, [sp, #0]
10003a14:	9401      	str	r4, [sp, #4]
10003a16:	4643      	mov	r3, r8
10003a18:	003a      	movs	r2, r7
10003a1a:	4659      	mov	r1, fp
10003a1c:	0028      	movs	r0, r5
10003a1e:	f7ff fa2d 	bl	10002e7c <_ntoa_long_long>
10003a22:	0007      	movs	r7, r0
10003a24:	e788      	b.n	10003938 <_vsnprintf+0x270>
10003a26:	9a1c      	ldr	r2, [sp, #112]	; 0x70
10003a28:	1d11      	adds	r1, r2, #4
10003a2a:	911c      	str	r1, [sp, #112]	; 0x70
10003a2c:	9405      	str	r4, [sp, #20]
10003a2e:	9b0a      	ldr	r3, [sp, #40]	; 0x28
10003a30:	9304      	str	r3, [sp, #16]
10003a32:	4653      	mov	r3, sl
10003a34:	9303      	str	r3, [sp, #12]
10003a36:	9602      	str	r6, [sp, #8]
10003a38:	2300      	movs	r3, #0
10003a3a:	9301      	str	r3, [sp, #4]
10003a3c:	6813      	ldr	r3, [r2, #0]
10003a3e:	9300      	str	r3, [sp, #0]
10003a40:	4643      	mov	r3, r8
10003a42:	003a      	movs	r2, r7
10003a44:	4659      	mov	r1, fp
10003a46:	0028      	movs	r0, r5
10003a48:	f7ff f9ba 	bl	10002dc0 <_ntoa_long>
10003a4c:	0007      	movs	r7, r0
10003a4e:	e773      	b.n	10003938 <_vsnprintf+0x270>
10003a50:	0623      	lsls	r3, r4, #24
10003a52:	d50d      	bpl.n	10003a70 <_vsnprintf+0x3a8>
10003a54:	9a1c      	ldr	r2, [sp, #112]	; 0x70
10003a56:	1d11      	adds	r1, r2, #4
10003a58:	911c      	str	r1, [sp, #112]	; 0x70
10003a5a:	6812      	ldr	r2, [r2, #0]
10003a5c:	0412      	lsls	r2, r2, #16
10003a5e:	0c12      	lsrs	r2, r2, #16
10003a60:	e731      	b.n	100038c6 <_vsnprintf+0x1fe>
10003a62:	46c0      	nop			; (mov r8, r8)
10003a64:	10009d50 	.word	0x10009d50
10003a68:	10009d94 	.word	0x10009d94
10003a6c:	10009de0 	.word	0x10009de0
10003a70:	9a1c      	ldr	r2, [sp, #112]	; 0x70
10003a72:	1d11      	adds	r1, r2, #4
10003a74:	911c      	str	r1, [sp, #112]	; 0x70
10003a76:	6812      	ldr	r2, [r2, #0]
10003a78:	e725      	b.n	100038c6 <_vsnprintf+0x1fe>
10003a7a:	2846      	cmp	r0, #70	; 0x46
10003a7c:	d01a      	beq.n	10003ab4 <_vsnprintf+0x3ec>
10003a7e:	9b1c      	ldr	r3, [sp, #112]	; 0x70
10003a80:	3307      	adds	r3, #7
10003a82:	2207      	movs	r2, #7
10003a84:	4393      	bics	r3, r2
10003a86:	001a      	movs	r2, r3
10003a88:	3208      	adds	r2, #8
10003a8a:	921c      	str	r2, [sp, #112]	; 0x70
10003a8c:	9404      	str	r4, [sp, #16]
10003a8e:	9a0a      	ldr	r2, [sp, #40]	; 0x28
10003a90:	9203      	str	r2, [sp, #12]
10003a92:	4652      	mov	r2, sl
10003a94:	9202      	str	r2, [sp, #8]
10003a96:	685c      	ldr	r4, [r3, #4]
10003a98:	681b      	ldr	r3, [r3, #0]
10003a9a:	9300      	str	r3, [sp, #0]
10003a9c:	9401      	str	r4, [sp, #4]
10003a9e:	4643      	mov	r3, r8
10003aa0:	003a      	movs	r2, r7
10003aa2:	4659      	mov	r1, fp
10003aa4:	0028      	movs	r0, r5
10003aa6:	f7ff fc65 	bl	10003374 <_ftoa>
10003aaa:	0007      	movs	r7, r0
10003aac:	9b11      	ldr	r3, [sp, #68]	; 0x44
10003aae:	3301      	adds	r3, #1
10003ab0:	9311      	str	r3, [sp, #68]	; 0x44
10003ab2:	e619      	b.n	100036e8 <_vsnprintf+0x20>
10003ab4:	2320      	movs	r3, #32
10003ab6:	431c      	orrs	r4, r3
10003ab8:	e7e1      	b.n	10003a7e <_vsnprintf+0x3b6>
10003aba:	2867      	cmp	r0, #103	; 0x67
10003abc:	d001      	beq.n	10003ac2 <_vsnprintf+0x3fa>
10003abe:	2847      	cmp	r0, #71	; 0x47
10003ac0:	d102      	bne.n	10003ac8 <_vsnprintf+0x400>
10003ac2:	2380      	movs	r3, #128	; 0x80
10003ac4:	011b      	lsls	r3, r3, #4
10003ac6:	431c      	orrs	r4, r3
10003ac8:	2845      	cmp	r0, #69	; 0x45
10003aca:	d001      	beq.n	10003ad0 <_vsnprintf+0x408>
10003acc:	2847      	cmp	r0, #71	; 0x47
10003ace:	d101      	bne.n	10003ad4 <_vsnprintf+0x40c>
10003ad0:	2320      	movs	r3, #32
10003ad2:	431c      	orrs	r4, r3
10003ad4:	9b1c      	ldr	r3, [sp, #112]	; 0x70
10003ad6:	3307      	adds	r3, #7
10003ad8:	2207      	movs	r2, #7
10003ada:	4393      	bics	r3, r2
10003adc:	001a      	movs	r2, r3
10003ade:	3208      	adds	r2, #8
10003ae0:	921c      	str	r2, [sp, #112]	; 0x70
10003ae2:	9404      	str	r4, [sp, #16]
10003ae4:	9a0a      	ldr	r2, [sp, #40]	; 0x28
10003ae6:	9203      	str	r2, [sp, #12]
10003ae8:	4652      	mov	r2, sl
10003aea:	9202      	str	r2, [sp, #8]
10003aec:	685c      	ldr	r4, [r3, #4]
10003aee:	681b      	ldr	r3, [r3, #0]
10003af0:	9300      	str	r3, [sp, #0]
10003af2:	9401      	str	r4, [sp, #4]
10003af4:	4643      	mov	r3, r8
10003af6:	003a      	movs	r2, r7
10003af8:	4659      	mov	r1, fp
10003afa:	0028      	movs	r0, r5
10003afc:	f7ff fa30 	bl	10002f60 <_etoa>
10003b00:	0007      	movs	r7, r0
10003b02:	9b11      	ldr	r3, [sp, #68]	; 0x44
10003b04:	3301      	adds	r3, #1
10003b06:	9311      	str	r3, [sp, #68]	; 0x44
10003b08:	e5ee      	b.n	100036e8 <_vsnprintf+0x20>
10003b0a:	2302      	movs	r3, #2
10003b0c:	001a      	movs	r2, r3
10003b0e:	4022      	ands	r2, r4
10003b10:	4692      	mov	sl, r2
10003b12:	4223      	tst	r3, r4
10003b14:	d01f      	beq.n	10003b56 <_vsnprintf+0x48e>
10003b16:	2401      	movs	r4, #1
10003b18:	9b1c      	ldr	r3, [sp, #112]	; 0x70
10003b1a:	1d1a      	adds	r2, r3, #4
10003b1c:	921c      	str	r2, [sp, #112]	; 0x70
10003b1e:	1c7a      	adds	r2, r7, #1
10003b20:	4691      	mov	r9, r2
10003b22:	7818      	ldrb	r0, [r3, #0]
10003b24:	4643      	mov	r3, r8
10003b26:	003a      	movs	r2, r7
10003b28:	4659      	mov	r1, fp
10003b2a:	47a8      	blx	r5
10003b2c:	4653      	mov	r3, sl
10003b2e:	2b00      	cmp	r3, #0
10003b30:	d116      	bne.n	10003b60 <_vsnprintf+0x498>
10003b32:	9b11      	ldr	r3, [sp, #68]	; 0x44
10003b34:	3301      	adds	r3, #1
10003b36:	9311      	str	r3, [sp, #68]	; 0x44
10003b38:	464f      	mov	r7, r9
10003b3a:	e5d5      	b.n	100036e8 <_vsnprintf+0x20>
10003b3c:	1c56      	adds	r6, r2, #1
10003b3e:	4643      	mov	r3, r8
10003b40:	4659      	mov	r1, fp
10003b42:	2020      	movs	r0, #32
10003b44:	47b8      	blx	r7
10003b46:	0023      	movs	r3, r4
10003b48:	0032      	movs	r2, r6
10003b4a:	1c5c      	adds	r4, r3, #1
10003b4c:	429d      	cmp	r5, r3
10003b4e:	d8f5      	bhi.n	10003b3c <_vsnprintf+0x474>
10003b50:	003d      	movs	r5, r7
10003b52:	0017      	movs	r7, r2
10003b54:	e7e0      	b.n	10003b18 <_vsnprintf+0x450>
10003b56:	2301      	movs	r3, #1
10003b58:	003a      	movs	r2, r7
10003b5a:	002f      	movs	r7, r5
10003b5c:	9d0a      	ldr	r5, [sp, #40]	; 0x28
10003b5e:	e7f4      	b.n	10003b4a <_vsnprintf+0x482>
10003b60:	464a      	mov	r2, r9
10003b62:	46a9      	mov	r9, r5
10003b64:	9d0a      	ldr	r5, [sp, #40]	; 0x28
10003b66:	e006      	b.n	10003b76 <_vsnprintf+0x4ae>
10003b68:	1c57      	adds	r7, r2, #1
10003b6a:	4643      	mov	r3, r8
10003b6c:	4659      	mov	r1, fp
10003b6e:	2020      	movs	r0, #32
10003b70:	47c8      	blx	r9
10003b72:	0034      	movs	r4, r6
10003b74:	003a      	movs	r2, r7
10003b76:	1c66      	adds	r6, r4, #1
10003b78:	42a5      	cmp	r5, r4
10003b7a:	d8f5      	bhi.n	10003b68 <_vsnprintf+0x4a0>
10003b7c:	464d      	mov	r5, r9
10003b7e:	4691      	mov	r9, r2
10003b80:	e7d7      	b.n	10003b32 <_vsnprintf+0x46a>
10003b82:	9b1c      	ldr	r3, [sp, #112]	; 0x70
10003b84:	1d1a      	adds	r2, r3, #4
10003b86:	921c      	str	r2, [sp, #112]	; 0x70
10003b88:	681b      	ldr	r3, [r3, #0]
10003b8a:	4699      	mov	r9, r3
10003b8c:	4653      	mov	r3, sl
10003b8e:	2b00      	cmp	r3, #0
10003b90:	d100      	bne.n	10003b94 <_vsnprintf+0x4cc>
10003b92:	3b01      	subs	r3, #1
10003b94:	464e      	mov	r6, r9
10003b96:	e001      	b.n	10003b9c <_vsnprintf+0x4d4>
10003b98:	3601      	adds	r6, #1
10003b9a:	0013      	movs	r3, r2
10003b9c:	7832      	ldrb	r2, [r6, #0]
10003b9e:	2a00      	cmp	r2, #0
10003ba0:	d002      	beq.n	10003ba8 <_vsnprintf+0x4e0>
10003ba2:	1e5a      	subs	r2, r3, #1
10003ba4:	2b00      	cmp	r3, #0
10003ba6:	d1f7      	bne.n	10003b98 <_vsnprintf+0x4d0>
10003ba8:	464b      	mov	r3, r9
10003baa:	1af2      	subs	r2, r6, r3
10003bac:	9210      	str	r2, [sp, #64]	; 0x40
10003bae:	2380      	movs	r3, #128	; 0x80
10003bb0:	00db      	lsls	r3, r3, #3
10003bb2:	0026      	movs	r6, r4
10003bb4:	401e      	ands	r6, r3
10003bb6:	421c      	tst	r4, r3
10003bb8:	d003      	beq.n	10003bc2 <_vsnprintf+0x4fa>
10003bba:	4552      	cmp	r2, sl
10003bbc:	d901      	bls.n	10003bc2 <_vsnprintf+0x4fa>
10003bbe:	4653      	mov	r3, sl
10003bc0:	9310      	str	r3, [sp, #64]	; 0x40
10003bc2:	2302      	movs	r3, #2
10003bc4:	001a      	movs	r2, r3
10003bc6:	4022      	ands	r2, r4
10003bc8:	920b      	str	r2, [sp, #44]	; 0x2c
10003bca:	4223      	tst	r3, r4
10003bcc:	d005      	beq.n	10003bda <_vsnprintf+0x512>
10003bce:	003a      	movs	r2, r7
10003bd0:	0037      	movs	r7, r6
10003bd2:	464c      	mov	r4, r9
10003bd4:	46a9      	mov	r9, r5
10003bd6:	4655      	mov	r5, sl
10003bd8:	e020      	b.n	10003c1c <_vsnprintf+0x554>
10003bda:	003a      	movs	r2, r7
10003bdc:	9b10      	ldr	r3, [sp, #64]	; 0x40
10003bde:	465f      	mov	r7, fp
10003be0:	46b3      	mov	fp, r6
10003be2:	002e      	movs	r6, r5
10003be4:	e006      	b.n	10003bf4 <_vsnprintf+0x52c>
10003be6:	1c55      	adds	r5, r2, #1
10003be8:	4643      	mov	r3, r8
10003bea:	0039      	movs	r1, r7
10003bec:	2020      	movs	r0, #32
10003bee:	47b0      	blx	r6
10003bf0:	0023      	movs	r3, r4
10003bf2:	002a      	movs	r2, r5
10003bf4:	1c5c      	adds	r4, r3, #1
10003bf6:	990a      	ldr	r1, [sp, #40]	; 0x28
10003bf8:	4299      	cmp	r1, r3
10003bfa:	d8f4      	bhi.n	10003be6 <_vsnprintf+0x51e>
10003bfc:	0035      	movs	r5, r6
10003bfe:	465e      	mov	r6, fp
10003c00:	46bb      	mov	fp, r7
10003c02:	9410      	str	r4, [sp, #64]	; 0x40
10003c04:	0037      	movs	r7, r6
10003c06:	464c      	mov	r4, r9
10003c08:	46a9      	mov	r9, r5
10003c0a:	4655      	mov	r5, sl
10003c0c:	e006      	b.n	10003c1c <_vsnprintf+0x554>
10003c0e:	001d      	movs	r5, r3
10003c10:	3401      	adds	r4, #1
10003c12:	1c56      	adds	r6, r2, #1
10003c14:	4643      	mov	r3, r8
10003c16:	4659      	mov	r1, fp
10003c18:	47c8      	blx	r9
10003c1a:	0032      	movs	r2, r6
10003c1c:	7820      	ldrb	r0, [r4, #0]
10003c1e:	2800      	cmp	r0, #0
10003c20:	d004      	beq.n	10003c2c <_vsnprintf+0x564>
10003c22:	2f00      	cmp	r7, #0
10003c24:	d0f4      	beq.n	10003c10 <_vsnprintf+0x548>
10003c26:	1e6b      	subs	r3, r5, #1
10003c28:	2d00      	cmp	r5, #0
10003c2a:	d1f0      	bne.n	10003c0e <_vsnprintf+0x546>
10003c2c:	0017      	movs	r7, r2
10003c2e:	464d      	mov	r5, r9
10003c30:	9b0b      	ldr	r3, [sp, #44]	; 0x2c
10003c32:	2b00      	cmp	r3, #0
10003c34:	d103      	bne.n	10003c3e <_vsnprintf+0x576>
10003c36:	9b11      	ldr	r3, [sp, #68]	; 0x44
10003c38:	3301      	adds	r3, #1
10003c3a:	9311      	str	r3, [sp, #68]	; 0x44
10003c3c:	e554      	b.n	100036e8 <_vsnprintf+0x20>
10003c3e:	9f0a      	ldr	r7, [sp, #40]	; 0x28
10003c40:	9b10      	ldr	r3, [sp, #64]	; 0x40
10003c42:	e006      	b.n	10003c52 <_vsnprintf+0x58a>
10003c44:	1c56      	adds	r6, r2, #1
10003c46:	4643      	mov	r3, r8
10003c48:	4659      	mov	r1, fp
10003c4a:	2020      	movs	r0, #32
10003c4c:	47a8      	blx	r5
10003c4e:	0023      	movs	r3, r4
10003c50:	0032      	movs	r2, r6
10003c52:	1c5c      	adds	r4, r3, #1
10003c54:	429f      	cmp	r7, r3
10003c56:	d8f5      	bhi.n	10003c44 <_vsnprintf+0x57c>
10003c58:	0017      	movs	r7, r2
10003c5a:	e7ec      	b.n	10003c36 <_vsnprintf+0x56e>
10003c5c:	2321      	movs	r3, #33	; 0x21
10003c5e:	431c      	orrs	r4, r3
10003c60:	9b1c      	ldr	r3, [sp, #112]	; 0x70
10003c62:	1d1a      	adds	r2, r3, #4
10003c64:	921c      	str	r2, [sp, #112]	; 0x70
10003c66:	681b      	ldr	r3, [r3, #0]
10003c68:	9300      	str	r3, [sp, #0]
10003c6a:	9405      	str	r4, [sp, #20]
10003c6c:	2308      	movs	r3, #8
10003c6e:	9304      	str	r3, [sp, #16]
10003c70:	4653      	mov	r3, sl
10003c72:	9303      	str	r3, [sp, #12]
10003c74:	2310      	movs	r3, #16
10003c76:	9302      	str	r3, [sp, #8]
10003c78:	2300      	movs	r3, #0
10003c7a:	9301      	str	r3, [sp, #4]
10003c7c:	4643      	mov	r3, r8
10003c7e:	003a      	movs	r2, r7
10003c80:	4659      	mov	r1, fp
10003c82:	0028      	movs	r0, r5
10003c84:	f7ff f89c 	bl	10002dc0 <_ntoa_long>
10003c88:	0007      	movs	r7, r0
10003c8a:	9b11      	ldr	r3, [sp, #68]	; 0x44
10003c8c:	3301      	adds	r3, #1
10003c8e:	9311      	str	r3, [sp, #68]	; 0x44
10003c90:	e52a      	b.n	100036e8 <_vsnprintf+0x20>
10003c92:	1c7c      	adds	r4, r7, #1
10003c94:	4643      	mov	r3, r8
10003c96:	003a      	movs	r2, r7
10003c98:	4659      	mov	r1, fp
10003c9a:	2025      	movs	r0, #37	; 0x25
10003c9c:	47a8      	blx	r5
10003c9e:	9b11      	ldr	r3, [sp, #68]	; 0x44
10003ca0:	3301      	adds	r3, #1
10003ca2:	9311      	str	r3, [sp, #68]	; 0x44
10003ca4:	0027      	movs	r7, r4
10003ca6:	e51f      	b.n	100036e8 <_vsnprintf+0x20>
10003ca8:	1c7c      	adds	r4, r7, #1
10003caa:	4643      	mov	r3, r8
10003cac:	003a      	movs	r2, r7
10003cae:	4659      	mov	r1, fp
10003cb0:	47a8      	blx	r5
10003cb2:	9b11      	ldr	r3, [sp, #68]	; 0x44
10003cb4:	3301      	adds	r3, #1
10003cb6:	9311      	str	r3, [sp, #68]	; 0x44
10003cb8:	0027      	movs	r7, r4
10003cba:	e515      	b.n	100036e8 <_vsnprintf+0x20>
10003cbc:	4b0a      	ldr	r3, [pc, #40]	; (10003ce8 <_vsnprintf+0x620>)
10003cbe:	469a      	mov	sl, r3
10003cc0:	e510      	b.n	100036e4 <_vsnprintf+0x1c>
10003cc2:	46aa      	mov	sl, r5
10003cc4:	4547      	cmp	r7, r8
10003cc6:	d302      	bcc.n	10003cce <_vsnprintf+0x606>
10003cc8:	4643      	mov	r3, r8
10003cca:	1e5a      	subs	r2, r3, #1
10003ccc:	e000      	b.n	10003cd0 <_vsnprintf+0x608>
10003cce:	003a      	movs	r2, r7
10003cd0:	4643      	mov	r3, r8
10003cd2:	4659      	mov	r1, fp
10003cd4:	2000      	movs	r0, #0
10003cd6:	47d0      	blx	sl
10003cd8:	0038      	movs	r0, r7
10003cda:	b013      	add	sp, #76	; 0x4c
10003cdc:	bcf0      	pop	{r4, r5, r6, r7}
10003cde:	46bb      	mov	fp, r7
10003ce0:	46b2      	mov	sl, r6
10003ce2:	46a9      	mov	r9, r5
10003ce4:	46a0      	mov	r8, r4
10003ce6:	bdf0      	pop	{r4, r5, r6, r7, pc}
10003ce8:	10002bcd 	.word	0x10002bcd

10003cec <__wrap_sprintf>:
10003cec:	b40e      	push	{r1, r2, r3}
10003cee:	b510      	push	{r4, lr}
10003cf0:	b085      	sub	sp, #20
10003cf2:	0001      	movs	r1, r0
10003cf4:	ac07      	add	r4, sp, #28
10003cf6:	cc08      	ldmia	r4!, {r3}
10003cf8:	9403      	str	r4, [sp, #12]
10003cfa:	2201      	movs	r2, #1
10003cfc:	9400      	str	r4, [sp, #0]
10003cfe:	4252      	negs	r2, r2
10003d00:	4803      	ldr	r0, [pc, #12]	; (10003d10 <__wrap_sprintf+0x24>)
10003d02:	f7ff fce1 	bl	100036c8 <_vsnprintf>
10003d06:	b005      	add	sp, #20
10003d08:	bc10      	pop	{r4}
10003d0a:	bc08      	pop	{r3}
10003d0c:	b003      	add	sp, #12
10003d0e:	4718      	bx	r3
10003d10:	10002bc5 	.word	0x10002bc5

10003d14 <vfctprintf>:
10003d14:	b500      	push	{lr}
10003d16:	b085      	sub	sp, #20
10003d18:	9002      	str	r0, [sp, #8]
10003d1a:	9103      	str	r1, [sp, #12]
10003d1c:	2101      	movs	r1, #1
10003d1e:	9300      	str	r3, [sp, #0]
10003d20:	0013      	movs	r3, r2
10003d22:	424a      	negs	r2, r1
10003d24:	a902      	add	r1, sp, #8
10003d26:	4802      	ldr	r0, [pc, #8]	; (10003d30 <vfctprintf+0x1c>)
10003d28:	f7ff fcce 	bl	100036c8 <_vsnprintf>
10003d2c:	b005      	add	sp, #20
10003d2e:	bd00      	pop	{pc}
10003d30:	10002bcf 	.word	0x10002bcf

10003d34 <__aeabi_bits_init>:
10003d34:	4801      	ldr	r0, [pc, #4]	; (10003d3c <__aeabi_bits_init+0x8>)
10003d36:	2104      	movs	r1, #4
10003d38:	4b01      	ldr	r3, [pc, #4]	; (10003d40 <__aeabi_bits_init+0xc>)
10003d3a:	4718      	bx	r3
10003d3c:	20000c30 	.word	0x20000c30
10003d40:	10003d65 	.word	0x10003d65

10003d44 <rom_func_lookup>:
10003d44:	b510      	push	{r4, lr}
10003d46:	0001      	movs	r1, r0
10003d48:	2318      	movs	r3, #24
10003d4a:	881b      	ldrh	r3, [r3, #0]
10003d4c:	2214      	movs	r2, #20
10003d4e:	8810      	ldrh	r0, [r2, #0]
10003d50:	4798      	blx	r3
10003d52:	bd10      	pop	{r4, pc}

10003d54 <rom_data_lookup>:
10003d54:	b510      	push	{r4, lr}
10003d56:	0001      	movs	r1, r0
10003d58:	2318      	movs	r3, #24
10003d5a:	881b      	ldrh	r3, [r3, #0]
10003d5c:	2216      	movs	r2, #22
10003d5e:	8810      	ldrh	r0, [r2, #0]
10003d60:	4798      	blx	r3
10003d62:	bd10      	pop	{r4, pc}

10003d64 <rom_funcs_lookup>:
10003d64:	b5f0      	push	{r4, r5, r6, r7, lr}
10003d66:	46c6      	mov	lr, r8
10003d68:	b500      	push	{lr}
10003d6a:	0007      	movs	r7, r0
10003d6c:	000e      	movs	r6, r1
10003d6e:	2500      	movs	r5, #0
10003d70:	2301      	movs	r3, #1
10003d72:	4698      	mov	r8, r3
10003d74:	e000      	b.n	10003d78 <rom_funcs_lookup+0x14>
10003d76:	3501      	adds	r5, #1
10003d78:	42b5      	cmp	r5, r6
10003d7a:	d20a      	bcs.n	10003d92 <rom_funcs_lookup+0x2e>
10003d7c:	00ac      	lsls	r4, r5, #2
10003d7e:	193c      	adds	r4, r7, r4
10003d80:	6820      	ldr	r0, [r4, #0]
10003d82:	f7ff ffdf 	bl	10003d44 <rom_func_lookup>
10003d86:	6020      	str	r0, [r4, #0]
10003d88:	2800      	cmp	r0, #0
10003d8a:	d1f4      	bne.n	10003d76 <rom_funcs_lookup+0x12>
10003d8c:	2300      	movs	r3, #0
10003d8e:	4698      	mov	r8, r3
10003d90:	e7f1      	b.n	10003d76 <rom_funcs_lookup+0x12>
10003d92:	4640      	mov	r0, r8
10003d94:	bc80      	pop	{r7}
10003d96:	46b8      	mov	r8, r7
10003d98:	bdf0      	pop	{r4, r5, r6, r7, pc}
	...

10003d9c <__wrap___aeabi_idiv>:
10003d9c:	4a12      	ldr	r2, [pc, #72]	; (10003de8 <divmod_s32s32_savestate+0x18>)
10003d9e:	6f93      	ldr	r3, [r2, #120]	; 0x78
10003da0:	089b      	lsrs	r3, r3, #2
10003da2:	d215      	bcs.n	10003dd0 <divmod_s32s32_savestate>

10003da4 <divmod_s32s32_unsafe>:
10003da4:	6690      	str	r0, [r2, #104]	; 0x68
10003da6:	66d1      	str	r1, [r2, #108]	; 0x6c
10003da8:	2900      	cmp	r1, #0
10003daa:	d005      	beq.n	10003db8 <divmod_s32s32_unsafe+0x14>
10003dac:	e7ff      	b.n	10003dae <divmod_s32s32_unsafe+0xa>
10003dae:	e7ff      	b.n	10003db0 <divmod_s32s32_unsafe+0xc>
10003db0:	e7ff      	b.n	10003db2 <divmod_s32s32_unsafe+0xe>
10003db2:	6f51      	ldr	r1, [r2, #116]	; 0x74
10003db4:	6f10      	ldr	r0, [r2, #112]	; 0x70
10003db6:	4770      	bx	lr
10003db8:	b504      	push	{r2, lr}
10003dba:	2180      	movs	r1, #128	; 0x80
10003dbc:	0609      	lsls	r1, r1, #24
10003dbe:	17c2      	asrs	r2, r0, #31
10003dc0:	4051      	eors	r1, r2
10003dc2:	2800      	cmp	r0, #0
10003dc4:	d000      	beq.n	10003dc8 <divmod_s32s32_unsafe+0x24>
10003dc6:	43c8      	mvns	r0, r1
10003dc8:	f004 ffea 	bl	10008da0 <____aeabi_idiv0_veneer>
10003dcc:	2100      	movs	r1, #0
10003dce:	bd04      	pop	{r2, pc}

10003dd0 <divmod_s32s32_savestate>:
10003dd0:	b5f0      	push	{r4, r5, r6, r7, lr}
10003dd2:	6e14      	ldr	r4, [r2, #96]	; 0x60
10003dd4:	6e55      	ldr	r5, [r2, #100]	; 0x64
10003dd6:	6f57      	ldr	r7, [r2, #116]	; 0x74
10003dd8:	6f16      	ldr	r6, [r2, #112]	; 0x70
10003dda:	f7ff ffe3 	bl	10003da4 <divmod_s32s32_unsafe>
10003dde:	6614      	str	r4, [r2, #96]	; 0x60
10003de0:	6655      	str	r5, [r2, #100]	; 0x64
10003de2:	6757      	str	r7, [r2, #116]	; 0x74
10003de4:	6716      	str	r6, [r2, #112]	; 0x70
10003de6:	bdf0      	pop	{r4, r5, r6, r7, pc}
10003de8:	d0000000 	.word	0xd0000000

10003dec <__wrap___aeabi_uidiv>:
10003dec:	4a11      	ldr	r2, [pc, #68]	; (10003e34 <divmod_u32u32_savestate+0x18>)
10003dee:	6f93      	ldr	r3, [r2, #120]	; 0x78
10003df0:	089b      	lsrs	r3, r3, #2
10003df2:	d213      	bcs.n	10003e1c <divmod_u32u32_savestate>

10003df4 <divmod_u32u32_unsafe>:
10003df4:	6610      	str	r0, [r2, #96]	; 0x60
10003df6:	6651      	str	r1, [r2, #100]	; 0x64
10003df8:	2900      	cmp	r1, #0
10003dfa:	d005      	beq.n	10003e08 <divmod_u32u32_unsafe+0x14>
10003dfc:	e7ff      	b.n	10003dfe <divmod_u32u32_unsafe+0xa>
10003dfe:	e7ff      	b.n	10003e00 <divmod_u32u32_unsafe+0xc>
10003e00:	e7ff      	b.n	10003e02 <divmod_u32u32_unsafe+0xe>
10003e02:	6f51      	ldr	r1, [r2, #116]	; 0x74
10003e04:	6f10      	ldr	r0, [r2, #112]	; 0x70
10003e06:	4770      	bx	lr
10003e08:	b504      	push	{r2, lr}
10003e0a:	2800      	cmp	r0, #0
10003e0c:	d001      	beq.n	10003e12 <divmod_u32u32_unsafe+0x1e>
10003e0e:	2000      	movs	r0, #0
10003e10:	43c0      	mvns	r0, r0
10003e12:	f004 ffc5 	bl	10008da0 <____aeabi_idiv0_veneer>
10003e16:	2100      	movs	r1, #0
10003e18:	bd04      	pop	{r2, pc}
10003e1a:	46c0      	nop			; (mov r8, r8)

10003e1c <divmod_u32u32_savestate>:
10003e1c:	b5f0      	push	{r4, r5, r6, r7, lr}
10003e1e:	6e14      	ldr	r4, [r2, #96]	; 0x60
10003e20:	6e55      	ldr	r5, [r2, #100]	; 0x64
10003e22:	6f57      	ldr	r7, [r2, #116]	; 0x74
10003e24:	6f16      	ldr	r6, [r2, #112]	; 0x70
10003e26:	f7ff ffe5 	bl	10003df4 <divmod_u32u32_unsafe>
10003e2a:	6614      	str	r4, [r2, #96]	; 0x60
10003e2c:	6655      	str	r5, [r2, #100]	; 0x64
10003e2e:	6757      	str	r7, [r2, #116]	; 0x74
10003e30:	6716      	str	r6, [r2, #112]	; 0x70
10003e32:	bdf0      	pop	{r4, r5, r6, r7, pc}
10003e34:	d0000000 	.word	0xd0000000

10003e38 <__wrap___aeabi_ldivmod>:
10003e38:	4694      	mov	ip, r2
10003e3a:	4a4a      	ldr	r2, [pc, #296]	; (10003f64 <udiv0+0x1a>)
10003e3c:	6f92      	ldr	r2, [r2, #120]	; 0x78
10003e3e:	0892      	lsrs	r2, r2, #2
10003e40:	4662      	mov	r2, ip
10003e42:	d201      	bcs.n	10003e48 <divmod_s64s64_savestate>
10003e44:	e028      	b.n	10003e98 <divmod_s64s64_unsafe>
10003e46:	46c0      	nop			; (mov r8, r8)

10003e48 <divmod_s64s64_savestate>:
10003e48:	b5f0      	push	{r4, r5, r6, r7, lr}
10003e4a:	4e46      	ldr	r6, [pc, #280]	; (10003f64 <udiv0+0x1a>)
10003e4c:	6e34      	ldr	r4, [r6, #96]	; 0x60
10003e4e:	6e75      	ldr	r5, [r6, #100]	; 0x64
10003e50:	6f77      	ldr	r7, [r6, #116]	; 0x74
10003e52:	6f36      	ldr	r6, [r6, #112]	; 0x70
10003e54:	f000 f820 	bl	10003e98 <divmod_s64s64_unsafe>
10003e58:	4694      	mov	ip, r2
10003e5a:	4a42      	ldr	r2, [pc, #264]	; (10003f64 <udiv0+0x1a>)
10003e5c:	6614      	str	r4, [r2, #96]	; 0x60
10003e5e:	6655      	str	r5, [r2, #100]	; 0x64
10003e60:	6757      	str	r7, [r2, #116]	; 0x74
10003e62:	6716      	str	r6, [r2, #112]	; 0x70
10003e64:	4662      	mov	r2, ip
10003e66:	bdf0      	pop	{r4, r5, r6, r7, pc}

10003e68 <__wrap___aeabi_uldivmod>:
10003e68:	4694      	mov	ip, r2
10003e6a:	4a3e      	ldr	r2, [pc, #248]	; (10003f64 <udiv0+0x1a>)
10003e6c:	6f92      	ldr	r2, [r2, #120]	; 0x78
10003e6e:	0892      	lsrs	r2, r2, #2
10003e70:	4662      	mov	r2, ip
10003e72:	d201      	bcs.n	10003e78 <divmod_u64u64_savestate>
10003e74:	e054      	b.n	10003f20 <divmod_u64u64_unsafe>
10003e76:	46c0      	nop			; (mov r8, r8)

10003e78 <divmod_u64u64_savestate>:
10003e78:	b5f0      	push	{r4, r5, r6, r7, lr}
10003e7a:	4e3a      	ldr	r6, [pc, #232]	; (10003f64 <udiv0+0x1a>)
10003e7c:	6e34      	ldr	r4, [r6, #96]	; 0x60
10003e7e:	6e75      	ldr	r5, [r6, #100]	; 0x64
10003e80:	6f77      	ldr	r7, [r6, #116]	; 0x74
10003e82:	6f36      	ldr	r6, [r6, #112]	; 0x70
10003e84:	f000 f84c 	bl	10003f20 <divmod_u64u64_unsafe>
10003e88:	4694      	mov	ip, r2
10003e8a:	4a36      	ldr	r2, [pc, #216]	; (10003f64 <udiv0+0x1a>)
10003e8c:	6614      	str	r4, [r2, #96]	; 0x60
10003e8e:	6655      	str	r5, [r2, #100]	; 0x64
10003e90:	6757      	str	r7, [r2, #116]	; 0x74
10003e92:	6716      	str	r6, [r2, #112]	; 0x70
10003e94:	4662      	mov	r2, ip
10003e96:	bdf0      	pop	{r4, r5, r6, r7, pc}

10003e98 <divmod_s64s64_unsafe>:
10003e98:	2b00      	cmp	r3, #0
10003e9a:	db24      	blt.n	10003ee6 <l42_1+0x26>
10003e9c:	d011      	beq.n	10003ec2 <l42_1+0x2>
10003e9e:	2900      	cmp	r1, #0
10003ea0:	da3e      	bge.n	10003f20 <divmod_u64u64_unsafe>
10003ea2:	b500      	push	{lr}
10003ea4:	43c9      	mvns	r1, r1
10003ea6:	4240      	negs	r0, r0
10003ea8:	d100      	bne.n	10003eac <l40_1>
10003eaa:	3101      	adds	r1, #1

10003eac <l40_1>:
10003eac:	f000 f838 	bl	10003f20 <divmod_u64u64_unsafe>
10003eb0:	43c9      	mvns	r1, r1
10003eb2:	4240      	negs	r0, r0
10003eb4:	d100      	bne.n	10003eb8 <l41_1>
10003eb6:	3101      	adds	r1, #1

10003eb8 <l41_1>:
10003eb8:	43db      	mvns	r3, r3
10003eba:	4252      	negs	r2, r2
10003ebc:	d100      	bne.n	10003ec0 <l42_1>
10003ebe:	3301      	adds	r3, #1

10003ec0 <l42_1>:
10003ec0:	bd00      	pop	{pc}
10003ec2:	2a00      	cmp	r2, #0
10003ec4:	d1eb      	bne.n	10003e9e <divmod_s64s64_unsafe+0x6>
10003ec6:	2800      	cmp	r0, #0
10003ec8:	d101      	bne.n	10003ece <l42_1+0xe>
10003eca:	2900      	cmp	r1, #0
10003ecc:	d005      	beq.n	10003eda <l42_1+0x1a>
10003ece:	2000      	movs	r0, #0
10003ed0:	0fc9      	lsrs	r1, r1, #31
10003ed2:	07c9      	lsls	r1, r1, #31
10003ed4:	d101      	bne.n	10003eda <l42_1+0x1a>
10003ed6:	43c0      	mvns	r0, r0
10003ed8:	0841      	lsrs	r1, r0, #1
10003eda:	b500      	push	{lr}
10003edc:	f004 ff58 	bl	10008d90 <____aeabi_ldiv0_veneer>
10003ee0:	2200      	movs	r2, #0
10003ee2:	2300      	movs	r3, #0
10003ee4:	bd00      	pop	{pc}
10003ee6:	b500      	push	{lr}
10003ee8:	2900      	cmp	r1, #0
10003eea:	db0a      	blt.n	10003f02 <l44_1+0x2>
10003eec:	43db      	mvns	r3, r3
10003eee:	4252      	negs	r2, r2
10003ef0:	d100      	bne.n	10003ef4 <l43_1>
10003ef2:	3301      	adds	r3, #1

10003ef4 <l43_1>:
10003ef4:	f000 f814 	bl	10003f20 <divmod_u64u64_unsafe>
10003ef8:	43c9      	mvns	r1, r1
10003efa:	4240      	negs	r0, r0
10003efc:	d100      	bne.n	10003f00 <l44_1>
10003efe:	3101      	adds	r1, #1

10003f00 <l44_1>:
10003f00:	bd00      	pop	{pc}
10003f02:	43c9      	mvns	r1, r1
10003f04:	4240      	negs	r0, r0
10003f06:	d100      	bne.n	10003f0a <l45_1>
10003f08:	3101      	adds	r1, #1

10003f0a <l45_1>:
10003f0a:	43db      	mvns	r3, r3
10003f0c:	4252      	negs	r2, r2
10003f0e:	d100      	bne.n	10003f12 <l46_1>
10003f10:	3301      	adds	r3, #1

10003f12 <l46_1>:
10003f12:	f000 f805 	bl	10003f20 <divmod_u64u64_unsafe>
10003f16:	43db      	mvns	r3, r3
10003f18:	4252      	negs	r2, r2
10003f1a:	d100      	bne.n	10003f1e <l47_1>
10003f1c:	3301      	adds	r3, #1

10003f1e <l47_1>:
10003f1e:	bd00      	pop	{pc}

10003f20 <divmod_u64u64_unsafe>:
10003f20:	2900      	cmp	r1, #0
10003f22:	d123      	bne.n	10003f6c <y64>
10003f24:	2b00      	cmp	r3, #0
10003f26:	d118      	bne.n	10003f5a <udiv0+0x10>
10003f28:	2a00      	cmp	r2, #0
10003f2a:	d00c      	beq.n	10003f46 <divmod_u64u64_unsafe+0x26>
10003f2c:	46bc      	mov	ip, r7
10003f2e:	4f0d      	ldr	r7, [pc, #52]	; (10003f64 <udiv0+0x1a>)
10003f30:	6638      	str	r0, [r7, #96]	; 0x60
10003f32:	667a      	str	r2, [r7, #100]	; 0x64
10003f34:	2100      	movs	r1, #0
10003f36:	2300      	movs	r3, #0
10003f38:	e7ff      	b.n	10003f3a <divmod_u64u64_unsafe+0x1a>
10003f3a:	e7ff      	b.n	10003f3c <divmod_u64u64_unsafe+0x1c>
10003f3c:	e7ff      	b.n	10003f3e <divmod_u64u64_unsafe+0x1e>
10003f3e:	6f7a      	ldr	r2, [r7, #116]	; 0x74
10003f40:	6f38      	ldr	r0, [r7, #112]	; 0x70
10003f42:	4667      	mov	r7, ip
10003f44:	4770      	bx	lr
10003f46:	2800      	cmp	r0, #0
10003f48:	d001      	beq.n	10003f4e <udiv0+0x4>

10003f4a <udiv0>:
10003f4a:	4807      	ldr	r0, [pc, #28]	; (10003f68 <udiv0+0x1e>)
10003f4c:	0001      	movs	r1, r0
10003f4e:	b500      	push	{lr}
10003f50:	f004 ff1e 	bl	10008d90 <____aeabi_ldiv0_veneer>
10003f54:	2200      	movs	r2, #0
10003f56:	2300      	movs	r3, #0
10003f58:	bd00      	pop	{pc}
10003f5a:	0002      	movs	r2, r0
10003f5c:	000b      	movs	r3, r1
10003f5e:	2000      	movs	r0, #0
10003f60:	2100      	movs	r1, #0
10003f62:	4770      	bx	lr
10003f64:	d0000000 	.word	0xd0000000
10003f68:	ffffffff 	.word	0xffffffff

10003f6c <y64>:
10003f6c:	2b00      	cmp	r3, #0
10003f6e:	d000      	beq.n	10003f72 <y64+0x6>
10003f70:	e0bf      	b.n	100040f2 <y64_x48>
10003f72:	0c13      	lsrs	r3, r2, #16
10003f74:	d128      	bne.n	10003fc8 <y64_x32>
10003f76:	2a00      	cmp	r2, #0
10003f78:	d0e7      	beq.n	10003f4a <udiv0>
10003f7a:	b480      	push	{r7}
10003f7c:	4f11      	ldr	r7, [pc, #68]	; (10003fc4 <y64+0x58>)
10003f7e:	6639      	str	r1, [r7, #96]	; 0x60
10003f80:	667a      	str	r2, [r7, #100]	; 0x64
10003f82:	e7ff      	b.n	10003f84 <y64+0x18>
10003f84:	e7ff      	b.n	10003f86 <y64+0x1a>
10003f86:	b430      	push	{r4, r5}
10003f88:	0c04      	lsrs	r4, r0, #16
10003f8a:	6f7b      	ldr	r3, [r7, #116]	; 0x74
10003f8c:	6f39      	ldr	r1, [r7, #112]	; 0x70
10003f8e:	041b      	lsls	r3, r3, #16
10003f90:	4323      	orrs	r3, r4
10003f92:	663b      	str	r3, [r7, #96]	; 0x60
10003f94:	667a      	str	r2, [r7, #100]	; 0x64
10003f96:	e7ff      	b.n	10003f98 <y64+0x2c>
10003f98:	e7ff      	b.n	10003f9a <y64+0x2e>
10003f9a:	e7ff      	b.n	10003f9c <y64+0x30>
10003f9c:	46c0      	nop			; (mov r8, r8)
10003f9e:	b284      	uxth	r4, r0
10003fa0:	6f7b      	ldr	r3, [r7, #116]	; 0x74
10003fa2:	6f3d      	ldr	r5, [r7, #112]	; 0x70
10003fa4:	041b      	lsls	r3, r3, #16
10003fa6:	4323      	orrs	r3, r4
10003fa8:	663b      	str	r3, [r7, #96]	; 0x60
10003faa:	667a      	str	r2, [r7, #100]	; 0x64
10003fac:	e7ff      	b.n	10003fae <y64+0x42>
10003fae:	e7ff      	b.n	10003fb0 <y64+0x44>
10003fb0:	46c0      	nop			; (mov r8, r8)
10003fb2:	2300      	movs	r3, #0
10003fb4:	042c      	lsls	r4, r5, #16
10003fb6:	0c2d      	lsrs	r5, r5, #16
10003fb8:	6f7a      	ldr	r2, [r7, #116]	; 0x74
10003fba:	6f38      	ldr	r0, [r7, #112]	; 0x70
10003fbc:	1900      	adds	r0, r0, r4
10003fbe:	4169      	adcs	r1, r5
10003fc0:	bcb0      	pop	{r4, r5, r7}
10003fc2:	4770      	bx	lr
10003fc4:	d0000000 	.word	0xd0000000

10003fc8 <y64_x32>:
10003fc8:	b5f0      	push	{r4, r5, r6, r7, lr}
10003fca:	4694      	mov	ip, r2
10003fcc:	2500      	movs	r5, #0
10003fce:	0e14      	lsrs	r4, r2, #24
10003fd0:	d101      	bne.n	10003fd6 <y64_x32+0xe>
10003fd2:	0212      	lsls	r2, r2, #8
10003fd4:	3508      	adds	r5, #8
10003fd6:	0f14      	lsrs	r4, r2, #28
10003fd8:	d101      	bne.n	10003fde <y64_x32+0x16>
10003fda:	0112      	lsls	r2, r2, #4
10003fdc:	3504      	adds	r5, #4
10003fde:	0f94      	lsrs	r4, r2, #30
10003fe0:	d101      	bne.n	10003fe6 <y64_x32+0x1e>
10003fe2:	0092      	lsls	r2, r2, #2
10003fe4:	3502      	adds	r5, #2
10003fe6:	0fd4      	lsrs	r4, r2, #31
10003fe8:	d101      	bne.n	10003fee <y64_x32+0x26>
10003fea:	0052      	lsls	r2, r2, #1
10003fec:	3501      	adds	r5, #1
10003fee:	0bd4      	lsrs	r4, r2, #15
10003ff0:	3401      	adds	r4, #1
10003ff2:	4f25      	ldr	r7, [pc, #148]	; (10004088 <y64_x32+0xc0>)
10003ff4:	667c      	str	r4, [r7, #100]	; 0x64
10003ff6:	4c25      	ldr	r4, [pc, #148]	; (1000408c <y64_x32+0xc4>)
10003ff8:	663c      	str	r4, [r7, #96]	; 0x60
10003ffa:	0c0e      	lsrs	r6, r1, #16
10003ffc:	b293      	uxth	r3, r2
10003ffe:	e7ff      	b.n	10004000 <y64_x32+0x38>
10004000:	e7ff      	b.n	10004002 <y64_x32+0x3a>
10004002:	e7ff      	b.n	10004004 <y64_x32+0x3c>
10004004:	6f3c      	ldr	r4, [r7, #112]	; 0x70
10004006:	4366      	muls	r6, r4
10004008:	0c36      	lsrs	r6, r6, #16
1000400a:	0377      	lsls	r7, r6, #13
1000400c:	46be      	mov	lr, r7
1000400e:	4373      	muls	r3, r6
10004010:	0bdf      	lsrs	r7, r3, #15
10004012:	045b      	lsls	r3, r3, #17
10004014:	1ac0      	subs	r0, r0, r3
10004016:	41b9      	sbcs	r1, r7
10004018:	0c13      	lsrs	r3, r2, #16
1000401a:	4373      	muls	r3, r6
1000401c:	18db      	adds	r3, r3, r3
1000401e:	1ac9      	subs	r1, r1, r3
10004020:	08ce      	lsrs	r6, r1, #3
10004022:	4366      	muls	r6, r4
10004024:	0c36      	lsrs	r6, r6, #16
10004026:	44b6      	add	lr, r6
10004028:	b293      	uxth	r3, r2
1000402a:	4373      	muls	r3, r6
1000402c:	0f1f      	lsrs	r7, r3, #28
1000402e:	011b      	lsls	r3, r3, #4
10004030:	1ac0      	subs	r0, r0, r3
10004032:	41b9      	sbcs	r1, r7
10004034:	0c13      	lsrs	r3, r2, #16
10004036:	4373      	muls	r3, r6
10004038:	0b1f      	lsrs	r7, r3, #12
1000403a:	051b      	lsls	r3, r3, #20
1000403c:	1ac0      	subs	r0, r0, r3
1000403e:	41b9      	sbcs	r1, r7
10004040:	0d86      	lsrs	r6, r0, #22
10004042:	028f      	lsls	r7, r1, #10
10004044:	433e      	orrs	r6, r7
10004046:	4366      	muls	r6, r4
10004048:	0c36      	lsrs	r6, r6, #16
1000404a:	2d09      	cmp	r5, #9
1000404c:	db24      	blt.n	10004098 <last0>
1000404e:	0a52      	lsrs	r2, r2, #9
10004050:	4372      	muls	r2, r6
10004052:	1a80      	subs	r0, r0, r2
10004054:	0377      	lsls	r7, r6, #13
10004056:	0a46      	lsrs	r6, r0, #9
10004058:	4366      	muls	r6, r4
1000405a:	0c36      	lsrs	r6, r6, #16
1000405c:	2316      	movs	r3, #22
1000405e:	1b5b      	subs	r3, r3, r5
10004060:	40de      	lsrs	r6, r3
10004062:	40df      	lsrs	r7, r3
10004064:	19bf      	adds	r7, r7, r6
10004066:	4664      	mov	r4, ip
10004068:	4366      	muls	r6, r4
1000406a:	1b82      	subs	r2, r0, r6
1000406c:	4670      	mov	r0, lr
1000406e:	3504      	adds	r5, #4
10004070:	3306      	adds	r3, #6
10004072:	0001      	movs	r1, r0
10004074:	40d9      	lsrs	r1, r3
10004076:	40a8      	lsls	r0, r5
10004078:	19c0      	adds	r0, r0, r7
1000407a:	d300      	bcc.n	1000407e <y64_x32+0xb6>
1000407c:	3101      	adds	r1, #1
1000407e:	42a2      	cmp	r2, r4
10004080:	d206      	bcs.n	10004090 <y64_x32+0xc8>
10004082:	2300      	movs	r3, #0
10004084:	bdf0      	pop	{r4, r5, r6, r7, pc}
10004086:	0000      	.short	0x0000
10004088:	d0000000 	.word	0xd0000000
1000408c:	ffffffff 	.word	0xffffffff
10004090:	1b12      	subs	r2, r2, r4
10004092:	3001      	adds	r0, #1
10004094:	d3f3      	bcc.n	1000407e <y64_x32+0xb6>
10004096:	e7f1      	b.n	1000407c <y64_x32+0xb4>

10004098 <last0>:
10004098:	2709      	movs	r7, #9
1000409a:	1b7f      	subs	r7, r7, r5
1000409c:	40fe      	lsrs	r6, r7
1000409e:	4664      	mov	r4, ip
100040a0:	b2a2      	uxth	r2, r4
100040a2:	4372      	muls	r2, r6
100040a4:	1a80      	subs	r0, r0, r2
100040a6:	d200      	bcs.n	100040aa <last0+0x12>
100040a8:	3901      	subs	r1, #1
100040aa:	0c22      	lsrs	r2, r4, #16
100040ac:	4372      	muls	r2, r6
100040ae:	0c13      	lsrs	r3, r2, #16
100040b0:	0412      	lsls	r2, r2, #16
100040b2:	1a82      	subs	r2, r0, r2
100040b4:	4199      	sbcs	r1, r3
100040b6:	000b      	movs	r3, r1
100040b8:	4670      	mov	r0, lr
100040ba:	3504      	adds	r5, #4
100040bc:	3713      	adds	r7, #19
100040be:	0001      	movs	r1, r0
100040c0:	40f9      	lsrs	r1, r7
100040c2:	40a8      	lsls	r0, r5
100040c4:	1980      	adds	r0, r0, r6
100040c6:	d300      	bcc.n	100040ca <last0+0x32>
100040c8:	3101      	adds	r1, #1
100040ca:	2b00      	cmp	r3, #0
100040cc:	d102      	bne.n	100040d4 <last0+0x3c>
100040ce:	42a2      	cmp	r2, r4
100040d0:	d20a      	bcs.n	100040e8 <last0+0x50>
100040d2:	bdf0      	pop	{r4, r5, r6, r7, pc}
100040d4:	3001      	adds	r0, #1
100040d6:	d300      	bcc.n	100040da <last0+0x42>
100040d8:	3101      	adds	r1, #1
100040da:	1b12      	subs	r2, r2, r4
100040dc:	d2fa      	bcs.n	100040d4 <last0+0x3c>
100040de:	3b01      	subs	r3, #1
100040e0:	d1f8      	bne.n	100040d4 <last0+0x3c>
100040e2:	42a2      	cmp	r2, r4
100040e4:	d200      	bcs.n	100040e8 <last0+0x50>
100040e6:	bdf0      	pop	{r4, r5, r6, r7, pc}
100040e8:	3001      	adds	r0, #1
100040ea:	d300      	bcc.n	100040ee <last0+0x56>
100040ec:	3101      	adds	r1, #1
100040ee:	1b12      	subs	r2, r2, r4
100040f0:	e7f7      	b.n	100040e2 <last0+0x4a>

100040f2 <y64_x48>:
100040f2:	b5f0      	push	{r4, r5, r6, r7, lr}
100040f4:	0c1c      	lsrs	r4, r3, #16
100040f6:	d000      	beq.n	100040fa <y64_x48+0x8>
100040f8:	e080      	b.n	100041fc <y64_x64>
100040fa:	b40c      	push	{r2, r3}
100040fc:	2500      	movs	r5, #0
100040fe:	0a1c      	lsrs	r4, r3, #8
10004100:	d104      	bne.n	1000410c <y64_x48+0x1a>
10004102:	021b      	lsls	r3, r3, #8
10004104:	0e16      	lsrs	r6, r2, #24
10004106:	4333      	orrs	r3, r6
10004108:	0212      	lsls	r2, r2, #8
1000410a:	3508      	adds	r5, #8
1000410c:	0b1c      	lsrs	r4, r3, #12
1000410e:	d104      	bne.n	1000411a <y64_x48+0x28>
10004110:	011b      	lsls	r3, r3, #4
10004112:	0f16      	lsrs	r6, r2, #28
10004114:	4333      	orrs	r3, r6
10004116:	0112      	lsls	r2, r2, #4
10004118:	3504      	adds	r5, #4
1000411a:	0b9c      	lsrs	r4, r3, #14
1000411c:	d104      	bne.n	10004128 <y64_x48+0x36>
1000411e:	009b      	lsls	r3, r3, #2
10004120:	0f96      	lsrs	r6, r2, #30
10004122:	4333      	orrs	r3, r6
10004124:	0092      	lsls	r2, r2, #2
10004126:	3502      	adds	r5, #2
10004128:	0bdc      	lsrs	r4, r3, #15
1000412a:	d102      	bne.n	10004132 <y64_x48+0x40>
1000412c:	1892      	adds	r2, r2, r2
1000412e:	415b      	adcs	r3, r3
10004130:	3501      	adds	r5, #1
10004132:	001c      	movs	r4, r3
10004134:	1897      	adds	r7, r2, r2
10004136:	4164      	adcs	r4, r4
10004138:	3401      	adds	r4, #1
1000413a:	4f46      	ldr	r7, [pc, #280]	; (10004254 <y64_x64+0x58>)
1000413c:	667c      	str	r4, [r7, #100]	; 0x64
1000413e:	4c46      	ldr	r4, [pc, #280]	; (10004258 <y64_x64+0x5c>)
10004140:	663c      	str	r4, [r7, #96]	; 0x60
10004142:	0c0e      	lsrs	r6, r1, #16
10004144:	e7ff      	b.n	10004146 <y64_x48+0x54>
10004146:	e7ff      	b.n	10004148 <y64_x48+0x56>
10004148:	e7ff      	b.n	1000414a <y64_x48+0x58>
1000414a:	46c0      	nop			; (mov r8, r8)
1000414c:	6f3c      	ldr	r4, [r7, #112]	; 0x70
1000414e:	4366      	muls	r6, r4
10004150:	0c36      	lsrs	r6, r6, #16
10004152:	0377      	lsls	r7, r6, #13
10004154:	46be      	mov	lr, r7
10004156:	b297      	uxth	r7, r2
10004158:	4377      	muls	r7, r6
1000415a:	1bc0      	subs	r0, r0, r7
1000415c:	d200      	bcs.n	10004160 <y64_x48+0x6e>
1000415e:	3901      	subs	r1, #1
10004160:	1bc0      	subs	r0, r0, r7
10004162:	d200      	bcs.n	10004166 <y64_x48+0x74>
10004164:	3901      	subs	r1, #1
10004166:	b29f      	uxth	r7, r3
10004168:	4377      	muls	r7, r6
1000416a:	1bc9      	subs	r1, r1, r7
1000416c:	1bc9      	subs	r1, r1, r7
1000416e:	0c17      	lsrs	r7, r2, #16
10004170:	4377      	muls	r7, r6
10004172:	047e      	lsls	r6, r7, #17
10004174:	0bff      	lsrs	r7, r7, #15
10004176:	1b80      	subs	r0, r0, r6
10004178:	41b9      	sbcs	r1, r7
1000417a:	08ce      	lsrs	r6, r1, #3
1000417c:	4366      	muls	r6, r4
1000417e:	0c36      	lsrs	r6, r6, #16
10004180:	2d0c      	cmp	r5, #12
10004182:	db33      	blt.n	100041ec <last1>
10004184:	44b6      	add	lr, r6
10004186:	0b12      	lsrs	r2, r2, #12
10004188:	051f      	lsls	r7, r3, #20
1000418a:	433a      	orrs	r2, r7
1000418c:	0b1b      	lsrs	r3, r3, #12
1000418e:	b297      	uxth	r7, r2
10004190:	4377      	muls	r7, r6
10004192:	1bc0      	subs	r0, r0, r7
10004194:	d200      	bcs.n	10004198 <y64_x48+0xa6>
10004196:	3901      	subs	r1, #1
10004198:	b29f      	uxth	r7, r3
1000419a:	4377      	muls	r7, r6
1000419c:	1bc9      	subs	r1, r1, r7
1000419e:	0c17      	lsrs	r7, r2, #16
100041a0:	4377      	muls	r7, r6
100041a2:	043e      	lsls	r6, r7, #16
100041a4:	0c3f      	lsrs	r7, r7, #16
100041a6:	1b80      	subs	r0, r0, r6
100041a8:	41b9      	sbcs	r1, r7
100041aa:	0d86      	lsrs	r6, r0, #22
100041ac:	028f      	lsls	r7, r1, #10
100041ae:	433e      	orrs	r6, r7
100041b0:	4366      	muls	r6, r4
100041b2:	2729      	movs	r7, #41	; 0x29
100041b4:	1b7f      	subs	r7, r7, r5
100041b6:	40fe      	lsrs	r6, r7
100041b8:	3d0c      	subs	r5, #12
100041ba:	4677      	mov	r7, lr
100041bc:	40af      	lsls	r7, r5
100041be:	19bf      	adds	r7, r7, r6
100041c0:	bc30      	pop	{r4, r5}
100041c2:	b2a2      	uxth	r2, r4
100041c4:	b2ab      	uxth	r3, r5
100041c6:	4372      	muls	r2, r6
100041c8:	4373      	muls	r3, r6
100041ca:	1a80      	subs	r0, r0, r2
100041cc:	4199      	sbcs	r1, r3
100041ce:	0c22      	lsrs	r2, r4, #16
100041d0:	4372      	muls	r2, r6
100041d2:	0c13      	lsrs	r3, r2, #16
100041d4:	0412      	lsls	r2, r2, #16
100041d6:	1a80      	subs	r0, r0, r2
100041d8:	4199      	sbcs	r1, r3
100041da:	0002      	movs	r2, r0
100041dc:	000b      	movs	r3, r1
100041de:	3701      	adds	r7, #1
100041e0:	1b00      	subs	r0, r0, r4
100041e2:	41a9      	sbcs	r1, r5
100041e4:	d2f9      	bcs.n	100041da <y64_x48+0xe8>
100041e6:	1e78      	subs	r0, r7, #1
100041e8:	2100      	movs	r1, #0
100041ea:	bdf0      	pop	{r4, r5, r6, r7, pc}

100041ec <last1>:
100041ec:	270c      	movs	r7, #12
100041ee:	1b7f      	subs	r7, r7, r5
100041f0:	40fe      	lsrs	r6, r7
100041f2:	4677      	mov	r7, lr
100041f4:	0b7f      	lsrs	r7, r7, #13
100041f6:	40af      	lsls	r7, r5
100041f8:	19ff      	adds	r7, r7, r7
100041fa:	e7e0      	b.n	100041be <y64_x48+0xcc>

100041fc <y64_x64>:
100041fc:	2400      	movs	r4, #0
100041fe:	1c5d      	adds	r5, r3, #1
10004200:	d007      	beq.n	10004212 <y64_x64+0x16>
10004202:	4f14      	ldr	r7, [pc, #80]	; (10004254 <y64_x64+0x58>)
10004204:	667d      	str	r5, [r7, #100]	; 0x64
10004206:	6639      	str	r1, [r7, #96]	; 0x60
10004208:	e7ff      	b.n	1000420a <y64_x64+0xe>
1000420a:	e7ff      	b.n	1000420c <y64_x64+0x10>
1000420c:	e7ff      	b.n	1000420e <y64_x64+0x12>
1000420e:	e7ff      	b.n	10004210 <y64_x64+0x14>
10004210:	6f3c      	ldr	r4, [r7, #112]	; 0x70
10004212:	b295      	uxth	r5, r2
10004214:	b29e      	uxth	r6, r3
10004216:	4365      	muls	r5, r4
10004218:	4366      	muls	r6, r4
1000421a:	1b40      	subs	r0, r0, r5
1000421c:	41b1      	sbcs	r1, r6
1000421e:	0c15      	lsrs	r5, r2, #16
10004220:	0c1e      	lsrs	r6, r3, #16
10004222:	4365      	muls	r5, r4
10004224:	4366      	muls	r6, r4
10004226:	0436      	lsls	r6, r6, #16
10004228:	0c2f      	lsrs	r7, r5, #16
1000422a:	433e      	orrs	r6, r7
1000422c:	042d      	lsls	r5, r5, #16
1000422e:	1b40      	subs	r0, r0, r5
10004230:	41b1      	sbcs	r1, r6
10004232:	4299      	cmp	r1, r3
10004234:	d204      	bcs.n	10004240 <y64_x64+0x44>
10004236:	0002      	movs	r2, r0
10004238:	000b      	movs	r3, r1
1000423a:	0020      	movs	r0, r4
1000423c:	2100      	movs	r1, #0
1000423e:	bdf0      	pop	{r4, r5, r6, r7, pc}
10004240:	d101      	bne.n	10004246 <y64_x64+0x4a>
10004242:	4290      	cmp	r0, r2
10004244:	d3f7      	bcc.n	10004236 <y64_x64+0x3a>
10004246:	1a80      	subs	r0, r0, r2
10004248:	4199      	sbcs	r1, r3
1000424a:	3401      	adds	r4, #1
1000424c:	4299      	cmp	r1, r3
1000424e:	d3f2      	bcc.n	10004236 <y64_x64+0x3a>
10004250:	e7f6      	b.n	10004240 <y64_x64+0x44>
10004252:	0000      	.short	0x0000
10004254:	d0000000 	.word	0xd0000000
10004258:	ffffffff 	.word	0xffffffff

1000425c <__wrap___aeabi_drsub>:
1000425c:	4048      	eors	r0, r1
1000425e:	4041      	eors	r1, r0
10004260:	4048      	eors	r0, r1

10004262 <__wrap___aeabi_dsub>:
10004262:	b418      	push	{r3, r4}
10004264:	4b13      	ldr	r3, [pc, #76]	; (100042b4 <__wrap___aeabi_dmul+0xa>)
10004266:	685b      	ldr	r3, [r3, #4]
10004268:	9301      	str	r3, [sp, #4]
1000426a:	bd08      	pop	{r3, pc}

1000426c <__wrap___aeabi_dadd>:
1000426c:	b418      	push	{r3, r4}
1000426e:	4b11      	ldr	r3, [pc, #68]	; (100042b4 <__wrap___aeabi_dmul+0xa>)
10004270:	681b      	ldr	r3, [r3, #0]
10004272:	9301      	str	r3, [sp, #4]
10004274:	bd08      	pop	{r3, pc}

10004276 <__wrap___aeabi_ddiv>:
10004276:	4694      	mov	ip, r2
10004278:	4a0f      	ldr	r2, [pc, #60]	; (100042b8 <__wrap___aeabi_dmul+0xe>)
1000427a:	6f92      	ldr	r2, [r2, #120]	; 0x78
1000427c:	0892      	lsrs	r2, r2, #2
1000427e:	d205      	bcs.n	1000428c <ddiv_save_state>
10004280:	4662      	mov	r2, ip

10004282 <ddiv_shim_call>:
10004282:	b418      	push	{r3, r4}
10004284:	4b0b      	ldr	r3, [pc, #44]	; (100042b4 <__wrap___aeabi_dmul+0xa>)
10004286:	68db      	ldr	r3, [r3, #12]
10004288:	9301      	str	r3, [sp, #4]
1000428a:	bd08      	pop	{r3, pc}

1000428c <ddiv_save_state>:
1000428c:	4a0a      	ldr	r2, [pc, #40]	; (100042b8 <__wrap___aeabi_dmul+0xe>)
1000428e:	b5f0      	push	{r4, r5, r6, r7, lr}
10004290:	6e14      	ldr	r4, [r2, #96]	; 0x60
10004292:	6e55      	ldr	r5, [r2, #100]	; 0x64
10004294:	6f57      	ldr	r7, [r2, #116]	; 0x74
10004296:	6f16      	ldr	r6, [r2, #112]	; 0x70
10004298:	4662      	mov	r2, ip
1000429a:	f7ff fff2 	bl	10004282 <ddiv_shim_call>
1000429e:	4a06      	ldr	r2, [pc, #24]	; (100042b8 <__wrap___aeabi_dmul+0xe>)
100042a0:	6614      	str	r4, [r2, #96]	; 0x60
100042a2:	6655      	str	r5, [r2, #100]	; 0x64
100042a4:	6757      	str	r7, [r2, #116]	; 0x74
100042a6:	6716      	str	r6, [r2, #112]	; 0x70
100042a8:	bdf0      	pop	{r4, r5, r6, r7, pc}

100042aa <__wrap___aeabi_dmul>:
100042aa:	b418      	push	{r3, r4}
100042ac:	4b01      	ldr	r3, [pc, #4]	; (100042b4 <__wrap___aeabi_dmul+0xa>)
100042ae:	689b      	ldr	r3, [r3, #8]
100042b0:	9301      	str	r3, [sp, #4]
100042b2:	bd08      	pop	{r3, pc}
100042b4:	20001ce0 	.word	0x20001ce0
100042b8:	d0000000 	.word	0xd0000000

100042bc <__wrap___aeabi_cdrcmple>:
100042bc:	b5ff      	push	{r0, r1, r2, r3, r4, r5, r6, r7, lr}
100042be:	4050      	eors	r0, r2
100042c0:	4042      	eors	r2, r0
100042c2:	4050      	eors	r0, r2
100042c4:	4059      	eors	r1, r3
100042c6:	404b      	eors	r3, r1
100042c8:	4059      	eors	r1, r3
100042ca:	e000      	b.n	100042ce <__aeabi_dfcmple_guts>

100042cc <__wrap___aeabi_cdcmpeq>:
100042cc:	b5ff      	push	{r0, r1, r2, r3, r4, r5, r6, r7, lr}

100042ce <__aeabi_dfcmple_guts>:
100042ce:	4f15      	ldr	r7, [pc, #84]	; (10004324 <__aeabi_dfcmple_guts+0x56>)
100042d0:	004c      	lsls	r4, r1, #1
100042d2:	0d64      	lsrs	r4, r4, #21
100042d4:	d003      	beq.n	100042de <__aeabi_dfcmple_guts+0x10>
100042d6:	42bc      	cmp	r4, r7
100042d8:	d104      	bne.n	100042e4 <__aeabi_dfcmple_guts+0x16>
100042da:	030c      	lsls	r4, r1, #12
100042dc:	d814      	bhi.n	10004308 <__aeabi_dfcmple_guts+0x3a>
100042de:	2000      	movs	r0, #0
100042e0:	0d09      	lsrs	r1, r1, #20
100042e2:	0509      	lsls	r1, r1, #20
100042e4:	005c      	lsls	r4, r3, #1
100042e6:	0d64      	lsrs	r4, r4, #21
100042e8:	d003      	beq.n	100042f2 <__aeabi_dfcmple_guts+0x24>
100042ea:	42bc      	cmp	r4, r7
100042ec:	d104      	bne.n	100042f8 <__aeabi_dfcmple_guts+0x2a>
100042ee:	031c      	lsls	r4, r3, #12
100042f0:	d80a      	bhi.n	10004308 <__aeabi_dfcmple_guts+0x3a>
100042f2:	2200      	movs	r2, #0
100042f4:	0d1b      	lsrs	r3, r3, #20
100042f6:	051b      	lsls	r3, r3, #20
100042f8:	2601      	movs	r6, #1
100042fa:	404b      	eors	r3, r1
100042fc:	d409      	bmi.n	10004312 <__aeabi_dfcmple_guts+0x44>
100042fe:	404b      	eors	r3, r1
10004300:	d503      	bpl.n	1000430a <__aeabi_dfcmple_guts+0x3c>
10004302:	428b      	cmp	r3, r1
10004304:	d100      	bne.n	10004308 <__aeabi_dfcmple_guts+0x3a>
10004306:	4282      	cmp	r2, r0
10004308:	bdff      	pop	{r0, r1, r2, r3, r4, r5, r6, r7, pc}
1000430a:	4299      	cmp	r1, r3
1000430c:	d1fc      	bne.n	10004308 <__aeabi_dfcmple_guts+0x3a>
1000430e:	4290      	cmp	r0, r2
10004310:	bdff      	pop	{r0, r1, r2, r3, r4, r5, r6, r7, pc}
10004312:	430b      	orrs	r3, r1
10004314:	18db      	adds	r3, r3, r3
10004316:	4303      	orrs	r3, r0
10004318:	4313      	orrs	r3, r2
1000431a:	d0f5      	beq.n	10004308 <__aeabi_dfcmple_guts+0x3a>
1000431c:	43c9      	mvns	r1, r1
1000431e:	1849      	adds	r1, r1, r1
10004320:	bdff      	pop	{r0, r1, r2, r3, r4, r5, r6, r7, pc}
10004322:	0000      	.short	0x0000
10004324:	000007ff 	.word	0x000007ff

10004328 <__wrap___aeabi_dcmplt>:
10004328:	b500      	push	{lr}
1000432a:	f7ff ffcf 	bl	100042cc <__wrap___aeabi_cdcmpeq>
1000432e:	4180      	sbcs	r0, r0
10004330:	bd00      	pop	{pc}
10004332:	46c0      	nop			; (mov r8, r8)

10004334 <__wrap___aeabi_dcmple>:
10004334:	b500      	push	{lr}
10004336:	f7ff ffc9 	bl	100042cc <__wrap___aeabi_cdcmpeq>
1000433a:	d901      	bls.n	10004340 <__wrap___aeabi_dcmple+0xc>
1000433c:	2000      	movs	r0, #0
1000433e:	bd00      	pop	{pc}
10004340:	2001      	movs	r0, #1
10004342:	bd00      	pop	{pc}

10004344 <__wrap___aeabi_dcmpge>:
10004344:	b500      	push	{lr}
10004346:	f7ff ffb9 	bl	100042bc <__wrap___aeabi_cdrcmple>
1000434a:	d901      	bls.n	10004350 <__wrap___aeabi_dcmpge+0xc>
1000434c:	2000      	movs	r0, #0
1000434e:	bd00      	pop	{pc}
10004350:	2001      	movs	r0, #1
10004352:	bd00      	pop	{pc}

10004354 <__wrap___aeabi_dcmpgt>:
10004354:	b500      	push	{lr}
10004356:	f7ff ffb1 	bl	100042bc <__wrap___aeabi_cdrcmple>
1000435a:	4180      	sbcs	r0, r0
1000435c:	bd00      	pop	{pc}

1000435e <__wrap___aeabi_dcmpun>:
1000435e:	2001      	movs	r0, #1
10004360:	0540      	lsls	r0, r0, #21
10004362:	004a      	lsls	r2, r1, #1
10004364:	1812      	adds	r2, r2, r0
10004366:	d804      	bhi.n	10004372 <__wrap___aeabi_dcmpun+0x14>
10004368:	005a      	lsls	r2, r3, #1
1000436a:	1812      	adds	r2, r2, r0
1000436c:	d801      	bhi.n	10004372 <__wrap___aeabi_dcmpun+0x14>
1000436e:	2000      	movs	r0, #0
10004370:	4770      	bx	lr
10004372:	2001      	movs	r0, #1
10004374:	4770      	bx	lr
10004376:	2000      	movs	r0, #0
10004378:	4770      	bx	lr
	...

1000437c <__wrap___aeabi_ui2d>:
1000437c:	2100      	movs	r1, #0
1000437e:	2800      	cmp	r0, #0
10004380:	d105      	bne.n	1000438e <__wrap___aeabi_i2d+0xa>
10004382:	4770      	bx	lr

10004384 <__wrap___aeabi_i2d>:
10004384:	17c1      	asrs	r1, r0, #31
10004386:	4048      	eors	r0, r1
10004388:	1a40      	subs	r0, r0, r1
1000438a:	d0fa      	beq.n	10004382 <__wrap___aeabi_ui2d+0x6>
1000438c:	07c9      	lsls	r1, r1, #31
1000438e:	b513      	push	{r0, r1, r4, lr}
10004390:	4b06      	ldr	r3, [pc, #24]	; (100043ac <__wrap___aeabi_i2d+0x28>)
10004392:	681b      	ldr	r3, [r3, #0]
10004394:	4798      	blx	r3
10004396:	bc0c      	pop	{r2, r3}
10004398:	1c44      	adds	r4, r0, #1
1000439a:	40a2      	lsls	r2, r4
1000439c:	0510      	lsls	r0, r2, #20
1000439e:	0b12      	lsrs	r2, r2, #12
100043a0:	4903      	ldr	r1, [pc, #12]	; (100043b0 <__wrap___aeabi_i2d+0x2c>)
100043a2:	1b09      	subs	r1, r1, r4
100043a4:	0509      	lsls	r1, r1, #20
100043a6:	4319      	orrs	r1, r3
100043a8:	4311      	orrs	r1, r2
100043aa:	bd10      	pop	{r4, pc}
100043ac:	20001de0 	.word	0x20001de0
100043b0:	0000041f 	.word	0x0000041f

100043b4 <__wrap___aeabi_d2iz>:
100043b4:	b510      	push	{r4, lr}
100043b6:	004c      	lsls	r4, r1, #1
100043b8:	0d62      	lsrs	r2, r4, #21
100043ba:	2380      	movs	r3, #128	; 0x80
100043bc:	18d2      	adds	r2, r2, r3
100043be:	00db      	lsls	r3, r3, #3
100043c0:	1ad2      	subs	r2, r2, r3
100043c2:	055b      	lsls	r3, r3, #21
100043c4:	2a7e      	cmp	r2, #126	; 0x7e
100043c6:	dd10      	ble.n	100043ea <__wrap___aeabi_d2iz+0x36>
100043c8:	3a9e      	subs	r2, #158	; 0x9e
100043ca:	da13      	bge.n	100043f4 <__wrap___aeabi_d2iz+0x40>
100043cc:	17cc      	asrs	r4, r1, #31
100043ce:	0309      	lsls	r1, r1, #12
100043d0:	0849      	lsrs	r1, r1, #1
100043d2:	4319      	orrs	r1, r3
100043d4:	4252      	negs	r2, r2
100043d6:	40d1      	lsrs	r1, r2
100043d8:	0064      	lsls	r4, r4, #1
100043da:	3401      	adds	r4, #1
100043dc:	3215      	adds	r2, #21
100043de:	2a20      	cmp	r2, #32
100043e0:	da05      	bge.n	100043ee <__wrap___aeabi_d2iz+0x3a>
100043e2:	40d0      	lsrs	r0, r2
100043e4:	4308      	orrs	r0, r1
100043e6:	4360      	muls	r0, r4
100043e8:	bd10      	pop	{r4, pc}
100043ea:	2000      	movs	r0, #0
100043ec:	bd10      	pop	{r4, pc}
100043ee:	4608      	mov	r0, r1
100043f0:	4360      	muls	r0, r4
100043f2:	bd10      	pop	{r4, pc}
100043f4:	0fc8      	lsrs	r0, r1, #31
100043f6:	18c0      	adds	r0, r0, r3
100043f8:	3801      	subs	r0, #1
100043fa:	bd10      	pop	{r4, pc}

100043fc <__wrap___aeabi_d2uiz>:
100043fc:	b418      	push	{r3, r4}
100043fe:	4b02      	ldr	r3, [pc, #8]	; (10004408 <__wrap___aeabi_d2uiz+0xc>)
10004400:	6a5b      	ldr	r3, [r3, #36]	; 0x24
10004402:	9301      	str	r3, [sp, #4]
10004404:	bd08      	pop	{r3, pc}
10004406:	0000      	.short	0x0000
10004408:	20001ce0 	.word	0x20001ce0

1000440c <missing_double_func_shim>:
1000440c:	b510      	push	{r4, lr}
1000440e:	4801      	ldr	r0, [pc, #4]	; (10004414 <missing_double_func_shim+0x8>)
10004410:	f7fe fbba 	bl	10002b88 <panic>
10004414:	10009f80 	.word	0x10009f80

10004418 <__aeabi_double_init>:
10004418:	b570      	push	{r4, r5, r6, lr}
1000441a:	2313      	movs	r3, #19
1000441c:	781c      	ldrb	r4, [r3, #0]
1000441e:	2c01      	cmp	r4, #1
10004420:	d014      	beq.n	1000444c <__aeabi_double_init+0x34>
10004422:	2c01      	cmp	r4, #1
10004424:	dc14      	bgt.n	10004450 <__aeabi_double_init+0x38>
10004426:	2c02      	cmp	r4, #2
10004428:	dc02      	bgt.n	10004430 <__aeabi_double_init+0x18>
1000442a:	4a1f      	ldr	r2, [pc, #124]	; (100044a8 <__aeabi_double_init+0x90>)
1000442c:	4b1f      	ldr	r3, [pc, #124]	; (100044ac <__aeabi_double_init+0x94>)
1000442e:	649a      	str	r2, [r3, #72]	; 0x48
10004430:	481f      	ldr	r0, [pc, #124]	; (100044b0 <__aeabi_double_init+0x98>)
10004432:	f7ff fc87 	bl	10003d44 <rom_func_lookup>
10004436:	4b1f      	ldr	r3, [pc, #124]	; (100044b4 <__aeabi_double_init+0x9c>)
10004438:	6018      	str	r0, [r3, #0]
1000443a:	bd70      	pop	{r4, r5, r6, pc}
1000443c:	0099      	lsls	r1, r3, #2
1000443e:	481e      	ldr	r0, [pc, #120]	; (100044b8 <__aeabi_double_init+0xa0>)
10004440:	4a1a      	ldr	r2, [pc, #104]	; (100044ac <__aeabi_double_init+0x94>)
10004442:	5088      	str	r0, [r1, r2]
10004444:	3301      	adds	r3, #1
10004446:	2b1f      	cmp	r3, #31
10004448:	d9f8      	bls.n	1000443c <__aeabi_double_init+0x24>
1000444a:	e7ea      	b.n	10004422 <__aeabi_double_init+0xa>
1000444c:	2300      	movs	r3, #0
1000444e:	e7fa      	b.n	10004446 <__aeabi_double_init+0x2e>
10004450:	481a      	ldr	r0, [pc, #104]	; (100044bc <__aeabi_double_init+0xa4>)
10004452:	f7ff fc7f 	bl	10003d54 <rom_data_lookup>
10004456:	0005      	movs	r5, r0
10004458:	4819      	ldr	r0, [pc, #100]	; (100044c0 <__aeabi_double_init+0xa8>)
1000445a:	f7ff fc7b 	bl	10003d54 <rom_data_lookup>
1000445e:	3802      	subs	r0, #2
10004460:	7803      	ldrb	r3, [r0, #0]
10004462:	009b      	lsls	r3, r3, #2
10004464:	2b7f      	cmp	r3, #127	; 0x7f
10004466:	dd19      	ble.n	1000449c <__aeabi_double_init+0x84>
10004468:	2280      	movs	r2, #128	; 0x80
1000446a:	0029      	movs	r1, r5
1000446c:	480f      	ldr	r0, [pc, #60]	; (100044ac <__aeabi_double_init+0x94>)
1000446e:	f000 f917 	bl	100046a0 <__wrap___aeabi_memcpy>
10004472:	2c02      	cmp	r4, #2
10004474:	d1d7      	bne.n	10004426 <__aeabi_double_init+0xe>
10004476:	4b13      	ldr	r3, [pc, #76]	; (100044c4 <__aeabi_double_init+0xac>)
10004478:	881a      	ldrh	r2, [r3, #0]
1000447a:	23b5      	movs	r3, #181	; 0xb5
1000447c:	021b      	lsls	r3, r3, #8
1000447e:	429a      	cmp	r2, r3
10004480:	d109      	bne.n	10004496 <__aeabi_double_init+0x7e>
10004482:	4b11      	ldr	r3, [pc, #68]	; (100044c8 <__aeabi_double_init+0xb0>)
10004484:	881a      	ldrh	r2, [r3, #0]
10004486:	4b11      	ldr	r3, [pc, #68]	; (100044cc <__aeabi_double_init+0xb4>)
10004488:	429a      	cmp	r2, r3
1000448a:	d104      	bne.n	10004496 <__aeabi_double_init+0x7e>
1000448c:	4b10      	ldr	r3, [pc, #64]	; (100044d0 <__aeabi_double_init+0xb8>)
1000448e:	881a      	ldrh	r2, [r3, #0]
10004490:	4b10      	ldr	r3, [pc, #64]	; (100044d4 <__aeabi_double_init+0xbc>)
10004492:	429a      	cmp	r2, r3
10004494:	d0c7      	beq.n	10004426 <__aeabi_double_init+0xe>
10004496:	2000      	movs	r0, #0
10004498:	f7fe fb76 	bl	10002b88 <panic>
1000449c:	4b0e      	ldr	r3, [pc, #56]	; (100044d8 <__aeabi_double_init+0xc0>)
1000449e:	4a0f      	ldr	r2, [pc, #60]	; (100044dc <__aeabi_double_init+0xc4>)
100044a0:	2132      	movs	r1, #50	; 0x32
100044a2:	480f      	ldr	r0, [pc, #60]	; (100044e0 <__aeabi_double_init+0xc8>)
100044a4:	f7fe fad6 	bl	10002a54 <__assert_func>
100044a8:	100044e5 	.word	0x100044e5
100044ac:	20001ce0 	.word	0x20001ce0
100044b0:	0000334c 	.word	0x0000334c
100044b4:	20001de0 	.word	0x20001de0
100044b8:	1000440d 	.word	0x1000440d
100044bc:	00004453 	.word	0x00004453
100044c0:	00004653 	.word	0x00004653
100044c4:	00003854 	.word	0x00003854
100044c8:	000038d8 	.word	0x000038d8
100044cc:	00004649 	.word	0x00004649
100044d0:	0000389c 	.word	0x0000389c
100044d4:	00004659 	.word	0x00004659
100044d8:	10009f98 	.word	0x10009f98
100044dc:	1000a050 	.word	0x1000a050
100044e0:	10009fec 	.word	0x10009fec

100044e4 <double_table_shim_on_use_helper>:
100044e4:	b507      	push	{r0, r1, r2, lr}
100044e6:	4660      	mov	r0, ip
100044e8:	2800      	cmp	r0, #0
100044ea:	d100      	bne.n	100044ee <double_table_shim_on_use_helper+0xa>
100044ec:	be00      	bkpt	0x0000
100044ee:	8801      	ldrh	r1, [r0, #0]
100044f0:	0a0a      	lsrs	r2, r1, #8
100044f2:	3002      	adds	r0, #2
100044f4:	2adf      	cmp	r2, #223	; 0xdf
100044f6:	d1fa      	bne.n	100044ee <double_table_shim_on_use_helper+0xa>
100044f8:	b2c9      	uxtb	r1, r1
100044fa:	0882      	lsrs	r2, r0, #2
100044fc:	d304      	bcc.n	10004508 <double_table_shim_on_use_helper+0x24>
100044fe:	8802      	ldrh	r2, [r0, #0]
10004500:	8840      	ldrh	r0, [r0, #2]
10004502:	0400      	lsls	r0, r0, #16
10004504:	4310      	orrs	r0, r2
10004506:	e000      	b.n	1000450a <double_table_shim_on_use_helper+0x26>
10004508:	6800      	ldr	r0, [r0, #0]
1000450a:	4a02      	ldr	r2, [pc, #8]	; (10004514 <double_table_shim_on_use_helper+0x30>)
1000450c:	5050      	str	r0, [r2, r1]
1000450e:	9003      	str	r0, [sp, #12]
10004510:	bd07      	pop	{r0, r1, r2, pc}
10004512:	0000      	.short	0x0000
10004514:	20001ce0 	.word	0x20001ce0

10004518 <__wrap___aeabi_lmul>:
10004518:	4351      	muls	r1, r2
1000451a:	4343      	muls	r3, r0
1000451c:	18c9      	adds	r1, r1, r3
1000451e:	468c      	mov	ip, r1
10004520:	0c11      	lsrs	r1, r2, #16
10004522:	b283      	uxth	r3, r0
10004524:	434b      	muls	r3, r1
10004526:	b410      	push	{r4}
10004528:	0c04      	lsrs	r4, r0, #16
1000452a:	4361      	muls	r1, r4
1000452c:	b292      	uxth	r2, r2
1000452e:	b280      	uxth	r0, r0
10004530:	4350      	muls	r0, r2
10004532:	4362      	muls	r2, r4
10004534:	041c      	lsls	r4, r3, #16
10004536:	0c1b      	lsrs	r3, r3, #16
10004538:	1900      	adds	r0, r0, r4
1000453a:	bc10      	pop	{r4}
1000453c:	4159      	adcs	r1, r3
1000453e:	0413      	lsls	r3, r2, #16
10004540:	0c12      	lsrs	r2, r2, #16
10004542:	18c0      	adds	r0, r0, r3
10004544:	4151      	adcs	r1, r2
10004546:	4461      	add	r1, ip
10004548:	4770      	bx	lr
	...

1000454c <__wrap___aeabi_frsub>:
1000454c:	4048      	eors	r0, r1
1000454e:	4041      	eors	r1, r0
10004550:	4048      	eors	r0, r1

10004552 <__wrap___aeabi_fsub>:
10004552:	4b0e      	ldr	r3, [pc, #56]	; (1000458c <__wrap___aeabi_fmul+0x6>)
10004554:	685b      	ldr	r3, [r3, #4]
10004556:	4718      	bx	r3

10004558 <__wrap___aeabi_fadd>:
10004558:	4b0c      	ldr	r3, [pc, #48]	; (1000458c <__wrap___aeabi_fmul+0x6>)
1000455a:	681b      	ldr	r3, [r3, #0]
1000455c:	4718      	bx	r3

1000455e <__wrap___aeabi_fdiv>:
1000455e:	4a0c      	ldr	r2, [pc, #48]	; (10004590 <__wrap___aeabi_fmul+0xa>)
10004560:	6f93      	ldr	r3, [r2, #120]	; 0x78
10004562:	089b      	lsrs	r3, r3, #2
10004564:	d202      	bcs.n	1000456c <fdiv_save_state>

10004566 <fdiv_shim_call>:
10004566:	4b09      	ldr	r3, [pc, #36]	; (1000458c <__wrap___aeabi_fmul+0x6>)
10004568:	68db      	ldr	r3, [r3, #12]
1000456a:	4718      	bx	r3

1000456c <fdiv_save_state>:
1000456c:	b5f0      	push	{r4, r5, r6, r7, lr}
1000456e:	6e14      	ldr	r4, [r2, #96]	; 0x60
10004570:	6e55      	ldr	r5, [r2, #100]	; 0x64
10004572:	6f57      	ldr	r7, [r2, #116]	; 0x74
10004574:	6f16      	ldr	r6, [r2, #112]	; 0x70
10004576:	f7ff fff6 	bl	10004566 <fdiv_shim_call>
1000457a:	4a05      	ldr	r2, [pc, #20]	; (10004590 <__wrap___aeabi_fmul+0xa>)
1000457c:	6614      	str	r4, [r2, #96]	; 0x60
1000457e:	6655      	str	r5, [r2, #100]	; 0x64
10004580:	6757      	str	r7, [r2, #116]	; 0x74
10004582:	6716      	str	r6, [r2, #112]	; 0x70
10004584:	bdf0      	pop	{r4, r5, r6, r7, pc}

10004586 <__wrap___aeabi_fmul>:
10004586:	4b01      	ldr	r3, [pc, #4]	; (1000458c <__wrap___aeabi_fmul+0x6>)
10004588:	689b      	ldr	r3, [r3, #8]
1000458a:	4718      	bx	r3
1000458c:	20001de4 	.word	0x20001de4
10004590:	d0000000 	.word	0xd0000000

10004594 <__wrap___aeabi_ui2f>:
10004594:	1a49      	subs	r1, r1, r1
10004596:	2800      	cmp	r0, #0
10004598:	d108      	bne.n	100045ac <__aeabi_i2f_main>
1000459a:	4608      	mov	r0, r1
1000459c:	4770      	bx	lr
	...

100045a0 <__wrap___aeabi_i2f>:
100045a0:	0fc1      	lsrs	r1, r0, #31
100045a2:	07c9      	lsls	r1, r1, #31
100045a4:	d500      	bpl.n	100045a8 <__wrap___aeabi_i2f+0x8>
100045a6:	4240      	negs	r0, r0
100045a8:	2800      	cmp	r0, #0
100045aa:	d017      	beq.n	100045dc <__aeabi_i2f_main+0x30>

100045ac <__aeabi_i2f_main>:
100045ac:	46f4      	mov	ip, lr
100045ae:	b403      	push	{r0, r1}
100045b0:	4b0b      	ldr	r3, [pc, #44]	; (100045e0 <__aeabi_i2f_main+0x34>)
100045b2:	681b      	ldr	r3, [r3, #0]
100045b4:	4798      	blx	r3
100045b6:	bc06      	pop	{r1, r2}
100045b8:	4081      	lsls	r1, r0
100045ba:	389e      	subs	r0, #158	; 0x9e
100045bc:	4240      	negs	r0, r0
100045be:	3180      	adds	r1, #128	; 0x80
100045c0:	d207      	bcs.n	100045d2 <__aeabi_i2f_main+0x26>
100045c2:	060b      	lsls	r3, r1, #24
100045c4:	d007      	beq.n	100045d6 <__aeabi_i2f_main+0x2a>
100045c6:	0049      	lsls	r1, r1, #1
100045c8:	0a49      	lsrs	r1, r1, #9
100045ca:	05c0      	lsls	r0, r0, #23
100045cc:	4310      	orrs	r0, r2
100045ce:	4308      	orrs	r0, r1
100045d0:	4760      	bx	ip
100045d2:	3001      	adds	r0, #1
100045d4:	e7f8      	b.n	100045c8 <__aeabi_i2f_main+0x1c>
100045d6:	0a49      	lsrs	r1, r1, #9
100045d8:	0289      	lsls	r1, r1, #10
100045da:	e7f5      	b.n	100045c8 <__aeabi_i2f_main+0x1c>
100045dc:	4770      	bx	lr
100045de:	0000      	.short	0x0000
100045e0:	20001de0 	.word	0x20001de0

100045e4 <__wrap___aeabi_f2d>:
100045e4:	4b01      	ldr	r3, [pc, #4]	; (100045ec <__wrap___aeabi_f2d+0x8>)
100045e6:	6fdb      	ldr	r3, [r3, #124]	; 0x7c
100045e8:	4718      	bx	r3
100045ea:	0000      	.short	0x0000
100045ec:	20001de4 	.word	0x20001de4

100045f0 <missing_float_func_shim>:
100045f0:	b510      	push	{r4, lr}
100045f2:	4801      	ldr	r0, [pc, #4]	; (100045f8 <missing_float_func_shim+0x8>)
100045f4:	f7fe fac8 	bl	10002b88 <panic>
100045f8:	10008f68 	.word	0x10008f68

100045fc <__aeabi_float_init>:
100045fc:	b570      	push	{r4, r5, r6, lr}
100045fe:	2313      	movs	r3, #19
10004600:	781e      	ldrb	r6, [r3, #0]
10004602:	4818      	ldr	r0, [pc, #96]	; (10004664 <__aeabi_float_init+0x68>)
10004604:	f7ff fba6 	bl	10003d54 <rom_data_lookup>
10004608:	0005      	movs	r5, r0
1000460a:	2e01      	cmp	r6, #1
1000460c:	d011      	beq.n	10004632 <__aeabi_float_init+0x36>
1000460e:	2e01      	cmp	r6, #1
10004610:	dd09      	ble.n	10004626 <__aeabi_float_init+0x2a>
10004612:	1eab      	subs	r3, r5, #2
10004614:	781b      	ldrb	r3, [r3, #0]
10004616:	009b      	lsls	r3, r3, #2
10004618:	2b7f      	cmp	r3, #127	; 0x7f
1000461a:	dd1d      	ble.n	10004658 <__aeabi_float_init+0x5c>
1000461c:	2280      	movs	r2, #128	; 0x80
1000461e:	0029      	movs	r1, r5
10004620:	4811      	ldr	r0, [pc, #68]	; (10004668 <__aeabi_float_init+0x6c>)
10004622:	f000 f83d 	bl	100046a0 <__wrap___aeabi_memcpy>
10004626:	4811      	ldr	r0, [pc, #68]	; (1000466c <__aeabi_float_init+0x70>)
10004628:	f7ff fb8c 	bl	10003d44 <rom_func_lookup>
1000462c:	4b10      	ldr	r3, [pc, #64]	; (10004670 <__aeabi_float_init+0x74>)
1000462e:	6018      	str	r0, [r3, #0]
10004630:	bd70      	pop	{r4, r5, r6, pc}
10004632:	2254      	movs	r2, #84	; 0x54
10004634:	0001      	movs	r1, r0
10004636:	480c      	ldr	r0, [pc, #48]	; (10004668 <__aeabi_float_init+0x6c>)
10004638:	f000 f832 	bl	100046a0 <__wrap___aeabi_memcpy>
1000463c:	2300      	movs	r3, #0
1000463e:	e000      	b.n	10004642 <__aeabi_float_init+0x46>
10004640:	3301      	adds	r3, #1
10004642:	2b1f      	cmp	r3, #31
10004644:	d8e3      	bhi.n	1000460e <__aeabi_float_init+0x12>
10004646:	009a      	lsls	r2, r3, #2
10004648:	4c07      	ldr	r4, [pc, #28]	; (10004668 <__aeabi_float_init+0x6c>)
1000464a:	5912      	ldr	r2, [r2, r4]
1000464c:	2a00      	cmp	r2, #0
1000464e:	d1f7      	bne.n	10004640 <__aeabi_float_init+0x44>
10004650:	009a      	lsls	r2, r3, #2
10004652:	4808      	ldr	r0, [pc, #32]	; (10004674 <__aeabi_float_init+0x78>)
10004654:	5110      	str	r0, [r2, r4]
10004656:	e7f3      	b.n	10004640 <__aeabi_float_init+0x44>
10004658:	4b07      	ldr	r3, [pc, #28]	; (10004678 <__aeabi_float_init+0x7c>)
1000465a:	4a08      	ldr	r2, [pc, #32]	; (1000467c <__aeabi_float_init+0x80>)
1000465c:	2142      	movs	r1, #66	; 0x42
1000465e:	4808      	ldr	r0, [pc, #32]	; (10004680 <__aeabi_float_init+0x84>)
10004660:	f7fe f9f8 	bl	10002a54 <__assert_func>
10004664:	00004653 	.word	0x00004653
10004668:	20001de4 	.word	0x20001de4
1000466c:	0000334c 	.word	0x0000334c
10004670:	20001de0 	.word	0x20001de0
10004674:	100045f1 	.word	0x100045f1
10004678:	1000a064 	.word	0x1000a064
1000467c:	1000a0fc 	.word	0x1000a0fc
10004680:	1000a098 	.word	0x1000a098

10004684 <__aeabi_mem_init>:
10004684:	4801      	ldr	r0, [pc, #4]	; (1000468c <__aeabi_mem_init+0x8>)
10004686:	2104      	movs	r1, #4
10004688:	4b01      	ldr	r3, [pc, #4]	; (10004690 <__aeabi_mem_init+0xc>)
1000468a:	4718      	bx	r3
1000468c:	20000c40 	.word	0x20000c40
10004690:	10003d65 	.word	0x10003d65

10004694 <__wrap_memset>:
10004694:	4b01      	ldr	r3, [pc, #4]	; (1000469c <__wrap_memset+0x8>)
10004696:	681b      	ldr	r3, [r3, #0]
10004698:	4718      	bx	r3
1000469a:	0000      	.short	0x0000
1000469c:	20000c40 	.word	0x20000c40

100046a0 <__wrap___aeabi_memcpy>:
100046a0:	4b01      	ldr	r3, [pc, #4]	; (100046a8 <__wrap___aeabi_memcpy+0x8>)
100046a2:	685b      	ldr	r3, [r3, #4]
100046a4:	4718      	bx	r3
100046a6:	0000      	.short	0x0000
100046a8:	20000c40 	.word	0x20000c40

100046ac <stdio_out_chars_no_crlf>:
100046ac:	b510      	push	{r4, lr}
100046ae:	0003      	movs	r3, r0
100046b0:	0008      	movs	r0, r1
100046b2:	0011      	movs	r1, r2
100046b4:	681b      	ldr	r3, [r3, #0]
100046b6:	4798      	blx	r3
100046b8:	bd10      	pop	{r4, pc}
	...

100046bc <stdio_out_chars_crlf>:
100046bc:	b5f8      	push	{r3, r4, r5, r6, r7, lr}
100046be:	0007      	movs	r7, r0
100046c0:	000d      	movs	r5, r1
100046c2:	0016      	movs	r6, r2
100046c4:	7d43      	ldrb	r3, [r0, #21]
100046c6:	2b00      	cmp	r3, #0
100046c8:	d002      	beq.n	100046d0 <stdio_out_chars_crlf+0x14>
100046ca:	2400      	movs	r4, #0
100046cc:	2000      	movs	r0, #0
100046ce:	e00c      	b.n	100046ea <stdio_out_chars_crlf+0x2e>
100046d0:	6803      	ldr	r3, [r0, #0]
100046d2:	0011      	movs	r1, r2
100046d4:	0028      	movs	r0, r5
100046d6:	4798      	blx	r3
100046d8:	e02d      	b.n	10004736 <stdio_out_chars_crlf+0x7a>
100046da:	7d3b      	ldrb	r3, [r7, #20]
100046dc:	e010      	b.n	10004700 <stdio_out_chars_crlf+0x44>
100046de:	2102      	movs	r1, #2
100046e0:	4815      	ldr	r0, [pc, #84]	; (10004738 <stdio_out_chars_crlf+0x7c>)
100046e2:	683b      	ldr	r3, [r7, #0]
100046e4:	4798      	blx	r3
100046e6:	1c60      	adds	r0, r4, #1
100046e8:	3401      	adds	r4, #1
100046ea:	42b4      	cmp	r4, r6
100046ec:	da14      	bge.n	10004718 <stdio_out_chars_crlf+0x5c>
100046ee:	2c00      	cmp	r4, #0
100046f0:	ddf3      	ble.n	100046da <stdio_out_chars_crlf+0x1e>
100046f2:	192b      	adds	r3, r5, r4
100046f4:	3b01      	subs	r3, #1
100046f6:	781b      	ldrb	r3, [r3, #0]
100046f8:	3b0d      	subs	r3, #13
100046fa:	425a      	negs	r2, r3
100046fc:	4153      	adcs	r3, r2
100046fe:	b2db      	uxtb	r3, r3
10004700:	5d2a      	ldrb	r2, [r5, r4]
10004702:	2a0a      	cmp	r2, #10
10004704:	d1f0      	bne.n	100046e8 <stdio_out_chars_crlf+0x2c>
10004706:	2b00      	cmp	r3, #0
10004708:	d1ee      	bne.n	100046e8 <stdio_out_chars_crlf+0x2c>
1000470a:	42a0      	cmp	r0, r4
1000470c:	dae7      	bge.n	100046de <stdio_out_chars_crlf+0x22>
1000470e:	1a21      	subs	r1, r4, r0
10004710:	1828      	adds	r0, r5, r0
10004712:	683b      	ldr	r3, [r7, #0]
10004714:	4798      	blx	r3
10004716:	e7e2      	b.n	100046de <stdio_out_chars_crlf+0x22>
10004718:	42b0      	cmp	r0, r6
1000471a:	da03      	bge.n	10004724 <stdio_out_chars_crlf+0x68>
1000471c:	1a31      	subs	r1, r6, r0
1000471e:	1828      	adds	r0, r5, r0
10004720:	683b      	ldr	r3, [r7, #0]
10004722:	4798      	blx	r3
10004724:	2e00      	cmp	r6, #0
10004726:	dd06      	ble.n	10004736 <stdio_out_chars_crlf+0x7a>
10004728:	19ad      	adds	r5, r5, r6
1000472a:	3d01      	subs	r5, #1
1000472c:	782b      	ldrb	r3, [r5, #0]
1000472e:	3b0d      	subs	r3, #13
10004730:	425a      	negs	r2, r3
10004732:	4153      	adcs	r3, r2
10004734:	753b      	strb	r3, [r7, #20]
10004736:	bdf8      	pop	{r3, r4, r5, r6, r7, pc}
10004738:	1000a190 	.word	0x1000a190

1000473c <stdio_stack_buffer_flush>:
1000473c:	b570      	push	{r4, r5, r6, lr}
1000473e:	0005      	movs	r5, r0
10004740:	6803      	ldr	r3, [r0, #0]
10004742:	2b00      	cmp	r3, #0
10004744:	d016      	beq.n	10004774 <stdio_stack_buffer_flush+0x38>
10004746:	4b0c      	ldr	r3, [pc, #48]	; (10004778 <stdio_stack_buffer_flush+0x3c>)
10004748:	681c      	ldr	r4, [r3, #0]
1000474a:	e005      	b.n	10004758 <stdio_stack_buffer_flush+0x1c>
1000474c:	0029      	movs	r1, r5
1000474e:	c904      	ldmia	r1!, {r2}
10004750:	0020      	movs	r0, r4
10004752:	f7ff ffb3 	bl	100046bc <stdio_out_chars_crlf>
10004756:	6924      	ldr	r4, [r4, #16]
10004758:	2c00      	cmp	r4, #0
1000475a:	d009      	beq.n	10004770 <stdio_stack_buffer_flush+0x34>
1000475c:	6823      	ldr	r3, [r4, #0]
1000475e:	2b00      	cmp	r3, #0
10004760:	d0f9      	beq.n	10004756 <stdio_stack_buffer_flush+0x1a>
10004762:	4b06      	ldr	r3, [pc, #24]	; (1000477c <stdio_stack_buffer_flush+0x40>)
10004764:	681b      	ldr	r3, [r3, #0]
10004766:	2b00      	cmp	r3, #0
10004768:	d0f0      	beq.n	1000474c <stdio_stack_buffer_flush+0x10>
1000476a:	42a3      	cmp	r3, r4
1000476c:	d1f3      	bne.n	10004756 <stdio_stack_buffer_flush+0x1a>
1000476e:	e7ed      	b.n	1000474c <stdio_stack_buffer_flush+0x10>
10004770:	2300      	movs	r3, #0
10004772:	602b      	str	r3, [r5, #0]
10004774:	bd70      	pop	{r4, r5, r6, pc}
10004776:	46c0      	nop			; (mov r8, r8)
10004778:	20001818 	.word	0x20001818
1000477c:	20001820 	.word	0x20001820

10004780 <stdio_buffered_printer>:
10004780:	b570      	push	{r4, r5, r6, lr}
10004782:	0005      	movs	r5, r0
10004784:	000c      	movs	r4, r1
10004786:	680b      	ldr	r3, [r1, #0]
10004788:	2b80      	cmp	r3, #128	; 0x80
1000478a:	d005      	beq.n	10004798 <stdio_buffered_printer+0x18>
1000478c:	6821      	ldr	r1, [r4, #0]
1000478e:	1c4b      	adds	r3, r1, #1
10004790:	6023      	str	r3, [r4, #0]
10004792:	1864      	adds	r4, r4, r1
10004794:	7125      	strb	r5, [r4, #4]
10004796:	bd70      	pop	{r4, r5, r6, pc}
10004798:	0008      	movs	r0, r1
1000479a:	f7ff ffcf 	bl	1000473c <stdio_stack_buffer_flush>
1000479e:	e7f5      	b.n	1000478c <stdio_buffered_printer+0xc>

100047a0 <stdout_serialize_begin>:
100047a0:	b510      	push	{r4, lr}
100047a2:	f7fd fb23 	bl	10001dec <time_us_64>
100047a6:	0002      	movs	r2, r0
100047a8:	1e0b      	subs	r3, r1, #0
100047aa:	db0b      	blt.n	100047c4 <stdout_serialize_begin+0x24>
100047ac:	480d      	ldr	r0, [pc, #52]	; (100047e4 <stdout_serialize_begin+0x44>)
100047ae:	2100      	movs	r1, #0
100047b0:	1812      	adds	r2, r2, r0
100047b2:	414b      	adcs	r3, r1
100047b4:	2b00      	cmp	r3, #0
100047b6:	db0b      	blt.n	100047d0 <stdout_serialize_begin+0x30>
100047b8:	2b00      	cmp	r3, #0
100047ba:	db0d      	blt.n	100047d8 <stdout_serialize_begin+0x38>
100047bc:	480a      	ldr	r0, [pc, #40]	; (100047e8 <stdout_serialize_begin+0x48>)
100047be:	f004 fb17 	bl	10008df0 <__mutex_try_enter_block_until_veneer>
100047c2:	bd10      	pop	{r4, pc}
100047c4:	4b09      	ldr	r3, [pc, #36]	; (100047ec <stdout_serialize_begin+0x4c>)
100047c6:	4a0a      	ldr	r2, [pc, #40]	; (100047f0 <stdout_serialize_begin+0x50>)
100047c8:	213f      	movs	r1, #63	; 0x3f
100047ca:	480a      	ldr	r0, [pc, #40]	; (100047f4 <stdout_serialize_begin+0x54>)
100047cc:	f7fe f942 	bl	10002a54 <__assert_func>
100047d0:	2201      	movs	r2, #1
100047d2:	4252      	negs	r2, r2
100047d4:	4b08      	ldr	r3, [pc, #32]	; (100047f8 <stdout_serialize_begin+0x58>)
100047d6:	e7ef      	b.n	100047b8 <stdout_serialize_begin+0x18>
100047d8:	4b04      	ldr	r3, [pc, #16]	; (100047ec <stdout_serialize_begin+0x4c>)
100047da:	4a05      	ldr	r2, [pc, #20]	; (100047f0 <stdout_serialize_begin+0x50>)
100047dc:	213f      	movs	r1, #63	; 0x3f
100047de:	4805      	ldr	r0, [pc, #20]	; (100047f4 <stdout_serialize_begin+0x54>)
100047e0:	f7fe f938 	bl	10002a54 <__assert_func>
100047e4:	000f4240 	.word	0x000f4240
100047e8:	20000cc8 	.word	0x20000cc8
100047ec:	10008e70 	.word	0x10008e70
100047f0:	1000a178 	.word	0x1000a178
100047f4:	10008ec4 	.word	0x10008ec4
100047f8:	7fffffff 	.word	0x7fffffff

100047fc <stdout_serialize_end>:
100047fc:	b510      	push	{r4, lr}
100047fe:	4802      	ldr	r0, [pc, #8]	; (10004808 <stdout_serialize_end+0xc>)
10004800:	f004 fab6 	bl	10008d70 <__mutex_exit_veneer>
10004804:	bd10      	pop	{r4, pc}
10004806:	46c0      	nop			; (mov r8, r8)
10004808:	20000cc8 	.word	0x20000cc8

1000480c <stdio_put_string>:
1000480c:	b5f0      	push	{r4, r5, r6, r7, lr}
1000480e:	46ce      	mov	lr, r9
10004810:	4647      	mov	r7, r8
10004812:	b580      	push	{r7, lr}
10004814:	b083      	sub	sp, #12
10004816:	0006      	movs	r6, r0
10004818:	000d      	movs	r5, r1
1000481a:	4690      	mov	r8, r2
1000481c:	001c      	movs	r4, r3
1000481e:	f7ff ffbf 	bl	100047a0 <stdout_serialize_begin>
10004822:	4681      	mov	r9, r0
10004824:	1c6b      	adds	r3, r5, #1
10004826:	d005      	beq.n	10004834 <stdio_put_string+0x28>
10004828:	2c00      	cmp	r4, #0
1000482a:	d008      	beq.n	1000483e <stdio_put_string+0x32>
1000482c:	4f19      	ldr	r7, [pc, #100]	; (10004894 <stdio_put_string+0x88>)
1000482e:	4b1a      	ldr	r3, [pc, #104]	; (10004898 <stdio_put_string+0x8c>)
10004830:	681c      	ldr	r4, [r3, #0]
10004832:	e007      	b.n	10004844 <stdio_put_string+0x38>
10004834:	0030      	movs	r0, r6
10004836:	f004 fa61 	bl	10008cfc <strlen>
1000483a:	0005      	movs	r5, r0
1000483c:	e7f4      	b.n	10004828 <stdio_put_string+0x1c>
1000483e:	4f17      	ldr	r7, [pc, #92]	; (1000489c <stdio_put_string+0x90>)
10004840:	e7f5      	b.n	1000482e <stdio_put_string+0x22>
10004842:	6924      	ldr	r4, [r4, #16]
10004844:	2c00      	cmp	r4, #0
10004846:	d017      	beq.n	10004878 <stdio_put_string+0x6c>
10004848:	6823      	ldr	r3, [r4, #0]
1000484a:	2b00      	cmp	r3, #0
1000484c:	d0f9      	beq.n	10004842 <stdio_put_string+0x36>
1000484e:	4b14      	ldr	r3, [pc, #80]	; (100048a0 <stdio_put_string+0x94>)
10004850:	681b      	ldr	r3, [r3, #0]
10004852:	2b00      	cmp	r3, #0
10004854:	d001      	beq.n	1000485a <stdio_put_string+0x4e>
10004856:	42a3      	cmp	r3, r4
10004858:	d1f3      	bne.n	10004842 <stdio_put_string+0x36>
1000485a:	002a      	movs	r2, r5
1000485c:	0031      	movs	r1, r6
1000485e:	0020      	movs	r0, r4
10004860:	47b8      	blx	r7
10004862:	4643      	mov	r3, r8
10004864:	2b00      	cmp	r3, #0
10004866:	d0ec      	beq.n	10004842 <stdio_put_string+0x36>
10004868:	466b      	mov	r3, sp
1000486a:	1dd9      	adds	r1, r3, #7
1000486c:	230a      	movs	r3, #10
1000486e:	700b      	strb	r3, [r1, #0]
10004870:	2201      	movs	r2, #1
10004872:	0020      	movs	r0, r4
10004874:	47b8      	blx	r7
10004876:	e7e4      	b.n	10004842 <stdio_put_string+0x36>
10004878:	464b      	mov	r3, r9
1000487a:	2b00      	cmp	r3, #0
1000487c:	d107      	bne.n	1000488e <stdio_put_string+0x82>
1000487e:	1e6b      	subs	r3, r5, #1
10004880:	419d      	sbcs	r5, r3
10004882:	b2e8      	uxtb	r0, r5
10004884:	b003      	add	sp, #12
10004886:	bcc0      	pop	{r6, r7}
10004888:	46b9      	mov	r9, r7
1000488a:	46b0      	mov	r8, r6
1000488c:	bdf0      	pop	{r4, r5, r6, r7, pc}
1000488e:	f7ff ffb5 	bl	100047fc <stdout_serialize_end>
10004892:	e7f4      	b.n	1000487e <stdio_put_string+0x72>
10004894:	100046ad 	.word	0x100046ad
10004898:	20001818 	.word	0x20001818
1000489c:	100046bd 	.word	0x100046bd
100048a0:	20001820 	.word	0x20001820

100048a4 <stdio_set_driver_enabled>:
100048a4:	4a09      	ldr	r2, [pc, #36]	; (100048cc <stdio_set_driver_enabled+0x28>)
100048a6:	e001      	b.n	100048ac <stdio_set_driver_enabled+0x8>
100048a8:	3310      	adds	r3, #16
100048aa:	001a      	movs	r2, r3
100048ac:	6813      	ldr	r3, [r2, #0]
100048ae:	2b00      	cmp	r3, #0
100048b0:	d008      	beq.n	100048c4 <stdio_set_driver_enabled+0x20>
100048b2:	4283      	cmp	r3, r0
100048b4:	d1f8      	bne.n	100048a8 <stdio_set_driver_enabled+0x4>
100048b6:	2900      	cmp	r1, #0
100048b8:	d107      	bne.n	100048ca <stdio_set_driver_enabled+0x26>
100048ba:	6903      	ldr	r3, [r0, #16]
100048bc:	6013      	str	r3, [r2, #0]
100048be:	2300      	movs	r3, #0
100048c0:	6103      	str	r3, [r0, #16]
100048c2:	e002      	b.n	100048ca <stdio_set_driver_enabled+0x26>
100048c4:	2900      	cmp	r1, #0
100048c6:	d000      	beq.n	100048ca <stdio_set_driver_enabled+0x26>
100048c8:	6010      	str	r0, [r2, #0]
100048ca:	4770      	bx	lr
100048cc:	20001818 	.word	0x20001818

100048d0 <stdio_flush>:
100048d0:	b510      	push	{r4, lr}
100048d2:	4b06      	ldr	r3, [pc, #24]	; (100048ec <stdio_flush+0x1c>)
100048d4:	681c      	ldr	r4, [r3, #0]
100048d6:	e001      	b.n	100048dc <stdio_flush+0xc>
100048d8:	4798      	blx	r3
100048da:	6924      	ldr	r4, [r4, #16]
100048dc:	2c00      	cmp	r4, #0
100048de:	d003      	beq.n	100048e8 <stdio_flush+0x18>
100048e0:	6863      	ldr	r3, [r4, #4]
100048e2:	2b00      	cmp	r3, #0
100048e4:	d1f8      	bne.n	100048d8 <stdio_flush+0x8>
100048e6:	e7f8      	b.n	100048da <stdio_flush+0xa>
100048e8:	bd10      	pop	{r4, pc}
100048ea:	46c0      	nop			; (mov r8, r8)
100048ec:	20001818 	.word	0x20001818

100048f0 <__wrap_puts>:
100048f0:	b570      	push	{r4, r5, r6, lr}
100048f2:	0005      	movs	r5, r0
100048f4:	f004 fa02 	bl	10008cfc <strlen>
100048f8:	0004      	movs	r4, r0
100048fa:	2300      	movs	r3, #0
100048fc:	2201      	movs	r2, #1
100048fe:	0001      	movs	r1, r0
10004900:	0028      	movs	r0, r5
10004902:	f7ff ff83 	bl	1000480c <stdio_put_string>
10004906:	f7ff ffe3 	bl	100048d0 <stdio_flush>
1000490a:	0020      	movs	r0, r4
1000490c:	bd70      	pop	{r4, r5, r6, pc}
	...

10004910 <__wrap_vprintf>:
10004910:	b570      	push	{r4, r5, r6, lr}
10004912:	b0a2      	sub	sp, #136	; 0x88
10004914:	0004      	movs	r4, r0
10004916:	000e      	movs	r6, r1
10004918:	f7ff ff42 	bl	100047a0 <stdout_serialize_begin>
1000491c:	0005      	movs	r5, r0
1000491e:	2300      	movs	r3, #0
10004920:	9301      	str	r3, [sp, #4]
10004922:	0033      	movs	r3, r6
10004924:	0022      	movs	r2, r4
10004926:	a901      	add	r1, sp, #4
10004928:	4808      	ldr	r0, [pc, #32]	; (1000494c <__wrap_vprintf+0x3c>)
1000492a:	f7ff f9f3 	bl	10003d14 <vfctprintf>
1000492e:	0004      	movs	r4, r0
10004930:	a801      	add	r0, sp, #4
10004932:	f7ff ff03 	bl	1000473c <stdio_stack_buffer_flush>
10004936:	f7ff ffcb 	bl	100048d0 <stdio_flush>
1000493a:	2d00      	cmp	r5, #0
1000493c:	d102      	bne.n	10004944 <__wrap_vprintf+0x34>
1000493e:	0020      	movs	r0, r4
10004940:	b022      	add	sp, #136	; 0x88
10004942:	bd70      	pop	{r4, r5, r6, pc}
10004944:	f7ff ff5a 	bl	100047fc <stdout_serialize_end>
10004948:	e7f9      	b.n	1000493e <__wrap_vprintf+0x2e>
1000494a:	46c0      	nop			; (mov r8, r8)
1000494c:	10004781 	.word	0x10004781

10004950 <__wrap_printf>:
10004950:	b40f      	push	{r0, r1, r2, r3}
10004952:	b500      	push	{lr}
10004954:	b083      	sub	sp, #12
10004956:	a904      	add	r1, sp, #16
10004958:	c901      	ldmia	r1!, {r0}
1000495a:	9101      	str	r1, [sp, #4]
1000495c:	f7ff ffd8 	bl	10004910 <__wrap_vprintf>
10004960:	b003      	add	sp, #12
10004962:	bc08      	pop	{r3}
10004964:	b004      	add	sp, #16
10004966:	4718      	bx	r3

10004968 <stdio_init_all>:
10004968:	b510      	push	{r4, lr}
1000496a:	f000 f8fb 	bl	10004b64 <stdio_uart_init>
1000496e:	f000 fa43 	bl	10004df8 <stdio_usb_init>
10004972:	2001      	movs	r0, #1
10004974:	bd10      	pop	{r4, pc}
	...

10004978 <stdio_uart_out_chars>:
10004978:	b5f0      	push	{r4, r5, r6, r7, lr}
1000497a:	b083      	sub	sp, #12
1000497c:	0005      	movs	r5, r0
1000497e:	000e      	movs	r6, r1
10004980:	2400      	movs	r4, #0
10004982:	e00f      	b.n	100049a4 <stdio_uart_out_chars+0x2c>
10004984:	466b      	mov	r3, sp
10004986:	1dd9      	adds	r1, r3, #7
10004988:	230d      	movs	r3, #13
1000498a:	700b      	strb	r3, [r1, #0]
1000498c:	2000      	movs	r0, #0
1000498e:	2800      	cmp	r0, #0
10004990:	d116      	bne.n	100049c0 <stdio_uart_out_chars+0x48>
10004992:	6993      	ldr	r3, [r2, #24]
10004994:	069b      	lsls	r3, r3, #26
10004996:	d4fc      	bmi.n	10004992 <stdio_uart_out_chars+0x1a>
10004998:	780b      	ldrb	r3, [r1, #0]
1000499a:	6013      	str	r3, [r2, #0]
1000499c:	3001      	adds	r0, #1
1000499e:	3101      	adds	r1, #1
100049a0:	e7f5      	b.n	1000498e <stdio_uart_out_chars+0x16>
100049a2:	3401      	adds	r4, #1
100049a4:	42b4      	cmp	r4, r6
100049a6:	da19      	bge.n	100049dc <stdio_uart_out_chars+0x64>
100049a8:	4b0d      	ldr	r3, [pc, #52]	; (100049e0 <stdio_uart_out_chars+0x68>)
100049aa:	681a      	ldr	r2, [r3, #0]
100049ac:	5d2f      	ldrb	r7, [r5, r4]
100049ae:	4b0d      	ldr	r3, [pc, #52]	; (100049e4 <stdio_uart_out_chars+0x6c>)
100049b0:	18d3      	adds	r3, r2, r3
100049b2:	4259      	negs	r1, r3
100049b4:	414b      	adcs	r3, r1
100049b6:	005b      	lsls	r3, r3, #1
100049b8:	490b      	ldr	r1, [pc, #44]	; (100049e8 <stdio_uart_out_chars+0x70>)
100049ba:	5e5b      	ldrsh	r3, [r3, r1]
100049bc:	42bb      	cmp	r3, r7
100049be:	d0e1      	beq.n	10004984 <stdio_uart_out_chars+0xc>
100049c0:	466b      	mov	r3, sp
100049c2:	1dd9      	adds	r1, r3, #7
100049c4:	700f      	strb	r7, [r1, #0]
100049c6:	2000      	movs	r0, #0
100049c8:	2800      	cmp	r0, #0
100049ca:	d1ea      	bne.n	100049a2 <stdio_uart_out_chars+0x2a>
100049cc:	6993      	ldr	r3, [r2, #24]
100049ce:	069b      	lsls	r3, r3, #26
100049d0:	d4fc      	bmi.n	100049cc <stdio_uart_out_chars+0x54>
100049d2:	780b      	ldrb	r3, [r1, #0]
100049d4:	6013      	str	r3, [r2, #0]
100049d6:	3001      	adds	r0, #1
100049d8:	3101      	adds	r1, #1
100049da:	e7f5      	b.n	100049c8 <stdio_uart_out_chars+0x50>
100049dc:	b003      	add	sp, #12
100049de:	bdf0      	pop	{r4, r5, r6, r7, pc}
100049e0:	20001f04 	.word	0x20001f04
100049e4:	bffc8000 	.word	0xbffc8000
100049e8:	20001f00 	.word	0x20001f00

100049ec <stdio_uart_in_chars>:
100049ec:	b5f0      	push	{r4, r5, r6, r7, lr}
100049ee:	b083      	sub	sp, #12
100049f0:	0006      	movs	r6, r0
100049f2:	000f      	movs	r7, r1
100049f4:	2500      	movs	r5, #0
100049f6:	e004      	b.n	10004a02 <stdio_uart_in_chars+0x16>
100049f8:	466b      	mov	r3, sp
100049fa:	3307      	adds	r3, #7
100049fc:	781b      	ldrb	r3, [r3, #0]
100049fe:	702b      	strb	r3, [r5, #0]
10004a00:	0025      	movs	r5, r4
10004a02:	42bd      	cmp	r5, r7
10004a04:	da15      	bge.n	10004a32 <stdio_uart_in_chars+0x46>
10004a06:	4b17      	ldr	r3, [pc, #92]	; (10004a64 <stdio_uart_in_chars+0x78>)
10004a08:	681a      	ldr	r2, [r3, #0]
10004a0a:	6993      	ldr	r3, [r2, #24]
10004a0c:	2410      	movs	r4, #16
10004a0e:	0021      	movs	r1, r4
10004a10:	4019      	ands	r1, r3
10004a12:	421c      	tst	r4, r3
10004a14:	d10d      	bne.n	10004a32 <stdio_uart_in_chars+0x46>
10004a16:	1c6c      	adds	r4, r5, #1
10004a18:	1975      	adds	r5, r6, r5
10004a1a:	466b      	mov	r3, sp
10004a1c:	1dd8      	adds	r0, r3, #7
10004a1e:	2900      	cmp	r1, #0
10004a20:	d1ea      	bne.n	100049f8 <stdio_uart_in_chars+0xc>
10004a22:	6993      	ldr	r3, [r2, #24]
10004a24:	06db      	lsls	r3, r3, #27
10004a26:	d4fc      	bmi.n	10004a22 <stdio_uart_in_chars+0x36>
10004a28:	6813      	ldr	r3, [r2, #0]
10004a2a:	7003      	strb	r3, [r0, #0]
10004a2c:	3101      	adds	r1, #1
10004a2e:	3001      	adds	r0, #1
10004a30:	e7f5      	b.n	10004a1e <stdio_uart_in_chars+0x32>
10004a32:	4b0d      	ldr	r3, [pc, #52]	; (10004a68 <stdio_uart_in_chars+0x7c>)
10004a34:	681b      	ldr	r3, [r3, #0]
10004a36:	2b00      	cmp	r3, #0
10004a38:	d00c      	beq.n	10004a54 <stdio_uart_in_chars+0x68>
10004a3a:	4b0a      	ldr	r3, [pc, #40]	; (10004a64 <stdio_uart_in_chars+0x78>)
10004a3c:	681a      	ldr	r2, [r3, #0]
10004a3e:	2350      	movs	r3, #80	; 0x50
10004a40:	6393      	str	r3, [r2, #56]	; 0x38
10004a42:	0011      	movs	r1, r2
10004a44:	3134      	adds	r1, #52	; 0x34
10004a46:	6b53      	ldr	r3, [r2, #52]	; 0x34
10004a48:	2238      	movs	r2, #56	; 0x38
10004a4a:	401a      	ands	r2, r3
10004a4c:	2380      	movs	r3, #128	; 0x80
10004a4e:	015b      	lsls	r3, r3, #5
10004a50:	430b      	orrs	r3, r1
10004a52:	601a      	str	r2, [r3, #0]
10004a54:	2d00      	cmp	r5, #0
10004a56:	d002      	beq.n	10004a5e <stdio_uart_in_chars+0x72>
10004a58:	0028      	movs	r0, r5
10004a5a:	b003      	add	sp, #12
10004a5c:	bdf0      	pop	{r4, r5, r6, r7, pc}
10004a5e:	3d03      	subs	r5, #3
10004a60:	e7fa      	b.n	10004a58 <stdio_uart_in_chars+0x6c>
10004a62:	46c0      	nop			; (mov r8, r8)
10004a64:	20001f04 	.word	0x20001f04
10004a68:	20001368 	.word	0x20001368

10004a6c <on_uart_rx>:
10004a6c:	b510      	push	{r4, lr}
10004a6e:	4b06      	ldr	r3, [pc, #24]	; (10004a88 <on_uart_rx+0x1c>)
10004a70:	681b      	ldr	r3, [r3, #0]
10004a72:	2b00      	cmp	r3, #0
10004a74:	d006      	beq.n	10004a84 <on_uart_rx+0x18>
10004a76:	4a05      	ldr	r2, [pc, #20]	; (10004a8c <on_uart_rx+0x20>)
10004a78:	6812      	ldr	r2, [r2, #0]
10004a7a:	2100      	movs	r1, #0
10004a7c:	6391      	str	r1, [r2, #56]	; 0x38
10004a7e:	4a04      	ldr	r2, [pc, #16]	; (10004a90 <on_uart_rx+0x24>)
10004a80:	6810      	ldr	r0, [r2, #0]
10004a82:	4798      	blx	r3
10004a84:	bd10      	pop	{r4, pc}
10004a86:	46c0      	nop			; (mov r8, r8)
10004a88:	20001368 	.word	0x20001368
10004a8c:	20001f04 	.word	0x20001f04
10004a90:	20001370 	.word	0x20001370

10004a94 <stdio_uart_set_chars_available_callback>:
10004a94:	b570      	push	{r4, r5, r6, lr}
10004a96:	0004      	movs	r4, r0
10004a98:	000e      	movs	r6, r1
10004a9a:	4b1c      	ldr	r3, [pc, #112]	; (10004b0c <stdio_uart_set_chars_available_callback+0x78>)
10004a9c:	681b      	ldr	r3, [r3, #0]
10004a9e:	4a1c      	ldr	r2, [pc, #112]	; (10004b10 <stdio_uart_set_chars_available_callback+0x7c>)
10004aa0:	1898      	adds	r0, r3, r2
10004aa2:	4242      	negs	r2, r0
10004aa4:	4150      	adcs	r0, r2
10004aa6:	3014      	adds	r0, #20
10004aa8:	0005      	movs	r5, r0
10004aaa:	2c00      	cmp	r4, #0
10004aac:	d003      	beq.n	10004ab6 <stdio_uart_set_chars_available_callback+0x22>
10004aae:	4a19      	ldr	r2, [pc, #100]	; (10004b14 <stdio_uart_set_chars_available_callback+0x80>)
10004ab0:	6812      	ldr	r2, [r2, #0]
10004ab2:	2a00      	cmp	r2, #0
10004ab4:	d006      	beq.n	10004ac4 <stdio_uart_set_chars_available_callback+0x30>
10004ab6:	2c00      	cmp	r4, #0
10004ab8:	d019      	beq.n	10004aee <stdio_uart_set_chars_available_callback+0x5a>
10004aba:	4b16      	ldr	r3, [pc, #88]	; (10004b14 <stdio_uart_set_chars_available_callback+0x80>)
10004abc:	601c      	str	r4, [r3, #0]
10004abe:	4b16      	ldr	r3, [pc, #88]	; (10004b18 <stdio_uart_set_chars_available_callback+0x84>)
10004ac0:	601e      	str	r6, [r3, #0]
10004ac2:	bd70      	pop	{r4, r5, r6, pc}
10004ac4:	4915      	ldr	r1, [pc, #84]	; (10004b1c <stdio_uart_set_chars_available_callback+0x88>)
10004ac6:	f7fc f86f 	bl	10000ba8 <irq_set_exclusive_handler>
10004aca:	2101      	movs	r1, #1
10004acc:	0028      	movs	r0, r5
10004ace:	f7fc f841 	bl	10000b54 <irq_set_enabled>
10004ad2:	4b0e      	ldr	r3, [pc, #56]	; (10004b0c <stdio_uart_set_chars_available_callback+0x78>)
10004ad4:	681a      	ldr	r2, [r3, #0]
10004ad6:	2350      	movs	r3, #80	; 0x50
10004ad8:	6393      	str	r3, [r2, #56]	; 0x38
10004ada:	0011      	movs	r1, r2
10004adc:	3134      	adds	r1, #52	; 0x34
10004ade:	6b53      	ldr	r3, [r2, #52]	; 0x34
10004ae0:	2238      	movs	r2, #56	; 0x38
10004ae2:	401a      	ands	r2, r3
10004ae4:	2380      	movs	r3, #128	; 0x80
10004ae6:	015b      	lsls	r3, r3, #5
10004ae8:	430b      	orrs	r3, r1
10004aea:	601a      	str	r2, [r3, #0]
10004aec:	e7e5      	b.n	10004aba <stdio_uart_set_chars_available_callback+0x26>
10004aee:	4a09      	ldr	r2, [pc, #36]	; (10004b14 <stdio_uart_set_chars_available_callback+0x80>)
10004af0:	6812      	ldr	r2, [r2, #0]
10004af2:	2a00      	cmp	r2, #0
10004af4:	d0e1      	beq.n	10004aba <stdio_uart_set_chars_available_callback+0x26>
10004af6:	2200      	movs	r2, #0
10004af8:	639a      	str	r2, [r3, #56]	; 0x38
10004afa:	2100      	movs	r1, #0
10004afc:	0028      	movs	r0, r5
10004afe:	f7fc f829 	bl	10000b54 <irq_set_enabled>
10004b02:	4906      	ldr	r1, [pc, #24]	; (10004b1c <stdio_uart_set_chars_available_callback+0x88>)
10004b04:	0028      	movs	r0, r5
10004b06:	f7fc f993 	bl	10000e30 <irq_remove_handler>
10004b0a:	e7d6      	b.n	10004aba <stdio_uart_set_chars_available_callback+0x26>
10004b0c:	20001f04 	.word	0x20001f04
10004b10:	bffc8000 	.word	0xbffc8000
10004b14:	20001368 	.word	0x20001368
10004b18:	20001370 	.word	0x20001370
10004b1c:	10004a6d 	.word	0x10004a6d

10004b20 <stdio_uart_init_full>:
10004b20:	b570      	push	{r4, r5, r6, lr}
10004b22:	000d      	movs	r5, r1
10004b24:	001c      	movs	r4, r3
10004b26:	4b0d      	ldr	r3, [pc, #52]	; (10004b5c <stdio_uart_init_full+0x3c>)
10004b28:	6018      	str	r0, [r3, #0]
10004b2a:	2a00      	cmp	r2, #0
10004b2c:	da0b      	bge.n	10004b46 <stdio_uart_init_full+0x26>
10004b2e:	2c00      	cmp	r4, #0
10004b30:	da0e      	bge.n	10004b50 <stdio_uart_init_full+0x30>
10004b32:	4b0a      	ldr	r3, [pc, #40]	; (10004b5c <stdio_uart_init_full+0x3c>)
10004b34:	6818      	ldr	r0, [r3, #0]
10004b36:	0029      	movs	r1, r5
10004b38:	f7fd fd26 	bl	10002588 <uart_init>
10004b3c:	2101      	movs	r1, #1
10004b3e:	4808      	ldr	r0, [pc, #32]	; (10004b60 <stdio_uart_init_full+0x40>)
10004b40:	f7ff feb0 	bl	100048a4 <stdio_set_driver_enabled>
10004b44:	bd70      	pop	{r4, r5, r6, pc}
10004b46:	2102      	movs	r1, #2
10004b48:	0010      	movs	r0, r2
10004b4a:	f7fb fea9 	bl	100008a0 <gpio_set_function>
10004b4e:	e7ee      	b.n	10004b2e <stdio_uart_init_full+0xe>
10004b50:	2102      	movs	r1, #2
10004b52:	0020      	movs	r0, r4
10004b54:	f7fb fea4 	bl	100008a0 <gpio_set_function>
10004b58:	e7eb      	b.n	10004b32 <stdio_uart_init_full+0x12>
10004b5a:	46c0      	nop			; (mov r8, r8)
10004b5c:	20001f04 	.word	0x20001f04
10004b60:	20000c50 	.word	0x20000c50

10004b64 <stdio_uart_init>:
10004b64:	b510      	push	{r4, lr}
10004b66:	4b06      	ldr	r3, [pc, #24]	; (10004b80 <stdio_uart_init+0x1c>)
10004b68:	781b      	ldrb	r3, [r3, #0]
10004b6a:	4b06      	ldr	r3, [pc, #24]	; (10004b84 <stdio_uart_init+0x20>)
10004b6c:	781b      	ldrb	r3, [r3, #0]
10004b6e:	21e1      	movs	r1, #225	; 0xe1
10004b70:	2301      	movs	r3, #1
10004b72:	2200      	movs	r2, #0
10004b74:	0249      	lsls	r1, r1, #9
10004b76:	4804      	ldr	r0, [pc, #16]	; (10004b88 <stdio_uart_init+0x24>)
10004b78:	f7ff ffd2 	bl	10004b20 <stdio_uart_init_full>
10004b7c:	bd10      	pop	{r4, pc}
10004b7e:	46c0      	nop			; (mov r8, r8)
10004b80:	1000a940 	.word	0x1000a940
10004b84:	1000a944 	.word	0x1000a944
10004b88:	40034000 	.word	0x40034000

10004b8c <resetd_init>:
10004b8c:	4770      	bx	lr
	...

10004b90 <resetd_reset>:
10004b90:	4b01      	ldr	r3, [pc, #4]	; (10004b98 <resetd_reset+0x8>)
10004b92:	2200      	movs	r2, #0
10004b94:	701a      	strb	r2, [r3, #0]
10004b96:	4770      	bx	lr
10004b98:	20011ff9 	.word	0x20011ff9

10004b9c <resetd_open>:
10004b9c:	794b      	ldrb	r3, [r1, #5]
10004b9e:	2bff      	cmp	r3, #255	; 0xff
10004ba0:	d10c      	bne.n	10004bbc <resetd_open+0x20>
10004ba2:	798b      	ldrb	r3, [r1, #6]
10004ba4:	2b00      	cmp	r3, #0
10004ba6:	d10b      	bne.n	10004bc0 <resetd_open+0x24>
10004ba8:	79cb      	ldrb	r3, [r1, #7]
10004baa:	2b01      	cmp	r3, #1
10004bac:	d10a      	bne.n	10004bc4 <resetd_open+0x28>
10004bae:	2a08      	cmp	r2, #8
10004bb0:	d90a      	bls.n	10004bc8 <resetd_open+0x2c>
10004bb2:	788a      	ldrb	r2, [r1, #2]
10004bb4:	4b05      	ldr	r3, [pc, #20]	; (10004bcc <resetd_open+0x30>)
10004bb6:	701a      	strb	r2, [r3, #0]
10004bb8:	2009      	movs	r0, #9
10004bba:	e000      	b.n	10004bbe <resetd_open+0x22>
10004bbc:	2000      	movs	r0, #0
10004bbe:	4770      	bx	lr
10004bc0:	2000      	movs	r0, #0
10004bc2:	e7fc      	b.n	10004bbe <resetd_open+0x22>
10004bc4:	2000      	movs	r0, #0
10004bc6:	e7fa      	b.n	10004bbe <resetd_open+0x22>
10004bc8:	2000      	movs	r0, #0
10004bca:	e7f8      	b.n	10004bbe <resetd_open+0x22>
10004bcc:	20011ff9 	.word	0x20011ff9

10004bd0 <resetd_xfer_cb>:
10004bd0:	2001      	movs	r0, #1
10004bd2:	4770      	bx	lr

10004bd4 <reset_usb_boot>:
10004bd4:	b570      	push	{r4, r5, r6, lr}
10004bd6:	0004      	movs	r4, r0
10004bd8:	000d      	movs	r5, r1
10004bda:	4803      	ldr	r0, [pc, #12]	; (10004be8 <reset_usb_boot+0x14>)
10004bdc:	f7ff f8b2 	bl	10003d44 <rom_func_lookup>
10004be0:	0003      	movs	r3, r0
10004be2:	0029      	movs	r1, r5
10004be4:	0020      	movs	r0, r4
10004be6:	4798      	blx	r3
10004be8:	00004255 	.word	0x00004255

10004bec <resetd_control_xfer_cb>:
10004bec:	b510      	push	{r4, lr}
10004bee:	2901      	cmp	r1, #1
10004bf0:	d126      	bne.n	10004c40 <resetd_control_xfer_cb+0x54>
10004bf2:	7911      	ldrb	r1, [r2, #4]
10004bf4:	7953      	ldrb	r3, [r2, #5]
10004bf6:	021b      	lsls	r3, r3, #8
10004bf8:	430b      	orrs	r3, r1
10004bfa:	4912      	ldr	r1, [pc, #72]	; (10004c44 <resetd_control_xfer_cb+0x58>)
10004bfc:	7809      	ldrb	r1, [r1, #0]
10004bfe:	428b      	cmp	r3, r1
10004c00:	d001      	beq.n	10004c06 <resetd_control_xfer_cb+0x1a>
10004c02:	2000      	movs	r0, #0
10004c04:	e01d      	b.n	10004c42 <resetd_control_xfer_cb+0x56>
10004c06:	7853      	ldrb	r3, [r2, #1]
10004c08:	2b01      	cmp	r3, #1
10004c0a:	d003      	beq.n	10004c14 <resetd_control_xfer_cb+0x28>
10004c0c:	2b02      	cmp	r3, #2
10004c0e:	d010      	beq.n	10004c32 <resetd_control_xfer_cb+0x46>
10004c10:	2000      	movs	r0, #0
10004c12:	e016      	b.n	10004c42 <resetd_control_xfer_cb+0x56>
10004c14:	7891      	ldrb	r1, [r2, #2]
10004c16:	78d3      	ldrb	r3, [r2, #3]
10004c18:	021b      	lsls	r3, r3, #8
10004c1a:	4319      	orrs	r1, r3
10004c1c:	05db      	lsls	r3, r3, #23
10004c1e:	d506      	bpl.n	10004c2e <resetd_control_xfer_cb+0x42>
10004c20:	0a4b      	lsrs	r3, r1, #9
10004c22:	2001      	movs	r0, #1
10004c24:	4098      	lsls	r0, r3
10004c26:	237f      	movs	r3, #127	; 0x7f
10004c28:	4019      	ands	r1, r3
10004c2a:	f7ff ffd3 	bl	10004bd4 <reset_usb_boot>
10004c2e:	2000      	movs	r0, #0
10004c30:	e7f9      	b.n	10004c26 <resetd_control_xfer_cb+0x3a>
10004c32:	2264      	movs	r2, #100	; 0x64
10004c34:	2100      	movs	r1, #0
10004c36:	2000      	movs	r0, #0
10004c38:	f7fd fece 	bl	100029d8 <watchdog_reboot>
10004c3c:	2001      	movs	r0, #1
10004c3e:	e000      	b.n	10004c42 <resetd_control_xfer_cb+0x56>
10004c40:	2001      	movs	r0, #1
10004c42:	bd10      	pop	{r4, pc}
10004c44:	20011ff9 	.word	0x20011ff9

10004c48 <usbd_app_driver_get_cb>:
10004c48:	2301      	movs	r3, #1
10004c4a:	7003      	strb	r3, [r0, #0]
10004c4c:	4800      	ldr	r0, [pc, #0]	; (10004c50 <usbd_app_driver_get_cb+0x8>)
10004c4e:	4770      	bx	lr
10004c50:	1000a1d4 	.word	0x1000a1d4

10004c54 <tud_cdc_line_coding_cb>:
10004c54:	b510      	push	{r4, lr}
10004c56:	780b      	ldrb	r3, [r1, #0]
10004c58:	7848      	ldrb	r0, [r1, #1]
10004c5a:	0200      	lsls	r0, r0, #8
10004c5c:	4318      	orrs	r0, r3
10004c5e:	788a      	ldrb	r2, [r1, #2]
10004c60:	0412      	lsls	r2, r2, #16
10004c62:	4310      	orrs	r0, r2
10004c64:	78cb      	ldrb	r3, [r1, #3]
10004c66:	061b      	lsls	r3, r3, #24
10004c68:	4303      	orrs	r3, r0
10004c6a:	2296      	movs	r2, #150	; 0x96
10004c6c:	00d2      	lsls	r2, r2, #3
10004c6e:	4293      	cmp	r3, r2
10004c70:	d000      	beq.n	10004c74 <tud_cdc_line_coding_cb+0x20>
10004c72:	bd10      	pop	{r4, pc}
10004c74:	2100      	movs	r1, #0
10004c76:	0008      	movs	r0, r1
10004c78:	f7ff ffac 	bl	10004bd4 <reset_usb_boot>

10004c7c <stdio_usb_set_chars_available_callback>:
10004c7c:	4b02      	ldr	r3, [pc, #8]	; (10004c88 <stdio_usb_set_chars_available_callback+0xc>)
10004c7e:	6018      	str	r0, [r3, #0]
10004c80:	4b02      	ldr	r3, [pc, #8]	; (10004c8c <stdio_usb_set_chars_available_callback+0x10>)
10004c82:	6019      	str	r1, [r3, #0]
10004c84:	4770      	bx	lr
10004c86:	46c0      	nop			; (mov r8, r8)
10004c88:	2000136c 	.word	0x2000136c
10004c8c:	20001374 	.word	0x20001374

10004c90 <usb_irq>:
10004c90:	b510      	push	{r4, lr}
10004c92:	4b02      	ldr	r3, [pc, #8]	; (10004c9c <usb_irq+0xc>)
10004c94:	7818      	ldrb	r0, [r3, #0]
10004c96:	f7fb ff65 	bl	10000b64 <irq_set_pending>
10004c9a:	bd10      	pop	{r4, pc}
10004c9c:	20011ffa 	.word	0x20011ffa

10004ca0 <timer_task>:
10004ca0:	b570      	push	{r4, r5, r6, lr}
10004ca2:	4b13      	ldr	r3, [pc, #76]	; (10004cf0 <timer_task+0x50>)
10004ca4:	681b      	ldr	r3, [r3, #0]
10004ca6:	2b00      	cmp	r3, #0
10004ca8:	d01d      	beq.n	10004ce6 <timer_task+0x46>
10004caa:	4b11      	ldr	r3, [pc, #68]	; (10004cf0 <timer_task+0x50>)
10004cac:	6819      	ldr	r1, [r3, #0]
10004cae:	f3ef 8310 	mrs	r3, PRIMASK
10004cb2:	b672      	cpsid	i
10004cb4:	680a      	ldr	r2, [r1, #0]
10004cb6:	2a00      	cmp	r2, #0
10004cb8:	d0fc      	beq.n	10004cb4 <timer_task+0x14>
10004cba:	f3bf 8f5f 	dmb	sy
10004cbe:	490c      	ldr	r1, [pc, #48]	; (10004cf0 <timer_task+0x50>)
10004cc0:	604b      	str	r3, [r1, #4]
10004cc2:	2200      	movs	r2, #0
10004cc4:	480b      	ldr	r0, [pc, #44]	; (10004cf4 <timer_task+0x54>)
10004cc6:	7002      	strb	r2, [r0, #0]
10004cc8:	6809      	ldr	r1, [r1, #0]
10004cca:	f3bf 8f5f 	dmb	sy
10004cce:	600a      	str	r2, [r1, #0]
10004cd0:	f383 8810 	msr	PRIMASK, r3
10004cd4:	2400      	movs	r4, #0
10004cd6:	2500      	movs	r5, #0
10004cd8:	4b07      	ldr	r3, [pc, #28]	; (10004cf8 <timer_task+0x58>)
10004cda:	7818      	ldrb	r0, [r3, #0]
10004cdc:	f7fb ff42 	bl	10000b64 <irq_set_pending>
10004ce0:	0020      	movs	r0, r4
10004ce2:	0029      	movs	r1, r5
10004ce4:	bd70      	pop	{r4, r5, r6, pc}
10004ce6:	24fa      	movs	r4, #250	; 0xfa
10004ce8:	00a4      	lsls	r4, r4, #2
10004cea:	2500      	movs	r5, #0
10004cec:	e7f4      	b.n	10004cd8 <timer_task+0x38>
10004cee:	46c0      	nop			; (mov r8, r8)
10004cf0:	20001c3c 	.word	0x20001c3c
10004cf4:	20011ffb 	.word	0x20011ffb
10004cf8:	20011ffa 	.word	0x20011ffa

10004cfc <low_priority_worker_irq>:
10004cfc:	b510      	push	{r4, lr}
10004cfe:	b084      	sub	sp, #16
10004d00:	2100      	movs	r1, #0
10004d02:	482d      	ldr	r0, [pc, #180]	; (10004db8 <low_priority_worker_irq+0xbc>)
10004d04:	f004 f854 	bl	10008db0 <__mutex_try_enter_veneer>
10004d08:	2800      	cmp	r0, #0
10004d0a:	d13a      	bne.n	10004d82 <low_priority_worker_irq+0x86>
10004d0c:	4b2b      	ldr	r3, [pc, #172]	; (10004dbc <low_priority_worker_irq+0xc0>)
10004d0e:	681b      	ldr	r3, [r3, #0]
10004d10:	2b00      	cmp	r3, #0
10004d12:	d03e      	beq.n	10004d92 <low_priority_worker_irq+0x96>
10004d14:	4b29      	ldr	r3, [pc, #164]	; (10004dbc <low_priority_worker_irq+0xc0>)
10004d16:	6819      	ldr	r1, [r3, #0]
10004d18:	f3ef 8210 	mrs	r2, PRIMASK
10004d1c:	b672      	cpsid	i
10004d1e:	680b      	ldr	r3, [r1, #0]
10004d20:	2b00      	cmp	r3, #0
10004d22:	d0fc      	beq.n	10004d1e <low_priority_worker_irq+0x22>
10004d24:	f3bf 8f5f 	dmb	sy
10004d28:	4924      	ldr	r1, [pc, #144]	; (10004dbc <low_priority_worker_irq+0xc0>)
10004d2a:	604a      	str	r2, [r1, #4]
10004d2c:	4824      	ldr	r0, [pc, #144]	; (10004dc0 <low_priority_worker_irq+0xc4>)
10004d2e:	7803      	ldrb	r3, [r0, #0]
10004d30:	2401      	movs	r4, #1
10004d32:	4063      	eors	r3, r4
10004d34:	b2db      	uxtb	r3, r3
10004d36:	2401      	movs	r4, #1
10004d38:	7004      	strb	r4, [r0, #0]
10004d3a:	6809      	ldr	r1, [r1, #0]
10004d3c:	f3bf 8f5f 	dmb	sy
10004d40:	2000      	movs	r0, #0
10004d42:	6008      	str	r0, [r1, #0]
10004d44:	f382 8810 	msr	PRIMASK, r2
10004d48:	2b00      	cmp	r3, #0
10004d4a:	d022      	beq.n	10004d92 <low_priority_worker_irq+0x96>
10004d4c:	f7fc fd8c 	bl	10001868 <alarm_pool_get_default>
10004d50:	0004      	movs	r4, r0
10004d52:	f7fd f84b 	bl	10001dec <time_us_64>
10004d56:	0002      	movs	r2, r0
10004d58:	1e0b      	subs	r3, r1, #0
10004d5a:	db1c      	blt.n	10004d96 <low_priority_worker_irq+0x9a>
10004d5c:	20fa      	movs	r0, #250	; 0xfa
10004d5e:	0080      	lsls	r0, r0, #2
10004d60:	2100      	movs	r1, #0
10004d62:	1812      	adds	r2, r2, r0
10004d64:	414b      	adcs	r3, r1
10004d66:	2b00      	cmp	r3, #0
10004d68:	db1b      	blt.n	10004da2 <low_priority_worker_irq+0xa6>
10004d6a:	2b00      	cmp	r3, #0
10004d6c:	db1d      	blt.n	10004daa <low_priority_worker_irq+0xae>
10004d6e:	2101      	movs	r1, #1
10004d70:	9102      	str	r1, [sp, #8]
10004d72:	2100      	movs	r1, #0
10004d74:	9101      	str	r1, [sp, #4]
10004d76:	4913      	ldr	r1, [pc, #76]	; (10004dc4 <low_priority_worker_irq+0xc8>)
10004d78:	9100      	str	r1, [sp, #0]
10004d7a:	0020      	movs	r0, r4
10004d7c:	f7fc fd8a 	bl	10001894 <alarm_pool_add_alarm_at>
10004d80:	e007      	b.n	10004d92 <low_priority_worker_irq+0x96>
10004d82:	2001      	movs	r0, #1
10004d84:	2100      	movs	r1, #0
10004d86:	4240      	negs	r0, r0
10004d88:	f001 f8f0 	bl	10005f6c <tud_task_ext>
10004d8c:	480a      	ldr	r0, [pc, #40]	; (10004db8 <low_priority_worker_irq+0xbc>)
10004d8e:	f003 ffef 	bl	10008d70 <__mutex_exit_veneer>
10004d92:	b004      	add	sp, #16
10004d94:	bd10      	pop	{r4, pc}
10004d96:	4b0c      	ldr	r3, [pc, #48]	; (10004dc8 <low_priority_worker_irq+0xcc>)
10004d98:	4a0c      	ldr	r2, [pc, #48]	; (10004dcc <low_priority_worker_irq+0xd0>)
10004d9a:	213f      	movs	r1, #63	; 0x3f
10004d9c:	480c      	ldr	r0, [pc, #48]	; (10004dd0 <low_priority_worker_irq+0xd4>)
10004d9e:	f7fd fe59 	bl	10002a54 <__assert_func>
10004da2:	2201      	movs	r2, #1
10004da4:	4252      	negs	r2, r2
10004da6:	4b0b      	ldr	r3, [pc, #44]	; (10004dd4 <low_priority_worker_irq+0xd8>)
10004da8:	e7df      	b.n	10004d6a <low_priority_worker_irq+0x6e>
10004daa:	4b07      	ldr	r3, [pc, #28]	; (10004dc8 <low_priority_worker_irq+0xcc>)
10004dac:	4a07      	ldr	r2, [pc, #28]	; (10004dcc <low_priority_worker_irq+0xd0>)
10004dae:	213f      	movs	r1, #63	; 0x3f
10004db0:	4807      	ldr	r0, [pc, #28]	; (10004dd0 <low_priority_worker_irq+0xd4>)
10004db2:	f7fd fe4f 	bl	10002a54 <__assert_func>
10004db6:	46c0      	nop			; (mov r8, r8)
10004db8:	20001ee8 	.word	0x20001ee8
10004dbc:	20001c3c 	.word	0x20001c3c
10004dc0:	20011ffb 	.word	0x20011ffb
10004dc4:	10004ca1 	.word	0x10004ca1
10004dc8:	10008e70 	.word	0x10008e70
10004dcc:	1000a280 	.word	0x1000a280
10004dd0:	10008ec4 	.word	0x10008ec4
10004dd4:	7fffffff 	.word	0x7fffffff

10004dd8 <tud_cdc_rx_cb>:
10004dd8:	b510      	push	{r4, lr}
10004dda:	4b05      	ldr	r3, [pc, #20]	; (10004df0 <tud_cdc_rx_cb+0x18>)
10004ddc:	6818      	ldr	r0, [r3, #0]
10004dde:	2800      	cmp	r0, #0
10004de0:	d004      	beq.n	10004dec <tud_cdc_rx_cb+0x14>
10004de2:	4b04      	ldr	r3, [pc, #16]	; (10004df4 <tud_cdc_rx_cb+0x1c>)
10004de4:	6819      	ldr	r1, [r3, #0]
10004de6:	2200      	movs	r2, #0
10004de8:	f000 fde6 	bl	100059b8 <usbd_defer_func>
10004dec:	bd10      	pop	{r4, pc}
10004dee:	46c0      	nop			; (mov r8, r8)
10004df0:	2000136c 	.word	0x2000136c
10004df4:	20001374 	.word	0x20001374

10004df8 <stdio_usb_init>:
10004df8:	b510      	push	{r4, lr}
10004dfa:	b084      	sub	sp, #16
10004dfc:	23d0      	movs	r3, #208	; 0xd0
10004dfe:	061b      	lsls	r3, r3, #24
10004e00:	681c      	ldr	r4, [r3, #0]
10004e02:	f7fc fd31 	bl	10001868 <alarm_pool_get_default>
10004e06:	f7fc fe75 	bl	10001af4 <alarm_pool_core_num>
10004e0a:	42a0      	cmp	r0, r4
10004e0c:	d12a      	bne.n	10004e64 <stdio_usb_init+0x6c>
10004e0e:	4b32      	ldr	r3, [pc, #200]	; (10004ed8 <stdio_usb_init+0xe0>)
10004e10:	781b      	ldrb	r3, [r3, #0]
10004e12:	f001 fd93 	bl	1000693c <tusb_init>
10004e16:	4831      	ldr	r0, [pc, #196]	; (10004edc <stdio_usb_init+0xe4>)
10004e18:	f7fc f996 	bl	10001148 <mutex_init>
10004e1c:	2001      	movs	r0, #1
10004e1e:	f7fc f977 	bl	10001110 <user_irq_claim_unused>
10004e22:	b2c0      	uxtb	r0, r0
10004e24:	4c2e      	ldr	r4, [pc, #184]	; (10004ee0 <stdio_usb_init+0xe8>)
10004e26:	7020      	strb	r0, [r4, #0]
10004e28:	492e      	ldr	r1, [pc, #184]	; (10004ee4 <stdio_usb_init+0xec>)
10004e2a:	f7fb febd 	bl	10000ba8 <irq_set_exclusive_handler>
10004e2e:	7820      	ldrb	r0, [r4, #0]
10004e30:	2101      	movs	r1, #1
10004e32:	f7fb fe8f 	bl	10000b54 <irq_set_enabled>
10004e36:	2005      	movs	r0, #5
10004e38:	f7fb fea4 	bl	10000b84 <irq_has_shared_handler>
10004e3c:	1e04      	subs	r4, r0, #0
10004e3e:	d017      	beq.n	10004e70 <stdio_usb_init+0x78>
10004e40:	2200      	movs	r2, #0
10004e42:	4929      	ldr	r1, [pc, #164]	; (10004ee8 <stdio_usb_init+0xf0>)
10004e44:	2005      	movs	r0, #5
10004e46:	f7fb fed9 	bl	10000bfc <irq_add_shared_handler>
10004e4a:	f7fb fdf1 	bl	10000a30 <next_striped_spin_lock_num>
10004e4e:	0001      	movs	r1, r0
10004e50:	4826      	ldr	r0, [pc, #152]	; (10004eec <stdio_usb_init+0xf4>)
10004e52:	f7fc f995 	bl	10001180 <critical_section_init_with_lock_num>
10004e56:	2101      	movs	r1, #1
10004e58:	4825      	ldr	r0, [pc, #148]	; (10004ef0 <stdio_usb_init+0xf8>)
10004e5a:	f7ff fd23 	bl	100048a4 <stdio_set_driver_enabled>
10004e5e:	0020      	movs	r0, r4
10004e60:	b004      	add	sp, #16
10004e62:	bd10      	pop	{r4, pc}
10004e64:	4b23      	ldr	r3, [pc, #140]	; (10004ef4 <stdio_usb_init+0xfc>)
10004e66:	4a24      	ldr	r2, [pc, #144]	; (10004ef8 <stdio_usb_init+0x100>)
10004e68:	21b2      	movs	r1, #178	; 0xb2
10004e6a:	4824      	ldr	r0, [pc, #144]	; (10004efc <stdio_usb_init+0x104>)
10004e6c:	f7fd fdf2 	bl	10002a54 <__assert_func>
10004e70:	f7fc fcfa 	bl	10001868 <alarm_pool_get_default>
10004e74:	0004      	movs	r4, r0
10004e76:	f7fc ffb9 	bl	10001dec <time_us_64>
10004e7a:	0002      	movs	r2, r0
10004e7c:	1e0b      	subs	r3, r1, #0
10004e7e:	db1b      	blt.n	10004eb8 <stdio_usb_init+0xc0>
10004e80:	20fa      	movs	r0, #250	; 0xfa
10004e82:	0080      	lsls	r0, r0, #2
10004e84:	2100      	movs	r1, #0
10004e86:	1812      	adds	r2, r2, r0
10004e88:	414b      	adcs	r3, r1
10004e8a:	2b00      	cmp	r3, #0
10004e8c:	db1a      	blt.n	10004ec4 <stdio_usb_init+0xcc>
10004e8e:	2b00      	cmp	r3, #0
10004e90:	db1c      	blt.n	10004ecc <stdio_usb_init+0xd4>
10004e92:	2101      	movs	r1, #1
10004e94:	9102      	str	r1, [sp, #8]
10004e96:	2100      	movs	r1, #0
10004e98:	9101      	str	r1, [sp, #4]
10004e9a:	4919      	ldr	r1, [pc, #100]	; (10004f00 <stdio_usb_init+0x108>)
10004e9c:	9100      	str	r1, [sp, #0]
10004e9e:	0020      	movs	r0, r4
10004ea0:	f7fc fcf8 	bl	10001894 <alarm_pool_add_alarm_at>
10004ea4:	43c4      	mvns	r4, r0
10004ea6:	0fe4      	lsrs	r4, r4, #31
10004ea8:	2208      	movs	r2, #8
10004eaa:	2100      	movs	r1, #0
10004eac:	480f      	ldr	r0, [pc, #60]	; (10004eec <stdio_usb_init+0xf4>)
10004eae:	f7ff fbf1 	bl	10004694 <__wrap_memset>
10004eb2:	2c00      	cmp	r4, #0
10004eb4:	d0d3      	beq.n	10004e5e <stdio_usb_init+0x66>
10004eb6:	e7ce      	b.n	10004e56 <stdio_usb_init+0x5e>
10004eb8:	4b12      	ldr	r3, [pc, #72]	; (10004f04 <stdio_usb_init+0x10c>)
10004eba:	4a13      	ldr	r2, [pc, #76]	; (10004f08 <stdio_usb_init+0x110>)
10004ebc:	213f      	movs	r1, #63	; 0x3f
10004ebe:	4813      	ldr	r0, [pc, #76]	; (10004f0c <stdio_usb_init+0x114>)
10004ec0:	f7fd fdc8 	bl	10002a54 <__assert_func>
10004ec4:	2201      	movs	r2, #1
10004ec6:	4252      	negs	r2, r2
10004ec8:	4b11      	ldr	r3, [pc, #68]	; (10004f10 <stdio_usb_init+0x118>)
10004eca:	e7e0      	b.n	10004e8e <stdio_usb_init+0x96>
10004ecc:	4b0d      	ldr	r3, [pc, #52]	; (10004f04 <stdio_usb_init+0x10c>)
10004ece:	4a0e      	ldr	r2, [pc, #56]	; (10004f08 <stdio_usb_init+0x110>)
10004ed0:	213f      	movs	r1, #63	; 0x3f
10004ed2:	480e      	ldr	r0, [pc, #56]	; (10004f0c <stdio_usb_init+0x114>)
10004ed4:	f7fd fdbe 	bl	10002a54 <__assert_func>
10004ed8:	1000a948 	.word	0x1000a948
10004edc:	20001ee8 	.word	0x20001ee8
10004ee0:	20011ffa 	.word	0x20011ffa
10004ee4:	10004cfd 	.word	0x10004cfd
10004ee8:	10004c91 	.word	0x10004c91
10004eec:	20001c3c 	.word	0x20001c3c
10004ef0:	20000c68 	.word	0x20000c68
10004ef4:	10009334 	.word	0x10009334
10004ef8:	1000a270 	.word	0x1000a270
10004efc:	1000a1ec 	.word	0x1000a1ec
10004f00:	10004ca1 	.word	0x10004ca1
10004f04:	10008e70 	.word	0x10008e70
10004f08:	1000a280 	.word	0x1000a280
10004f0c:	10008ec4 	.word	0x10008ec4
10004f10:	7fffffff 	.word	0x7fffffff

10004f14 <stdio_usb_connected>:
10004f14:	b510      	push	{r4, lr}
10004f16:	2000      	movs	r0, #0
10004f18:	f001 fa30 	bl	1000637c <tud_cdc_n_connected>
10004f1c:	bd10      	pop	{r4, pc}
	...

10004f20 <stdio_usb_in_chars>:
10004f20:	b570      	push	{r4, r5, r6, lr}
10004f22:	0005      	movs	r5, r0
10004f24:	000c      	movs	r4, r1
10004f26:	f7ff fff5 	bl	10004f14 <stdio_usb_connected>
10004f2a:	2800      	cmp	r0, #0
10004f2c:	d045      	beq.n	10004fba <stdio_usb_in_chars+0x9a>
10004f2e:	2000      	movs	r0, #0
10004f30:	f001 fa46 	bl	100063c0 <tud_cdc_n_available>
10004f34:	2800      	cmp	r0, #0
10004f36:	d043      	beq.n	10004fc0 <stdio_usb_in_chars+0xa0>
10004f38:	f7fc ff58 	bl	10001dec <time_us_64>
10004f3c:	0002      	movs	r2, r0
10004f3e:	1e0b      	subs	r3, r1, #0
10004f40:	db21      	blt.n	10004f86 <stdio_usb_in_chars+0x66>
10004f42:	4822      	ldr	r0, [pc, #136]	; (10004fcc <stdio_usb_in_chars+0xac>)
10004f44:	2100      	movs	r1, #0
10004f46:	1812      	adds	r2, r2, r0
10004f48:	414b      	adcs	r3, r1
10004f4a:	2b00      	cmp	r3, #0
10004f4c:	db21      	blt.n	10004f92 <stdio_usb_in_chars+0x72>
10004f4e:	2b00      	cmp	r3, #0
10004f50:	db23      	blt.n	10004f9a <stdio_usb_in_chars+0x7a>
10004f52:	481f      	ldr	r0, [pc, #124]	; (10004fd0 <stdio_usb_in_chars+0xb0>)
10004f54:	f003 ff4c 	bl	10008df0 <__mutex_try_enter_block_until_veneer>
10004f58:	2800      	cmp	r0, #0
10004f5a:	d034      	beq.n	10004fc6 <stdio_usb_in_chars+0xa6>
10004f5c:	f7ff ffda 	bl	10004f14 <stdio_usb_connected>
10004f60:	2800      	cmp	r0, #0
10004f62:	d004      	beq.n	10004f6e <stdio_usb_in_chars+0x4e>
10004f64:	2000      	movs	r0, #0
10004f66:	f001 fa2b 	bl	100063c0 <tud_cdc_n_available>
10004f6a:	2800      	cmp	r0, #0
10004f6c:	d11b      	bne.n	10004fa6 <stdio_usb_in_chars+0x86>
10004f6e:	2001      	movs	r0, #1
10004f70:	2100      	movs	r1, #0
10004f72:	4240      	negs	r0, r0
10004f74:	f000 fffa 	bl	10005f6c <tud_task_ext>
10004f78:	2403      	movs	r4, #3
10004f7a:	4264      	negs	r4, r4
10004f7c:	4814      	ldr	r0, [pc, #80]	; (10004fd0 <stdio_usb_in_chars+0xb0>)
10004f7e:	f003 fef7 	bl	10008d70 <__mutex_exit_veneer>
10004f82:	0020      	movs	r0, r4
10004f84:	bd70      	pop	{r4, r5, r6, pc}
10004f86:	4b13      	ldr	r3, [pc, #76]	; (10004fd4 <stdio_usb_in_chars+0xb4>)
10004f88:	4a13      	ldr	r2, [pc, #76]	; (10004fd8 <stdio_usb_in_chars+0xb8>)
10004f8a:	213f      	movs	r1, #63	; 0x3f
10004f8c:	4813      	ldr	r0, [pc, #76]	; (10004fdc <stdio_usb_in_chars+0xbc>)
10004f8e:	f7fd fd61 	bl	10002a54 <__assert_func>
10004f92:	2201      	movs	r2, #1
10004f94:	4252      	negs	r2, r2
10004f96:	4b12      	ldr	r3, [pc, #72]	; (10004fe0 <stdio_usb_in_chars+0xc0>)
10004f98:	e7d9      	b.n	10004f4e <stdio_usb_in_chars+0x2e>
10004f9a:	4b0e      	ldr	r3, [pc, #56]	; (10004fd4 <stdio_usb_in_chars+0xb4>)
10004f9c:	4a0e      	ldr	r2, [pc, #56]	; (10004fd8 <stdio_usb_in_chars+0xb8>)
10004f9e:	213f      	movs	r1, #63	; 0x3f
10004fa0:	480e      	ldr	r0, [pc, #56]	; (10004fdc <stdio_usb_in_chars+0xbc>)
10004fa2:	f7fd fd57 	bl	10002a54 <__assert_func>
10004fa6:	0022      	movs	r2, r4
10004fa8:	0029      	movs	r1, r5
10004faa:	2000      	movs	r0, #0
10004fac:	f001 fa14 	bl	100063d8 <tud_cdc_n_read>
10004fb0:	1e04      	subs	r4, r0, #0
10004fb2:	d1e3      	bne.n	10004f7c <stdio_usb_in_chars+0x5c>
10004fb4:	2403      	movs	r4, #3
10004fb6:	4264      	negs	r4, r4
10004fb8:	e7e0      	b.n	10004f7c <stdio_usb_in_chars+0x5c>
10004fba:	2403      	movs	r4, #3
10004fbc:	4264      	negs	r4, r4
10004fbe:	e7e0      	b.n	10004f82 <stdio_usb_in_chars+0x62>
10004fc0:	2403      	movs	r4, #3
10004fc2:	4264      	negs	r4, r4
10004fc4:	e7dd      	b.n	10004f82 <stdio_usb_in_chars+0x62>
10004fc6:	2403      	movs	r4, #3
10004fc8:	4264      	negs	r4, r4
10004fca:	e7da      	b.n	10004f82 <stdio_usb_in_chars+0x62>
10004fcc:	000f4240 	.word	0x000f4240
10004fd0:	20001ee8 	.word	0x20001ee8
10004fd4:	10008e70 	.word	0x10008e70
10004fd8:	1000a280 	.word	0x1000a280
10004fdc:	10008ec4 	.word	0x10008ec4
10004fe0:	7fffffff 	.word	0x7fffffff

10004fe4 <stdio_usb_out_chars>:
10004fe4:	b5f0      	push	{r4, r5, r6, r7, lr}
10004fe6:	46c6      	mov	lr, r8
10004fe8:	b500      	push	{lr}
10004fea:	4680      	mov	r8, r0
10004fec:	000c      	movs	r4, r1
10004fee:	f7fc fefd 	bl	10001dec <time_us_64>
10004ff2:	0002      	movs	r2, r0
10004ff4:	1e0b      	subs	r3, r1, #0
10004ff6:	db0f      	blt.n	10005018 <stdio_usb_out_chars+0x34>
10004ff8:	4837      	ldr	r0, [pc, #220]	; (100050d8 <stdio_usb_out_chars+0xf4>)
10004ffa:	2100      	movs	r1, #0
10004ffc:	1812      	adds	r2, r2, r0
10004ffe:	414b      	adcs	r3, r1
10005000:	2b00      	cmp	r3, #0
10005002:	db0f      	blt.n	10005024 <stdio_usb_out_chars+0x40>
10005004:	2b00      	cmp	r3, #0
10005006:	db11      	blt.n	1000502c <stdio_usb_out_chars+0x48>
10005008:	4834      	ldr	r0, [pc, #208]	; (100050dc <stdio_usb_out_chars+0xf8>)
1000500a:	f003 fef1 	bl	10008df0 <__mutex_try_enter_block_until_veneer>
1000500e:	2800      	cmp	r0, #0
10005010:	d112      	bne.n	10005038 <stdio_usb_out_chars+0x54>
10005012:	bc80      	pop	{r7}
10005014:	46b8      	mov	r8, r7
10005016:	bdf0      	pop	{r4, r5, r6, r7, pc}
10005018:	4b31      	ldr	r3, [pc, #196]	; (100050e0 <stdio_usb_out_chars+0xfc>)
1000501a:	4a32      	ldr	r2, [pc, #200]	; (100050e4 <stdio_usb_out_chars+0x100>)
1000501c:	213f      	movs	r1, #63	; 0x3f
1000501e:	4832      	ldr	r0, [pc, #200]	; (100050e8 <stdio_usb_out_chars+0x104>)
10005020:	f7fd fd18 	bl	10002a54 <__assert_func>
10005024:	2201      	movs	r2, #1
10005026:	4252      	negs	r2, r2
10005028:	4b30      	ldr	r3, [pc, #192]	; (100050ec <stdio_usb_out_chars+0x108>)
1000502a:	e7eb      	b.n	10005004 <stdio_usb_out_chars+0x20>
1000502c:	4b2c      	ldr	r3, [pc, #176]	; (100050e0 <stdio_usb_out_chars+0xfc>)
1000502e:	4a2d      	ldr	r2, [pc, #180]	; (100050e4 <stdio_usb_out_chars+0x100>)
10005030:	213f      	movs	r1, #63	; 0x3f
10005032:	482d      	ldr	r0, [pc, #180]	; (100050e8 <stdio_usb_out_chars+0x104>)
10005034:	f7fd fd0e 	bl	10002a54 <__assert_func>
10005038:	f7ff ff6c 	bl	10004f14 <stdio_usb_connected>
1000503c:	2800      	cmp	r0, #0
1000503e:	d149      	bne.n	100050d4 <stdio_usb_out_chars+0xf0>
10005040:	4b2b      	ldr	r3, [pc, #172]	; (100050f0 <stdio_usb_out_chars+0x10c>)
10005042:	2000      	movs	r0, #0
10005044:	2100      	movs	r1, #0
10005046:	6018      	str	r0, [r3, #0]
10005048:	6059      	str	r1, [r3, #4]
1000504a:	4824      	ldr	r0, [pc, #144]	; (100050dc <stdio_usb_out_chars+0xf8>)
1000504c:	f003 fe90 	bl	10008d70 <__mutex_exit_veneer>
10005050:	e7df      	b.n	10005012 <stdio_usb_out_chars+0x2e>
10005052:	2001      	movs	r0, #1
10005054:	2100      	movs	r1, #0
10005056:	4240      	negs	r0, r0
10005058:	f000 ff88 	bl	10005f6c <tud_task_ext>
1000505c:	2000      	movs	r0, #0
1000505e:	f001 f9cf 	bl	10006400 <tud_cdc_n_write_flush>
10005062:	f7ff ff57 	bl	10004f14 <stdio_usb_connected>
10005066:	2800      	cmp	r0, #0
10005068:	d0ef      	beq.n	1000504a <stdio_usb_out_chars+0x66>
1000506a:	2000      	movs	r0, #0
1000506c:	f001 fa40 	bl	100064f0 <tud_cdc_n_write_available>
10005070:	2800      	cmp	r0, #0
10005072:	d020      	beq.n	100050b6 <stdio_usb_out_chars+0xd2>
10005074:	42a5      	cmp	r5, r4
10005076:	dae8      	bge.n	1000504a <stdio_usb_out_chars+0x66>
10005078:	1b66      	subs	r6, r4, r5
1000507a:	2000      	movs	r0, #0
1000507c:	f001 fa38 	bl	100064f0 <tud_cdc_n_write_available>
10005080:	0002      	movs	r2, r0
10005082:	4286      	cmp	r6, r0
10005084:	dc00      	bgt.n	10005088 <stdio_usb_out_chars+0xa4>
10005086:	0032      	movs	r2, r6
10005088:	2a00      	cmp	r2, #0
1000508a:	d0e2      	beq.n	10005052 <stdio_usb_out_chars+0x6e>
1000508c:	4643      	mov	r3, r8
1000508e:	1959      	adds	r1, r3, r5
10005090:	2000      	movs	r0, #0
10005092:	f001 fa11 	bl	100064b8 <tud_cdc_n_write>
10005096:	0006      	movs	r6, r0
10005098:	2001      	movs	r0, #1
1000509a:	2100      	movs	r1, #0
1000509c:	4240      	negs	r0, r0
1000509e:	f000 ff65 	bl	10005f6c <tud_task_ext>
100050a2:	2000      	movs	r0, #0
100050a4:	f001 f9ac 	bl	10006400 <tud_cdc_n_write_flush>
100050a8:	19ad      	adds	r5, r5, r6
100050aa:	f7fc fe9f 	bl	10001dec <time_us_64>
100050ae:	4b10      	ldr	r3, [pc, #64]	; (100050f0 <stdio_usb_out_chars+0x10c>)
100050b0:	6018      	str	r0, [r3, #0]
100050b2:	6059      	str	r1, [r3, #4]
100050b4:	e7de      	b.n	10005074 <stdio_usb_out_chars+0x90>
100050b6:	f7fc fe99 	bl	10001dec <time_us_64>
100050ba:	4b0d      	ldr	r3, [pc, #52]	; (100050f0 <stdio_usb_out_chars+0x10c>)
100050bc:	681e      	ldr	r6, [r3, #0]
100050be:	685f      	ldr	r7, [r3, #4]
100050c0:	4a0c      	ldr	r2, [pc, #48]	; (100050f4 <stdio_usb_out_chars+0x110>)
100050c2:	2300      	movs	r3, #0
100050c4:	1992      	adds	r2, r2, r6
100050c6:	417b      	adcs	r3, r7
100050c8:	4299      	cmp	r1, r3
100050ca:	d8be      	bhi.n	1000504a <stdio_usb_out_chars+0x66>
100050cc:	d1d2      	bne.n	10005074 <stdio_usb_out_chars+0x90>
100050ce:	4290      	cmp	r0, r2
100050d0:	d9d0      	bls.n	10005074 <stdio_usb_out_chars+0x90>
100050d2:	e7ba      	b.n	1000504a <stdio_usb_out_chars+0x66>
100050d4:	2500      	movs	r5, #0
100050d6:	e7cd      	b.n	10005074 <stdio_usb_out_chars+0x90>
100050d8:	000f4240 	.word	0x000f4240
100050dc:	20001ee8 	.word	0x20001ee8
100050e0:	10008e70 	.word	0x10008e70
100050e4:	1000a280 	.word	0x1000a280
100050e8:	10008ec4 	.word	0x10008ec4
100050ec:	7fffffff 	.word	0x7fffffff
100050f0:	20000df0 	.word	0x20000df0
100050f4:	0007a120 	.word	0x0007a120

100050f8 <tud_descriptor_device_cb>:
100050f8:	4800      	ldr	r0, [pc, #0]	; (100050fc <tud_descriptor_device_cb+0x4>)
100050fa:	4770      	bx	lr
100050fc:	1000a318 	.word	0x1000a318

10005100 <tud_descriptor_configuration_cb>:
10005100:	4800      	ldr	r0, [pc, #0]	; (10005104 <tud_descriptor_configuration_cb+0x4>)
10005102:	4770      	bx	lr
10005104:	1000a2c4 	.word	0x1000a2c4

10005108 <tud_descriptor_string_cb>:
10005108:	b510      	push	{r4, lr}
1000510a:	0004      	movs	r4, r0
1000510c:	4b15      	ldr	r3, [pc, #84]	; (10005164 <tud_descriptor_string_cb+0x5c>)
1000510e:	781b      	ldrb	r3, [r3, #0]
10005110:	2b00      	cmp	r3, #0
10005112:	d00e      	beq.n	10005132 <tud_descriptor_string_cb+0x2a>
10005114:	2c00      	cmp	r4, #0
10005116:	d111      	bne.n	1000513c <tud_descriptor_string_cb+0x34>
10005118:	4b13      	ldr	r3, [pc, #76]	; (10005168 <tud_descriptor_string_cb+0x60>)
1000511a:	4a14      	ldr	r2, [pc, #80]	; (1000516c <tud_descriptor_string_cb+0x64>)
1000511c:	805a      	strh	r2, [r3, #2]
1000511e:	2301      	movs	r3, #1
10005120:	3301      	adds	r3, #1
10005122:	005b      	lsls	r3, r3, #1
10005124:	b21b      	sxth	r3, r3
10005126:	22c0      	movs	r2, #192	; 0xc0
10005128:	0092      	lsls	r2, r2, #2
1000512a:	4313      	orrs	r3, r2
1000512c:	480e      	ldr	r0, [pc, #56]	; (10005168 <tud_descriptor_string_cb+0x60>)
1000512e:	8003      	strh	r3, [r0, #0]
10005130:	bd10      	pop	{r4, pc}
10005132:	2111      	movs	r1, #17
10005134:	480b      	ldr	r0, [pc, #44]	; (10005164 <tud_descriptor_string_cb+0x5c>)
10005136:	f000 f825 	bl	10005184 <pico_get_unique_board_id_string>
1000513a:	e7eb      	b.n	10005114 <tud_descriptor_string_cb+0xc>
1000513c:	2c05      	cmp	r4, #5
1000513e:	d80e      	bhi.n	1000515e <tud_descriptor_string_cb+0x56>
10005140:	00a4      	lsls	r4, r4, #2
10005142:	4b0b      	ldr	r3, [pc, #44]	; (10005170 <tud_descriptor_string_cb+0x68>)
10005144:	58e4      	ldr	r4, [r4, r3]
10005146:	2300      	movs	r3, #0
10005148:	2b12      	cmp	r3, #18
1000514a:	d8e9      	bhi.n	10005120 <tud_descriptor_string_cb+0x18>
1000514c:	5ce2      	ldrb	r2, [r4, r3]
1000514e:	2a00      	cmp	r2, #0
10005150:	d0e6      	beq.n	10005120 <tud_descriptor_string_cb+0x18>
10005152:	3301      	adds	r3, #1
10005154:	0059      	lsls	r1, r3, #1
10005156:	4804      	ldr	r0, [pc, #16]	; (10005168 <tud_descriptor_string_cb+0x60>)
10005158:	5242      	strh	r2, [r0, r1]
1000515a:	b2db      	uxtb	r3, r3
1000515c:	e7f4      	b.n	10005148 <tud_descriptor_string_cb+0x40>
1000515e:	2000      	movs	r0, #0
10005160:	e7e6      	b.n	10005130 <tud_descriptor_string_cb+0x28>
10005162:	46c0      	nop			; (mov r8, r8)
10005164:	20011f0c 	.word	0x20011f0c
10005168:	200013e4 	.word	0x200013e4
1000516c:	00000409 	.word	0x00000409
10005170:	1000a32c 	.word	0x1000a32c

10005174 <_retrieve_unique_id_on_boot>:
10005174:	b510      	push	{r4, lr}
10005176:	4802      	ldr	r0, [pc, #8]	; (10005180 <_retrieve_unique_id_on_boot+0xc>)
10005178:	f000 f834 	bl	100051e4 <flash_get_unique_id>
1000517c:	bd10      	pop	{r4, pc}
1000517e:	46c0      	nop			; (mov r8, r8)
10005180:	20001cd8 	.word	0x20001cd8

10005184 <pico_get_unique_board_id_string>:
10005184:	b510      	push	{r4, lr}
10005186:	2900      	cmp	r1, #0
10005188:	d001      	beq.n	1000518e <pico_get_unique_board_id_string+0xa>
1000518a:	2300      	movs	r3, #0
1000518c:	e00a      	b.n	100051a4 <pico_get_unique_board_id_string+0x20>
1000518e:	4b11      	ldr	r3, [pc, #68]	; (100051d4 <pico_get_unique_board_id_string+0x50>)
10005190:	4a11      	ldr	r2, [pc, #68]	; (100051d8 <pico_get_unique_board_id_string+0x54>)
10005192:	311f      	adds	r1, #31
10005194:	4811      	ldr	r0, [pc, #68]	; (100051dc <pico_get_unique_board_id_string+0x58>)
10005196:	f7fd fc5d 	bl	10002a54 <__assert_func>
1000519a:	2400      	movs	r4, #0
1000519c:	e00d      	b.n	100051ba <pico_get_unique_board_id_string+0x36>
1000519e:	3237      	adds	r2, #55	; 0x37
100051a0:	54c2      	strb	r2, [r0, r3]
100051a2:	3301      	adds	r3, #1
100051a4:	1e4a      	subs	r2, r1, #1
100051a6:	429a      	cmp	r2, r3
100051a8:	d90f      	bls.n	100051ca <pico_get_unique_board_id_string+0x46>
100051aa:	2b0f      	cmp	r3, #15
100051ac:	d80d      	bhi.n	100051ca <pico_get_unique_board_id_string+0x46>
100051ae:	085a      	lsrs	r2, r3, #1
100051b0:	4c0b      	ldr	r4, [pc, #44]	; (100051e0 <pico_get_unique_board_id_string+0x5c>)
100051b2:	5ca2      	ldrb	r2, [r4, r2]
100051b4:	07dc      	lsls	r4, r3, #31
100051b6:	d4f0      	bmi.n	1000519a <pico_get_unique_board_id_string+0x16>
100051b8:	2404      	movs	r4, #4
100051ba:	4122      	asrs	r2, r4
100051bc:	0014      	movs	r4, r2
100051be:	220f      	movs	r2, #15
100051c0:	4022      	ands	r2, r4
100051c2:	2a09      	cmp	r2, #9
100051c4:	dceb      	bgt.n	1000519e <pico_get_unique_board_id_string+0x1a>
100051c6:	3230      	adds	r2, #48	; 0x30
100051c8:	e7ea      	b.n	100051a0 <pico_get_unique_board_id_string+0x1c>
100051ca:	18c0      	adds	r0, r0, r3
100051cc:	2300      	movs	r3, #0
100051ce:	7003      	strb	r3, [r0, #0]
100051d0:	bd10      	pop	{r4, pc}
100051d2:	46c0      	nop			; (mov r8, r8)
100051d4:	1000a344 	.word	0x1000a344
100051d8:	1000a3b0 	.word	0x1000a3b0
100051dc:	1000a34c 	.word	0x1000a34c
100051e0:	20001cd8 	.word	0x20001cd8

100051e4 <flash_get_unique_id>:
100051e4:	b570      	push	{r4, r5, r6, lr}
100051e6:	b088      	sub	sp, #32
100051e8:	0004      	movs	r4, r0
100051ea:	ad04      	add	r5, sp, #16
100051ec:	2600      	movs	r6, #0
100051ee:	9604      	str	r6, [sp, #16]
100051f0:	2209      	movs	r2, #9
100051f2:	2100      	movs	r1, #0
100051f4:	a805      	add	r0, sp, #20
100051f6:	f7ff fa4d 	bl	10004694 <__wrap_memset>
100051fa:	9600      	str	r6, [sp, #0]
100051fc:	2209      	movs	r2, #9
100051fe:	2100      	movs	r1, #0
10005200:	a801      	add	r0, sp, #4
10005202:	f7ff fa47 	bl	10004694 <__wrap_memset>
10005206:	234b      	movs	r3, #75	; 0x4b
10005208:	702b      	strb	r3, [r5, #0]
1000520a:	220d      	movs	r2, #13
1000520c:	4669      	mov	r1, sp
1000520e:	0028      	movs	r0, r5
10005210:	f003 fda6 	bl	10008d60 <__flash_do_cmd_veneer>
10005214:	2300      	movs	r3, #0
10005216:	e004      	b.n	10005222 <flash_get_unique_id+0x3e>
10005218:	1d5a      	adds	r2, r3, #5
1000521a:	4669      	mov	r1, sp
1000521c:	5c8a      	ldrb	r2, [r1, r2]
1000521e:	54e2      	strb	r2, [r4, r3]
10005220:	3301      	adds	r3, #1
10005222:	2b07      	cmp	r3, #7
10005224:	ddf8      	ble.n	10005218 <flash_get_unique_id+0x34>
10005226:	b008      	add	sp, #32
10005228:	bd70      	pop	{r4, r5, r6, pc}
	...

1000522c <hw_endpoint_get_by_addr>:
1000522c:	0002      	movs	r2, r0
1000522e:	207f      	movs	r0, #127	; 0x7f
10005230:	4010      	ands	r0, r2
10005232:	09d2      	lsrs	r2, r2, #7
10005234:	0040      	lsls	r0, r0, #1
10005236:	1880      	adds	r0, r0, r2
10005238:	0140      	lsls	r0, r0, #5
1000523a:	4b01      	ldr	r3, [pc, #4]	; (10005240 <hw_endpoint_get_by_addr+0x14>)
1000523c:	18c0      	adds	r0, r0, r3
1000523e:	4770      	bx	lr
10005240:	20001834 	.word	0x20001834

10005244 <_hw_endpoint_alloc>:
10005244:	b510      	push	{r4, lr}
10005246:	8b03      	ldrh	r3, [r0, #24]
10005248:	333f      	adds	r3, #63	; 0x3f
1000524a:	223f      	movs	r2, #63	; 0x3f
1000524c:	4393      	bics	r3, r2
1000524e:	2902      	cmp	r1, #2
10005250:	d015      	beq.n	1000527e <_hw_endpoint_alloc+0x3a>
10005252:	4c12      	ldr	r4, [pc, #72]	; (1000529c <_hw_endpoint_alloc+0x58>)
10005254:	6822      	ldr	r2, [r4, #0]
10005256:	60c2      	str	r2, [r0, #12]
10005258:	18d3      	adds	r3, r2, r3
1000525a:	6023      	str	r3, [r4, #0]
1000525c:	069c      	lsls	r4, r3, #26
1000525e:	d110      	bne.n	10005282 <_hw_endpoint_alloc+0x3e>
10005260:	4c0f      	ldr	r4, [pc, #60]	; (100052a0 <_hw_endpoint_alloc+0x5c>)
10005262:	4062      	eors	r2, r4
10005264:	4063      	eors	r3, r4
10005266:	2480      	movs	r4, #128	; 0x80
10005268:	0164      	lsls	r4, r4, #5
1000526a:	42a3      	cmp	r3, r4
1000526c:	d80f      	bhi.n	1000528e <_hw_endpoint_alloc+0x4a>
1000526e:	0689      	lsls	r1, r1, #26
10005270:	4311      	orrs	r1, r2
10005272:	2380      	movs	r3, #128	; 0x80
10005274:	061b      	lsls	r3, r3, #24
10005276:	4319      	orrs	r1, r3
10005278:	6843      	ldr	r3, [r0, #4]
1000527a:	6019      	str	r1, [r3, #0]
1000527c:	bd10      	pop	{r4, pc}
1000527e:	005b      	lsls	r3, r3, #1
10005280:	e7e7      	b.n	10005252 <_hw_endpoint_alloc+0xe>
10005282:	4b08      	ldr	r3, [pc, #32]	; (100052a4 <_hw_endpoint_alloc+0x60>)
10005284:	4a08      	ldr	r2, [pc, #32]	; (100052a8 <_hw_endpoint_alloc+0x64>)
10005286:	2154      	movs	r1, #84	; 0x54
10005288:	4808      	ldr	r0, [pc, #32]	; (100052ac <_hw_endpoint_alloc+0x68>)
1000528a:	f7fd fbe3 	bl	10002a54 <__assert_func>
1000528e:	4b08      	ldr	r3, [pc, #32]	; (100052b0 <_hw_endpoint_alloc+0x6c>)
10005290:	4a05      	ldr	r2, [pc, #20]	; (100052a8 <_hw_endpoint_alloc+0x64>)
10005292:	2156      	movs	r1, #86	; 0x56
10005294:	4805      	ldr	r0, [pc, #20]	; (100052ac <_hw_endpoint_alloc+0x68>)
10005296:	f7fd fbdd 	bl	10002a54 <__assert_func>
1000529a:	46c0      	nop			; (mov r8, r8)
1000529c:	20001c38 	.word	0x20001c38
100052a0:	50100000 	.word	0x50100000
100052a4:	1000a558 	.word	0x1000a558
100052a8:	1000a68c 	.word	0x1000a68c
100052ac:	1000a588 	.word	0x1000a588
100052b0:	1000a5f8 	.word	0x1000a5f8

100052b4 <hw_endpoint_init>:
100052b4:	b5f8      	push	{r3, r4, r5, r6, r7, lr}
100052b6:	0005      	movs	r5, r0
100052b8:	000e      	movs	r6, r1
100052ba:	0014      	movs	r4, r2
100052bc:	f7ff ffb6 	bl	1000522c <hw_endpoint_get_by_addr>
100052c0:	237f      	movs	r3, #127	; 0x7f
100052c2:	402b      	ands	r3, r5
100052c4:	09ef      	lsrs	r7, r5, #7
100052c6:	7085      	strb	r5, [r0, #2]
100052c8:	427a      	negs	r2, r7
100052ca:	417a      	adcs	r2, r7
100052cc:	7042      	strb	r2, [r0, #1]
100052ce:	2200      	movs	r2, #0
100052d0:	70c2      	strb	r2, [r0, #3]
100052d2:	8306      	strh	r6, [r0, #24]
100052d4:	76c4      	strb	r4, [r0, #27]
100052d6:	2f01      	cmp	r7, #1
100052d8:	d00d      	beq.n	100052f6 <hw_endpoint_init+0x42>
100052da:	00da      	lsls	r2, r3, #3
100052dc:	4912      	ldr	r1, [pc, #72]	; (10005328 <hw_endpoint_init+0x74>)
100052de:	468c      	mov	ip, r1
100052e0:	4462      	add	r2, ip
100052e2:	6082      	str	r2, [r0, #8]
100052e4:	6882      	ldr	r2, [r0, #8]
100052e6:	2100      	movs	r1, #0
100052e8:	6011      	str	r1, [r2, #0]
100052ea:	2b00      	cmp	r3, #0
100052ec:	d109      	bne.n	10005302 <hw_endpoint_init+0x4e>
100052ee:	6043      	str	r3, [r0, #4]
100052f0:	4b0e      	ldr	r3, [pc, #56]	; (1000532c <hw_endpoint_init+0x78>)
100052f2:	60c3      	str	r3, [r0, #12]
100052f4:	bdf8      	pop	{r3, r4, r5, r6, r7, pc}
100052f6:	00da      	lsls	r2, r3, #3
100052f8:	490d      	ldr	r1, [pc, #52]	; (10005330 <hw_endpoint_init+0x7c>)
100052fa:	468c      	mov	ip, r1
100052fc:	4462      	add	r2, ip
100052fe:	6082      	str	r2, [r0, #8]
10005300:	e7f0      	b.n	100052e4 <hw_endpoint_init+0x30>
10005302:	2f01      	cmp	r7, #1
10005304:	d009      	beq.n	1000531a <hw_endpoint_init+0x66>
10005306:	3b01      	subs	r3, #1
10005308:	00db      	lsls	r3, r3, #3
1000530a:	4a0a      	ldr	r2, [pc, #40]	; (10005334 <hw_endpoint_init+0x80>)
1000530c:	4694      	mov	ip, r2
1000530e:	4463      	add	r3, ip
10005310:	6043      	str	r3, [r0, #4]
10005312:	0021      	movs	r1, r4
10005314:	f7ff ff96 	bl	10005244 <_hw_endpoint_alloc>
10005318:	e7ec      	b.n	100052f4 <hw_endpoint_init+0x40>
1000531a:	3b01      	subs	r3, #1
1000531c:	00db      	lsls	r3, r3, #3
1000531e:	4a06      	ldr	r2, [pc, #24]	; (10005338 <hw_endpoint_init+0x84>)
10005320:	4694      	mov	ip, r2
10005322:	4463      	add	r3, ip
10005324:	6043      	str	r3, [r0, #4]
10005326:	e7f4      	b.n	10005312 <hw_endpoint_init+0x5e>
10005328:	50100084 	.word	0x50100084
1000532c:	50100100 	.word	0x50100100
10005330:	50100080 	.word	0x50100080
10005334:	5010000c 	.word	0x5010000c
10005338:	50100008 	.word	0x50100008

1000533c <hw_endpoint_xfer>:
1000533c:	b570      	push	{r4, r5, r6, lr}
1000533e:	000c      	movs	r4, r1
10005340:	0015      	movs	r5, r2
10005342:	f7ff ff73 	bl	1000522c <hw_endpoint_get_by_addr>
10005346:	002a      	movs	r2, r5
10005348:	0021      	movs	r1, r4
1000534a:	f000 f90d 	bl	10005568 <hw_endpoint_xfer_start>
1000534e:	bd70      	pop	{r4, r5, r6, pc}

10005350 <dcd_int_enable>:
10005350:	b510      	push	{r4, lr}
10005352:	2800      	cmp	r0, #0
10005354:	d104      	bne.n	10005360 <dcd_int_enable+0x10>
10005356:	2101      	movs	r1, #1
10005358:	2005      	movs	r0, #5
1000535a:	f7fb fbfb 	bl	10000b54 <irq_set_enabled>
1000535e:	bd10      	pop	{r4, pc}
10005360:	21d5      	movs	r1, #213	; 0xd5
10005362:	4b03      	ldr	r3, [pc, #12]	; (10005370 <dcd_int_enable+0x20>)
10005364:	4a03      	ldr	r2, [pc, #12]	; (10005374 <dcd_int_enable+0x24>)
10005366:	0049      	lsls	r1, r1, #1
10005368:	4803      	ldr	r0, [pc, #12]	; (10005378 <dcd_int_enable+0x28>)
1000536a:	f7fd fb73 	bl	10002a54 <__assert_func>
1000536e:	46c0      	nop			; (mov r8, r8)
10005370:	1000a640 	.word	0x1000a640
10005374:	1000a67c 	.word	0x1000a67c
10005378:	1000a588 	.word	0x1000a588

1000537c <dcd_set_address>:
1000537c:	b510      	push	{r4, lr}
1000537e:	2800      	cmp	r0, #0
10005380:	d105      	bne.n	1000538e <dcd_set_address+0x12>
10005382:	2200      	movs	r2, #0
10005384:	2100      	movs	r1, #0
10005386:	2080      	movs	r0, #128	; 0x80
10005388:	f7ff ffd8 	bl	1000533c <hw_endpoint_xfer>
1000538c:	bd10      	pop	{r4, pc}
1000538e:	21db      	movs	r1, #219	; 0xdb
10005390:	4b02      	ldr	r3, [pc, #8]	; (1000539c <dcd_set_address+0x20>)
10005392:	4a03      	ldr	r2, [pc, #12]	; (100053a0 <dcd_set_address+0x24>)
10005394:	0049      	lsls	r1, r1, #1
10005396:	4803      	ldr	r0, [pc, #12]	; (100053a4 <dcd_set_address+0x28>)
10005398:	f7fd fb5c 	bl	10002a54 <__assert_func>
1000539c:	1000a640 	.word	0x1000a640
100053a0:	1000a66c 	.word	0x1000a66c
100053a4:	1000a588 	.word	0x1000a588

100053a8 <dcd_connect>:
100053a8:	4b02      	ldr	r3, [pc, #8]	; (100053b4 <dcd_connect+0xc>)
100053aa:	2280      	movs	r2, #128	; 0x80
100053ac:	0252      	lsls	r2, r2, #9
100053ae:	64da      	str	r2, [r3, #76]	; 0x4c
100053b0:	4770      	bx	lr
100053b2:	46c0      	nop			; (mov r8, r8)
100053b4:	50112000 	.word	0x50112000

100053b8 <dcd_init>:
100053b8:	b570      	push	{r4, r5, r6, lr}
100053ba:	1e04      	subs	r4, r0, #0
100053bc:	d126      	bne.n	1000540c <dcd_init+0x54>
100053be:	f000 f8ad 	bl	1000551c <rp2040_usb_init>
100053c2:	4d16      	ldr	r5, [pc, #88]	; (1000541c <dcd_init+0x64>)
100053c4:	230c      	movs	r3, #12
100053c6:	67ab      	str	r3, [r5, #120]	; 0x78
100053c8:	22ff      	movs	r2, #255	; 0xff
100053ca:	4915      	ldr	r1, [pc, #84]	; (10005420 <dcd_init+0x68>)
100053cc:	2005      	movs	r0, #5
100053ce:	f7fb fc15 	bl	10000bfc <irq_add_shared_handler>
100053d2:	2240      	movs	r2, #64	; 0x40
100053d4:	2100      	movs	r1, #0
100053d6:	4813      	ldr	r0, [pc, #76]	; (10005424 <dcd_init+0x6c>)
100053d8:	f7ff f95c 	bl	10004694 <__wrap_memset>
100053dc:	2200      	movs	r2, #0
100053de:	2140      	movs	r1, #64	; 0x40
100053e0:	2000      	movs	r0, #0
100053e2:	f7ff ff67 	bl	100052b4 <hw_endpoint_init>
100053e6:	2200      	movs	r2, #0
100053e8:	2140      	movs	r1, #64	; 0x40
100053ea:	2080      	movs	r0, #128	; 0x80
100053ec:	f7ff ff62 	bl	100052b4 <hw_endpoint_init>
100053f0:	f003 fd1e 	bl	10008e30 <__reset_non_control_endpoints_veneer>
100053f4:	2301      	movs	r3, #1
100053f6:	642b      	str	r3, [r5, #64]	; 0x40
100053f8:	2380      	movs	r3, #128	; 0x80
100053fa:	059b      	lsls	r3, r3, #22
100053fc:	64eb      	str	r3, [r5, #76]	; 0x4c
100053fe:	2390      	movs	r3, #144	; 0x90
10005400:	4a09      	ldr	r2, [pc, #36]	; (10005428 <dcd_init+0x70>)
10005402:	50ea      	str	r2, [r5, r3]
10005404:	0020      	movs	r0, r4
10005406:	f7ff ffcf 	bl	100053a8 <dcd_connect>
1000540a:	bd70      	pop	{r4, r5, r6, pc}
1000540c:	2186      	movs	r1, #134	; 0x86
1000540e:	4b07      	ldr	r3, [pc, #28]	; (1000542c <dcd_init+0x74>)
10005410:	4a07      	ldr	r2, [pc, #28]	; (10005430 <dcd_init+0x78>)
10005412:	31ff      	adds	r1, #255	; 0xff
10005414:	4807      	ldr	r0, [pc, #28]	; (10005434 <dcd_init+0x7c>)
10005416:	f7fd fb1d 	bl	10002a54 <__assert_func>
1000541a:	46c0      	nop			; (mov r8, r8)
1000541c:	50110000 	.word	0x50110000
10005420:	200004a1 	.word	0x200004a1
10005424:	20001834 	.word	0x20001834
10005428:	0001d010 	.word	0x0001d010
1000542c:	1000a640 	.word	0x1000a640
10005430:	1000a6a0 	.word	0x1000a6a0
10005434:	1000a588 	.word	0x1000a588

10005438 <dcd_edpt0_status_complete>:
10005438:	780b      	ldrb	r3, [r1, #0]
1000543a:	065b      	lsls	r3, r3, #25
1000543c:	d102      	bne.n	10005444 <dcd_edpt0_status_complete+0xc>
1000543e:	784b      	ldrb	r3, [r1, #1]
10005440:	2b05      	cmp	r3, #5
10005442:	d000      	beq.n	10005446 <dcd_edpt0_status_complete+0xe>
10005444:	4770      	bx	lr
10005446:	788a      	ldrb	r2, [r1, #2]
10005448:	4b01      	ldr	r3, [pc, #4]	; (10005450 <dcd_edpt0_status_complete+0x18>)
1000544a:	601a      	str	r2, [r3, #0]
1000544c:	e7fa      	b.n	10005444 <dcd_edpt0_status_complete+0xc>
1000544e:	46c0      	nop			; (mov r8, r8)
10005450:	50110000 	.word	0x50110000

10005454 <dcd_edpt_open>:
10005454:	b510      	push	{r4, lr}
10005456:	000c      	movs	r4, r1
10005458:	2800      	cmp	r0, #0
1000545a:	d10d      	bne.n	10005478 <dcd_edpt_open+0x24>
1000545c:	7909      	ldrb	r1, [r1, #4]
1000545e:	7963      	ldrb	r3, [r4, #5]
10005460:	021b      	lsls	r3, r3, #8
10005462:	430b      	orrs	r3, r1
10005464:	055b      	lsls	r3, r3, #21
10005466:	0d59      	lsrs	r1, r3, #21
10005468:	78e2      	ldrb	r2, [r4, #3]
1000546a:	0792      	lsls	r2, r2, #30
1000546c:	0f92      	lsrs	r2, r2, #30
1000546e:	78a0      	ldrb	r0, [r4, #2]
10005470:	f7ff ff20 	bl	100052b4 <hw_endpoint_init>
10005474:	2001      	movs	r0, #1
10005476:	bd10      	pop	{r4, pc}
10005478:	21fc      	movs	r1, #252	; 0xfc
1000547a:	4b03      	ldr	r3, [pc, #12]	; (10005488 <dcd_edpt_open+0x34>)
1000547c:	4a03      	ldr	r2, [pc, #12]	; (1000548c <dcd_edpt_open+0x38>)
1000547e:	31ff      	adds	r1, #255	; 0xff
10005480:	4803      	ldr	r0, [pc, #12]	; (10005490 <dcd_edpt_open+0x3c>)
10005482:	f7fd fae7 	bl	10002a54 <__assert_func>
10005486:	46c0      	nop			; (mov r8, r8)
10005488:	1000a640 	.word	0x1000a640
1000548c:	1000a65c 	.word	0x1000a65c
10005490:	1000a588 	.word	0x1000a588

10005494 <dcd_edpt_close_all>:
10005494:	b510      	push	{r4, lr}
10005496:	f003 fccb 	bl	10008e30 <__reset_non_control_endpoints_veneer>
1000549a:	bd10      	pop	{r4, pc}

1000549c <dcd_edpt_xfer>:
1000549c:	b510      	push	{r4, lr}
1000549e:	0004      	movs	r4, r0
100054a0:	0008      	movs	r0, r1
100054a2:	0011      	movs	r1, r2
100054a4:	001a      	movs	r2, r3
100054a6:	2c00      	cmp	r4, #0
100054a8:	d103      	bne.n	100054b2 <dcd_edpt_xfer+0x16>
100054aa:	f7ff ff47 	bl	1000533c <hw_endpoint_xfer>
100054ae:	2001      	movs	r0, #1
100054b0:	bd10      	pop	{r4, pc}
100054b2:	4b03      	ldr	r3, [pc, #12]	; (100054c0 <dcd_edpt_xfer+0x24>)
100054b4:	4a03      	ldr	r2, [pc, #12]	; (100054c4 <dcd_edpt_xfer+0x28>)
100054b6:	4904      	ldr	r1, [pc, #16]	; (100054c8 <dcd_edpt_xfer+0x2c>)
100054b8:	4804      	ldr	r0, [pc, #16]	; (100054cc <dcd_edpt_xfer+0x30>)
100054ba:	f7fd facb 	bl	10002a54 <__assert_func>
100054be:	46c0      	nop			; (mov r8, r8)
100054c0:	1000a640 	.word	0x1000a640
100054c4:	1000a64c 	.word	0x1000a64c
100054c8:	0000020a 	.word	0x0000020a
100054cc:	1000a588 	.word	0x1000a588

100054d0 <dcd_edpt_stall>:
100054d0:	b510      	push	{r4, lr}
100054d2:	0008      	movs	r0, r1
100054d4:	064b      	lsls	r3, r1, #25
100054d6:	d105      	bne.n	100054e4 <dcd_edpt_stall+0x14>
100054d8:	09cb      	lsrs	r3, r1, #7
100054da:	2b01      	cmp	r3, #1
100054dc:	d00a      	beq.n	100054f4 <dcd_edpt_stall+0x24>
100054de:	2202      	movs	r2, #2
100054e0:	4b05      	ldr	r3, [pc, #20]	; (100054f8 <dcd_edpt_stall+0x28>)
100054e2:	669a      	str	r2, [r3, #104]	; 0x68
100054e4:	f7ff fea2 	bl	1000522c <hw_endpoint_get_by_addr>
100054e8:	2280      	movs	r2, #128	; 0x80
100054ea:	0112      	lsls	r2, r2, #4
100054ec:	2100      	movs	r1, #0
100054ee:	f003 fc97 	bl	10008e20 <___hw_endpoint_buffer_control_update32_veneer>
100054f2:	bd10      	pop	{r4, pc}
100054f4:	2201      	movs	r2, #1
100054f6:	e7f3      	b.n	100054e0 <dcd_edpt_stall+0x10>
100054f8:	50112000 	.word	0x50112000

100054fc <dcd_edpt_clear_stall>:
100054fc:	b510      	push	{r4, lr}
100054fe:	0008      	movs	r0, r1
10005500:	064b      	lsls	r3, r1, #25
10005502:	d100      	bne.n	10005506 <dcd_edpt_clear_stall+0xa>
10005504:	bd10      	pop	{r4, pc}
10005506:	f7ff fe91 	bl	1000522c <hw_endpoint_get_by_addr>
1000550a:	2300      	movs	r3, #0
1000550c:	70c3      	strb	r3, [r0, #3]
1000550e:	2200      	movs	r2, #0
10005510:	4901      	ldr	r1, [pc, #4]	; (10005518 <dcd_edpt_clear_stall+0x1c>)
10005512:	f003 fc85 	bl	10008e20 <___hw_endpoint_buffer_control_update32_veneer>
10005516:	e7f5      	b.n	10005504 <dcd_edpt_clear_stall+0x8>
10005518:	fffff7ff 	.word	0xfffff7ff

1000551c <rp2040_usb_init>:
1000551c:	b510      	push	{r4, lr}
1000551e:	2380      	movs	r3, #128	; 0x80
10005520:	045b      	lsls	r3, r3, #17
10005522:	4a0c      	ldr	r2, [pc, #48]	; (10005554 <rp2040_usb_init+0x38>)
10005524:	6013      	str	r3, [r2, #0]
10005526:	4a0c      	ldr	r2, [pc, #48]	; (10005558 <rp2040_usb_init+0x3c>)
10005528:	6013      	str	r3, [r2, #0]
1000552a:	4b0c      	ldr	r3, [pc, #48]	; (1000555c <rp2040_usb_init+0x40>)
1000552c:	689a      	ldr	r2, [r3, #8]
1000552e:	2380      	movs	r3, #128	; 0x80
10005530:	045b      	lsls	r3, r3, #17
10005532:	4393      	bics	r3, r2
10005534:	d1f9      	bne.n	1000552a <rp2040_usb_init+0xe>
10005536:	4c0a      	ldr	r4, [pc, #40]	; (10005560 <rp2040_usb_init+0x44>)
10005538:	229c      	movs	r2, #156	; 0x9c
1000553a:	2100      	movs	r1, #0
1000553c:	0020      	movs	r0, r4
1000553e:	f7ff f8a9 	bl	10004694 <__wrap_memset>
10005542:	2280      	movs	r2, #128	; 0x80
10005544:	0152      	lsls	r2, r2, #5
10005546:	2100      	movs	r1, #0
10005548:	4806      	ldr	r0, [pc, #24]	; (10005564 <rp2040_usb_init+0x48>)
1000554a:	f7ff f8a3 	bl	10004694 <__wrap_memset>
1000554e:	2309      	movs	r3, #9
10005550:	6763      	str	r3, [r4, #116]	; 0x74
10005552:	bd10      	pop	{r4, pc}
10005554:	4000e000 	.word	0x4000e000
10005558:	4000f000 	.word	0x4000f000
1000555c:	4000c000 	.word	0x4000c000
10005560:	50110000 	.word	0x50110000
10005564:	50100000 	.word	0x50100000

10005568 <hw_endpoint_xfer_start>:
10005568:	b570      	push	{r4, r5, r6, lr}
1000556a:	0004      	movs	r4, r0
1000556c:	000d      	movs	r5, r1
1000556e:	0016      	movs	r6, r2
10005570:	7e83      	ldrb	r3, [r0, #26]
10005572:	2b00      	cmp	r3, #0
10005574:	d117      	bne.n	100055a6 <hw_endpoint_xfer_start+0x3e>
10005576:	82a6      	strh	r6, [r4, #20]
10005578:	2300      	movs	r3, #0
1000557a:	82e3      	strh	r3, [r4, #22]
1000557c:	3301      	adds	r3, #1
1000557e:	76a3      	strb	r3, [r4, #26]
10005580:	6125      	str	r5, [r4, #16]
10005582:	0020      	movs	r0, r4
10005584:	f003 fbfc 	bl	10008d80 <__e15_is_bulkin_ep_veneer>
10005588:	2800      	cmp	r0, #0
1000558a:	d004      	beq.n	10005596 <hw_endpoint_xfer_start+0x2e>
1000558c:	4a09      	ldr	r2, [pc, #36]	; (100055b4 <hw_endpoint_xfer_start+0x4c>)
1000558e:	2390      	movs	r3, #144	; 0x90
10005590:	2180      	movs	r1, #128	; 0x80
10005592:	0289      	lsls	r1, r1, #10
10005594:	50d1      	str	r1, [r2, r3]
10005596:	0020      	movs	r0, r4
10005598:	f003 fc22 	bl	10008de0 <__e15_is_critical_frame_period_veneer>
1000559c:	2800      	cmp	r0, #0
1000559e:	d005      	beq.n	100055ac <hw_endpoint_xfer_start+0x44>
100055a0:	2301      	movs	r3, #1
100055a2:	7723      	strb	r3, [r4, #28]
100055a4:	bd70      	pop	{r4, r5, r6, pc}
100055a6:	f003 fc33 	bl	10008e10 <__hw_endpoint_reset_transfer_veneer>
100055aa:	e7e4      	b.n	10005576 <hw_endpoint_xfer_start+0xe>
100055ac:	0020      	movs	r0, r4
100055ae:	f003 fc27 	bl	10008e00 <__hw_endpoint_start_next_buffer_veneer>
100055b2:	e7f7      	b.n	100055a4 <hw_endpoint_xfer_start+0x3c>
100055b4:	50112000 	.word	0x50112000

100055b8 <configuration_reset>:
100055b8:	b570      	push	{r4, r5, r6, lr}
100055ba:	0005      	movs	r5, r0
100055bc:	2400      	movs	r4, #0
100055be:	e00c      	b.n	100055da <configuration_reset+0x22>
100055c0:	0063      	lsls	r3, r4, #1
100055c2:	191b      	adds	r3, r3, r4
100055c4:	00da      	lsls	r2, r3, #3
100055c6:	4b18      	ldr	r3, [pc, #96]	; (10005628 <configuration_reset+0x70>)
100055c8:	681b      	ldr	r3, [r3, #0]
100055ca:	189b      	adds	r3, r3, r2
100055cc:	2b00      	cmp	r3, #0
100055ce:	d02a      	beq.n	10005626 <configuration_reset+0x6e>
100055d0:	685b      	ldr	r3, [r3, #4]
100055d2:	0028      	movs	r0, r5
100055d4:	4798      	blx	r3
100055d6:	3401      	adds	r4, #1
100055d8:	b2e4      	uxtb	r4, r4
100055da:	4b14      	ldr	r3, [pc, #80]	; (1000562c <configuration_reset+0x74>)
100055dc:	781b      	ldrb	r3, [r3, #0]
100055de:	42a3      	cmp	r3, r4
100055e0:	d310      	bcc.n	10005604 <configuration_reset+0x4c>
100055e2:	4a13      	ldr	r2, [pc, #76]	; (10005630 <configuration_reset+0x78>)
100055e4:	2a00      	cmp	r2, #0
100055e6:	d00b      	beq.n	10005600 <configuration_reset+0x48>
100055e8:	42a3      	cmp	r3, r4
100055ea:	d8e9      	bhi.n	100055c0 <configuration_reset+0x8>
100055ec:	1ae3      	subs	r3, r4, r3
100055ee:	b2db      	uxtb	r3, r3
100055f0:	2b00      	cmp	r3, #0
100055f2:	d118      	bne.n	10005626 <configuration_reset+0x6e>
100055f4:	005a      	lsls	r2, r3, #1
100055f6:	18d2      	adds	r2, r2, r3
100055f8:	00d2      	lsls	r2, r2, #3
100055fa:	4b0e      	ldr	r3, [pc, #56]	; (10005634 <configuration_reset+0x7c>)
100055fc:	189b      	adds	r3, r3, r2
100055fe:	e7e5      	b.n	100055cc <configuration_reset+0x14>
10005600:	0023      	movs	r3, r4
10005602:	e7f5      	b.n	100055f0 <configuration_reset+0x38>
10005604:	4c0c      	ldr	r4, [pc, #48]	; (10005638 <configuration_reset+0x80>)
10005606:	2253      	movs	r2, #83	; 0x53
10005608:	2100      	movs	r1, #0
1000560a:	0020      	movs	r0, r4
1000560c:	f7ff f842 	bl	10004694 <__wrap_memset>
10005610:	1ce0      	adds	r0, r4, #3
10005612:	2210      	movs	r2, #16
10005614:	21ff      	movs	r1, #255	; 0xff
10005616:	f7ff f83d 	bl	10004694 <__wrap_memset>
1000561a:	0020      	movs	r0, r4
1000561c:	3013      	adds	r0, #19
1000561e:	2220      	movs	r2, #32
10005620:	21ff      	movs	r1, #255	; 0xff
10005622:	f7ff f837 	bl	10004694 <__wrap_memset>
10005626:	bd70      	pop	{r4, r5, r6, pc}
10005628:	20000e14 	.word	0x20000e14
1000562c:	20011ff4 	.word	0x20011ff4
10005630:	10004c49 	.word	0x10004c49
10005634:	1000a844 	.word	0x1000a844
10005638:	2000113c 	.word	0x2000113c

1000563c <usbd_reset>:
1000563c:	b510      	push	{r4, lr}
1000563e:	f7ff ffbb 	bl	100055b8 <configuration_reset>
10005642:	f000 fdf1 	bl	10006228 <usbd_control_reset>
10005646:	bd10      	pop	{r4, pc}

10005648 <invoke_class_control>:
10005648:	b570      	push	{r4, r5, r6, lr}
1000564a:	0005      	movs	r5, r0
1000564c:	000c      	movs	r4, r1
1000564e:	0016      	movs	r6, r2
10005650:	68c8      	ldr	r0, [r1, #12]
10005652:	f000 fdf3 	bl	1000623c <usbd_control_set_complete_callback>
10005656:	68e3      	ldr	r3, [r4, #12]
10005658:	0032      	movs	r2, r6
1000565a:	2101      	movs	r1, #1
1000565c:	0028      	movs	r0, r5
1000565e:	4798      	blx	r3
10005660:	bd70      	pop	{r4, r5, r6, pc}
	...

10005664 <process_set_config>:
10005664:	b5f0      	push	{r4, r5, r6, r7, lr}
10005666:	46de      	mov	lr, fp
10005668:	4657      	mov	r7, sl
1000566a:	464e      	mov	r6, r9
1000566c:	b5c0      	push	{r6, r7, lr}
1000566e:	b082      	sub	sp, #8
10005670:	9000      	str	r0, [sp, #0]
10005672:	3901      	subs	r1, #1
10005674:	b2c8      	uxtb	r0, r1
10005676:	f7ff fd43 	bl	10005100 <tud_descriptor_configuration_cb>
1000567a:	2800      	cmp	r0, #0
1000567c:	d100      	bne.n	10005680 <process_set_config+0x1c>
1000567e:	e08c      	b.n	1000579a <process_set_config+0x136>
10005680:	7843      	ldrb	r3, [r0, #1]
10005682:	469a      	mov	sl, r3
10005684:	2b02      	cmp	r3, #2
10005686:	d000      	beq.n	1000568a <process_set_config+0x26>
10005688:	e089      	b.n	1000579e <process_set_config+0x13a>
1000568a:	79c5      	ldrb	r5, [r0, #7]
1000568c:	116a      	asrs	r2, r5, #5
1000568e:	3b01      	subs	r3, #1
10005690:	494b      	ldr	r1, [pc, #300]	; (100057c0 <process_set_config+0x15c>)
10005692:	401a      	ands	r2, r3
10005694:	0114      	lsls	r4, r2, #4
10005696:	780a      	ldrb	r2, [r1, #0]
10005698:	2710      	movs	r7, #16
1000569a:	43ba      	bics	r2, r7
1000569c:	4322      	orrs	r2, r4
1000569e:	700a      	strb	r2, [r1, #0]
100056a0:	11ad      	asrs	r5, r5, #6
100056a2:	402b      	ands	r3, r5
100056a4:	015b      	lsls	r3, r3, #5
100056a6:	b2d2      	uxtb	r2, r2
100056a8:	2420      	movs	r4, #32
100056aa:	43a2      	bics	r2, r4
100056ac:	4313      	orrs	r3, r2
100056ae:	700b      	strb	r3, [r1, #0]
100056b0:	0006      	movs	r6, r0
100056b2:	3609      	adds	r6, #9
100056b4:	7882      	ldrb	r2, [r0, #2]
100056b6:	78c4      	ldrb	r4, [r0, #3]
100056b8:	0224      	lsls	r4, r4, #8
100056ba:	4314      	orrs	r4, r2
100056bc:	1904      	adds	r4, r0, r4
100056be:	42a6      	cmp	r6, r4
100056c0:	d264      	bcs.n	1000578c <process_set_config+0x128>
100056c2:	7873      	ldrb	r3, [r6, #1]
100056c4:	2b0b      	cmp	r3, #11
100056c6:	d009      	beq.n	100056dc <process_set_config+0x78>
100056c8:	2301      	movs	r3, #1
100056ca:	469b      	mov	fp, r3
100056cc:	7873      	ldrb	r3, [r6, #1]
100056ce:	2b04      	cmp	r3, #4
100056d0:	d16c      	bne.n	100057ac <process_set_config+0x148>
100056d2:	1ba3      	subs	r3, r4, r6
100056d4:	b29b      	uxth	r3, r3
100056d6:	4699      	mov	r9, r3
100056d8:	2500      	movs	r5, #0
100056da:	e025      	b.n	10005728 <process_set_config+0xc4>
100056dc:	78f3      	ldrb	r3, [r6, #3]
100056de:	469b      	mov	fp, r3
100056e0:	7833      	ldrb	r3, [r6, #0]
100056e2:	18f6      	adds	r6, r6, r3
100056e4:	e7f2      	b.n	100056cc <process_set_config+0x68>
100056e6:	006f      	lsls	r7, r5, #1
100056e8:	197f      	adds	r7, r7, r5
100056ea:	00fb      	lsls	r3, r7, #3
100056ec:	4a35      	ldr	r2, [pc, #212]	; (100057c4 <process_set_config+0x160>)
100056ee:	6817      	ldr	r7, [r2, #0]
100056f0:	18ff      	adds	r7, r7, r3
100056f2:	e02b      	b.n	1000574c <process_set_config+0xe8>
100056f4:	002b      	movs	r3, r5
100056f6:	e022      	b.n	1000573e <process_set_config+0xda>
100056f8:	68ba      	ldr	r2, [r7, #8]
100056fa:	4b33      	ldr	r3, [pc, #204]	; (100057c8 <process_set_config+0x164>)
100056fc:	429a      	cmp	r2, r3
100056fe:	d134      	bne.n	1000576a <process_set_config+0x106>
10005700:	46d3      	mov	fp, sl
10005702:	e032      	b.n	1000576a <process_set_config+0x106>
10005704:	482e      	ldr	r0, [pc, #184]	; (100057c0 <process_set_config+0x15c>)
10005706:	002b      	movs	r3, r5
10005708:	9f01      	ldr	r7, [sp, #4]
1000570a:	003a      	movs	r2, r7
1000570c:	0031      	movs	r1, r6
1000570e:	3013      	adds	r0, #19
10005710:	f001 f9a2 	bl	10006a58 <tu_edpt_bind_driver>
10005714:	46bc      	mov	ip, r7
10005716:	4466      	add	r6, ip
10005718:	4b2c      	ldr	r3, [pc, #176]	; (100057cc <process_set_config+0x168>)
1000571a:	781b      	ldrb	r3, [r3, #0]
1000571c:	42ab      	cmp	r3, r5
1000571e:	d2ce      	bcs.n	100056be <process_set_config+0x5a>
10005720:	2000      	movs	r0, #0
10005722:	e03d      	b.n	100057a0 <process_set_config+0x13c>
10005724:	3501      	adds	r5, #1
10005726:	b2ed      	uxtb	r5, r5
10005728:	4b28      	ldr	r3, [pc, #160]	; (100057cc <process_set_config+0x168>)
1000572a:	781b      	ldrb	r3, [r3, #0]
1000572c:	42ab      	cmp	r3, r5
1000572e:	d3f3      	bcc.n	10005718 <process_set_config+0xb4>
10005730:	4a27      	ldr	r2, [pc, #156]	; (100057d0 <process_set_config+0x16c>)
10005732:	2a00      	cmp	r2, #0
10005734:	d0de      	beq.n	100056f4 <process_set_config+0x90>
10005736:	42ab      	cmp	r3, r5
10005738:	d8d5      	bhi.n	100056e6 <process_set_config+0x82>
1000573a:	1aeb      	subs	r3, r5, r3
1000573c:	b2db      	uxtb	r3, r3
1000573e:	2b00      	cmp	r3, #0
10005740:	d136      	bne.n	100057b0 <process_set_config+0x14c>
10005742:	005f      	lsls	r7, r3, #1
10005744:	18fb      	adds	r3, r7, r3
10005746:	00db      	lsls	r3, r3, #3
10005748:	4f22      	ldr	r7, [pc, #136]	; (100057d4 <process_set_config+0x170>)
1000574a:	18ff      	adds	r7, r7, r3
1000574c:	2f00      	cmp	r7, #0
1000574e:	d031      	beq.n	100057b4 <process_set_config+0x150>
10005750:	464a      	mov	r2, r9
10005752:	0031      	movs	r1, r6
10005754:	9800      	ldr	r0, [sp, #0]
10005756:	68bb      	ldr	r3, [r7, #8]
10005758:	4798      	blx	r3
1000575a:	9001      	str	r0, [sp, #4]
1000575c:	2808      	cmp	r0, #8
1000575e:	d9e1      	bls.n	10005724 <process_set_config+0xc0>
10005760:	4581      	cmp	r9, r0
10005762:	d3df      	bcc.n	10005724 <process_set_config+0xc0>
10005764:	465b      	mov	r3, fp
10005766:	2b01      	cmp	r3, #1
10005768:	d0c6      	beq.n	100056f8 <process_set_config+0x94>
1000576a:	2200      	movs	r2, #0
1000576c:	4593      	cmp	fp, r2
1000576e:	d9c9      	bls.n	10005704 <process_set_config+0xa0>
10005770:	78b3      	ldrb	r3, [r6, #2]
10005772:	189b      	adds	r3, r3, r2
10005774:	b2db      	uxtb	r3, r3
10005776:	4912      	ldr	r1, [pc, #72]	; (100057c0 <process_set_config+0x15c>)
10005778:	18c9      	adds	r1, r1, r3
1000577a:	78c9      	ldrb	r1, [r1, #3]
1000577c:	29ff      	cmp	r1, #255	; 0xff
1000577e:	d11b      	bne.n	100057b8 <process_set_config+0x154>
10005780:	490f      	ldr	r1, [pc, #60]	; (100057c0 <process_set_config+0x15c>)
10005782:	18cb      	adds	r3, r1, r3
10005784:	70dd      	strb	r5, [r3, #3]
10005786:	3201      	adds	r2, #1
10005788:	b2d2      	uxtb	r2, r2
1000578a:	e7ef      	b.n	1000576c <process_set_config+0x108>
1000578c:	4b12      	ldr	r3, [pc, #72]	; (100057d8 <process_set_config+0x174>)
1000578e:	2b00      	cmp	r3, #0
10005790:	d014      	beq.n	100057bc <process_set_config+0x158>
10005792:	e000      	b.n	10005796 <process_set_config+0x132>
10005794:	bf00      	nop
10005796:	2001      	movs	r0, #1
10005798:	e002      	b.n	100057a0 <process_set_config+0x13c>
1000579a:	2000      	movs	r0, #0
1000579c:	e000      	b.n	100057a0 <process_set_config+0x13c>
1000579e:	2000      	movs	r0, #0
100057a0:	b002      	add	sp, #8
100057a2:	bce0      	pop	{r5, r6, r7}
100057a4:	46bb      	mov	fp, r7
100057a6:	46b2      	mov	sl, r6
100057a8:	46a9      	mov	r9, r5
100057aa:	bdf0      	pop	{r4, r5, r6, r7, pc}
100057ac:	2000      	movs	r0, #0
100057ae:	e7f7      	b.n	100057a0 <process_set_config+0x13c>
100057b0:	2000      	movs	r0, #0
100057b2:	e7f5      	b.n	100057a0 <process_set_config+0x13c>
100057b4:	2000      	movs	r0, #0
100057b6:	e7f3      	b.n	100057a0 <process_set_config+0x13c>
100057b8:	2000      	movs	r0, #0
100057ba:	e7f1      	b.n	100057a0 <process_set_config+0x13c>
100057bc:	2001      	movs	r0, #1
100057be:	e7ef      	b.n	100057a0 <process_set_config+0x13c>
100057c0:	2000113c 	.word	0x2000113c
100057c4:	20000e14 	.word	0x20000e14
100057c8:	1000660d 	.word	0x1000660d
100057cc:	20011ff4 	.word	0x20011ff4
100057d0:	10004c49 	.word	0x10004c49
100057d4:	1000a844 	.word	0x1000a844
100057d8:	00000000 	.word	0x00000000

100057dc <process_get_descriptor>:
100057dc:	b570      	push	{r4, r5, r6, lr}
100057de:	0005      	movs	r5, r0
100057e0:	000c      	movs	r4, r1
100057e2:	78cb      	ldrb	r3, [r1, #3]
100057e4:	7888      	ldrb	r0, [r1, #2]
100057e6:	2b0f      	cmp	r3, #15
100057e8:	d850      	bhi.n	1000588c <process_get_descriptor+0xb0>
100057ea:	009a      	lsls	r2, r3, #2
100057ec:	492e      	ldr	r1, [pc, #184]	; (100058a8 <process_get_descriptor+0xcc>)
100057ee:	588a      	ldr	r2, [r1, r2]
100057f0:	4697      	mov	pc, r2
100057f2:	f7ff fc81 	bl	100050f8 <tud_descriptor_device_cb>
100057f6:	0002      	movs	r2, r0
100057f8:	2312      	movs	r3, #18
100057fa:	0021      	movs	r1, r4
100057fc:	0028      	movs	r0, r5
100057fe:	f000 fcd9 	bl	100061b4 <tud_control_xfer>
10005802:	e044      	b.n	1000588e <process_get_descriptor+0xb2>
10005804:	4b29      	ldr	r3, [pc, #164]	; (100058ac <process_get_descriptor+0xd0>)
10005806:	2b00      	cmp	r3, #0
10005808:	d042      	beq.n	10005890 <process_get_descriptor+0xb4>
1000580a:	e000      	b.n	1000580e <process_get_descriptor+0x32>
1000580c:	bf00      	nop
1000580e:	1e02      	subs	r2, r0, #0
10005810:	d040      	beq.n	10005894 <process_get_descriptor+0xb8>
10005812:	7881      	ldrb	r1, [r0, #2]
10005814:	78c3      	ldrb	r3, [r0, #3]
10005816:	021b      	lsls	r3, r3, #8
10005818:	430b      	orrs	r3, r1
1000581a:	0021      	movs	r1, r4
1000581c:	0028      	movs	r0, r5
1000581e:	f000 fcc9 	bl	100061b4 <tud_control_xfer>
10005822:	e034      	b.n	1000588e <process_get_descriptor+0xb2>
10005824:	2b02      	cmp	r3, #2
10005826:	d009      	beq.n	1000583c <process_get_descriptor+0x60>
10005828:	4b21      	ldr	r3, [pc, #132]	; (100058b0 <process_get_descriptor+0xd4>)
1000582a:	2b00      	cmp	r3, #0
1000582c:	d034      	beq.n	10005898 <process_get_descriptor+0xbc>
1000582e:	e000      	b.n	10005832 <process_get_descriptor+0x56>
10005830:	bf00      	nop
10005832:	0002      	movs	r2, r0
10005834:	2a00      	cmp	r2, #0
10005836:	d105      	bne.n	10005844 <process_get_descriptor+0x68>
10005838:	2000      	movs	r0, #0
1000583a:	e028      	b.n	1000588e <process_get_descriptor+0xb2>
1000583c:	f7ff fc60 	bl	10005100 <tud_descriptor_configuration_cb>
10005840:	0002      	movs	r2, r0
10005842:	e7f7      	b.n	10005834 <process_get_descriptor+0x58>
10005844:	7891      	ldrb	r1, [r2, #2]
10005846:	78d3      	ldrb	r3, [r2, #3]
10005848:	021b      	lsls	r3, r3, #8
1000584a:	430b      	orrs	r3, r1
1000584c:	0021      	movs	r1, r4
1000584e:	0028      	movs	r0, r5
10005850:	f000 fcb0 	bl	100061b4 <tud_control_xfer>
10005854:	e01b      	b.n	1000588e <process_get_descriptor+0xb2>
10005856:	7923      	ldrb	r3, [r4, #4]
10005858:	7961      	ldrb	r1, [r4, #5]
1000585a:	0209      	lsls	r1, r1, #8
1000585c:	4319      	orrs	r1, r3
1000585e:	f7ff fc53 	bl	10005108 <tud_descriptor_string_cb>
10005862:	1e02      	subs	r2, r0, #0
10005864:	d01a      	beq.n	1000589c <process_get_descriptor+0xc0>
10005866:	7803      	ldrb	r3, [r0, #0]
10005868:	0021      	movs	r1, r4
1000586a:	0028      	movs	r0, r5
1000586c:	f000 fca2 	bl	100061b4 <tud_control_xfer>
10005870:	e00d      	b.n	1000588e <process_get_descriptor+0xb2>
10005872:	4b10      	ldr	r3, [pc, #64]	; (100058b4 <process_get_descriptor+0xd8>)
10005874:	2b00      	cmp	r3, #0
10005876:	d013      	beq.n	100058a0 <process_get_descriptor+0xc4>
10005878:	e000      	b.n	1000587c <process_get_descriptor+0xa0>
1000587a:	bf00      	nop
1000587c:	1e02      	subs	r2, r0, #0
1000587e:	d011      	beq.n	100058a4 <process_get_descriptor+0xc8>
10005880:	7803      	ldrb	r3, [r0, #0]
10005882:	0021      	movs	r1, r4
10005884:	0028      	movs	r0, r5
10005886:	f000 fc95 	bl	100061b4 <tud_control_xfer>
1000588a:	e000      	b.n	1000588e <process_get_descriptor+0xb2>
1000588c:	2000      	movs	r0, #0
1000588e:	bd70      	pop	{r4, r5, r6, pc}
10005890:	2000      	movs	r0, #0
10005892:	e7fc      	b.n	1000588e <process_get_descriptor+0xb2>
10005894:	2000      	movs	r0, #0
10005896:	e7fa      	b.n	1000588e <process_get_descriptor+0xb2>
10005898:	2000      	movs	r0, #0
1000589a:	e7f8      	b.n	1000588e <process_get_descriptor+0xb2>
1000589c:	2000      	movs	r0, #0
1000589e:	e7f6      	b.n	1000588e <process_get_descriptor+0xb2>
100058a0:	2000      	movs	r0, #0
100058a2:	e7f4      	b.n	1000588e <process_get_descriptor+0xb2>
100058a4:	2000      	movs	r0, #0
100058a6:	e7f2      	b.n	1000588e <process_get_descriptor+0xb2>
100058a8:	1000a7b8 	.word	0x1000a7b8
	...

100058b8 <tud_mounted>:
100058b8:	4b02      	ldr	r3, [pc, #8]	; (100058c4 <tud_mounted+0xc>)
100058ba:	7858      	ldrb	r0, [r3, #1]
100058bc:	1e43      	subs	r3, r0, #1
100058be:	4198      	sbcs	r0, r3
100058c0:	b2c0      	uxtb	r0, r0
100058c2:	4770      	bx	lr
100058c4:	2000113c 	.word	0x2000113c

100058c8 <tud_suspended>:
100058c8:	4b02      	ldr	r3, [pc, #8]	; (100058d4 <tud_suspended+0xc>)
100058ca:	7818      	ldrb	r0, [r3, #0]
100058cc:	0740      	lsls	r0, r0, #29
100058ce:	0fc0      	lsrs	r0, r0, #31
100058d0:	4770      	bx	lr
100058d2:	46c0      	nop			; (mov r8, r8)
100058d4:	2000113c 	.word	0x2000113c

100058d8 <tud_inited>:
100058d8:	4b03      	ldr	r3, [pc, #12]	; (100058e8 <tud_inited+0x10>)
100058da:	7818      	ldrb	r0, [r3, #0]
100058dc:	38ff      	subs	r0, #255	; 0xff
100058de:	1e43      	subs	r3, r0, #1
100058e0:	4198      	sbcs	r0, r3
100058e2:	b2c0      	uxtb	r0, r0
100058e4:	4770      	bx	lr
100058e6:	46c0      	nop			; (mov r8, r8)
100058e8:	20000ca4 	.word	0x20000ca4

100058ec <tud_init>:
100058ec:	b570      	push	{r4, r5, r6, lr}
100058ee:	0004      	movs	r4, r0
100058f0:	f7ff fff2 	bl	100058d8 <tud_inited>
100058f4:	1e06      	subs	r6, r0, #0
100058f6:	d001      	beq.n	100058fc <tud_init+0x10>
100058f8:	0030      	movs	r0, r6
100058fa:	bd70      	pop	{r4, r5, r6, pc}
100058fc:	2253      	movs	r2, #83	; 0x53
100058fe:	2100      	movs	r1, #0
10005900:	4823      	ldr	r0, [pc, #140]	; (10005990 <tud_init+0xa4>)
10005902:	f7fe fec7 	bl	10004694 <__wrap_memset>
10005906:	4d23      	ldr	r5, [pc, #140]	; (10005994 <tud_init+0xa8>)
10005908:	0028      	movs	r0, r5
1000590a:	f7fb fc1d 	bl	10001148 <mutex_init>
1000590e:	4b22      	ldr	r3, [pc, #136]	; (10005998 <tud_init+0xac>)
10005910:	601d      	str	r5, [r3, #0]
10005912:	4d22      	ldr	r5, [pc, #136]	; (1000599c <tud_init+0xb0>)
10005914:	0028      	movs	r0, r5
10005916:	3014      	adds	r0, #20
10005918:	f7fb fc3c 	bl	10001194 <critical_section_init>
1000591c:	0028      	movs	r0, r5
1000591e:	f001 fbf0 	bl	10007102 <tu_fifo_clear>
10005922:	4b1f      	ldr	r3, [pc, #124]	; (100059a0 <tud_init+0xb4>)
10005924:	601d      	str	r5, [r3, #0]
10005926:	4b1f      	ldr	r3, [pc, #124]	; (100059a4 <tud_init+0xb8>)
10005928:	2b00      	cmp	r3, #0
1000592a:	d004      	beq.n	10005936 <tud_init+0x4a>
1000592c:	481e      	ldr	r0, [pc, #120]	; (100059a8 <tud_init+0xbc>)
1000592e:	f7ff f98b 	bl	10004c48 <usbd_app_driver_get_cb>
10005932:	4b1e      	ldr	r3, [pc, #120]	; (100059ac <tud_init+0xc0>)
10005934:	6018      	str	r0, [r3, #0]
10005936:	2500      	movs	r5, #0
10005938:	e00b      	b.n	10005952 <tud_init+0x66>
1000593a:	006b      	lsls	r3, r5, #1
1000593c:	195b      	adds	r3, r3, r5
1000593e:	00da      	lsls	r2, r3, #3
10005940:	4b1a      	ldr	r3, [pc, #104]	; (100059ac <tud_init+0xc0>)
10005942:	681b      	ldr	r3, [r3, #0]
10005944:	189b      	adds	r3, r3, r2
10005946:	2b00      	cmp	r3, #0
10005948:	d0d6      	beq.n	100058f8 <tud_init+0xc>
1000594a:	681b      	ldr	r3, [r3, #0]
1000594c:	4798      	blx	r3
1000594e:	3501      	adds	r5, #1
10005950:	b2ed      	uxtb	r5, r5
10005952:	4b15      	ldr	r3, [pc, #84]	; (100059a8 <tud_init+0xbc>)
10005954:	781b      	ldrb	r3, [r3, #0]
10005956:	42ab      	cmp	r3, r5
10005958:	d310      	bcc.n	1000597c <tud_init+0x90>
1000595a:	4a12      	ldr	r2, [pc, #72]	; (100059a4 <tud_init+0xb8>)
1000595c:	2a00      	cmp	r2, #0
1000595e:	d00b      	beq.n	10005978 <tud_init+0x8c>
10005960:	42ab      	cmp	r3, r5
10005962:	d8ea      	bhi.n	1000593a <tud_init+0x4e>
10005964:	1aeb      	subs	r3, r5, r3
10005966:	b2db      	uxtb	r3, r3
10005968:	2b00      	cmp	r3, #0
1000596a:	d1c5      	bne.n	100058f8 <tud_init+0xc>
1000596c:	005a      	lsls	r2, r3, #1
1000596e:	18d2      	adds	r2, r2, r3
10005970:	00d2      	lsls	r2, r2, #3
10005972:	4b0f      	ldr	r3, [pc, #60]	; (100059b0 <tud_init+0xc4>)
10005974:	189b      	adds	r3, r3, r2
10005976:	e7e6      	b.n	10005946 <tud_init+0x5a>
10005978:	002b      	movs	r3, r5
1000597a:	e7f5      	b.n	10005968 <tud_init+0x7c>
1000597c:	4b0d      	ldr	r3, [pc, #52]	; (100059b4 <tud_init+0xc8>)
1000597e:	701c      	strb	r4, [r3, #0]
10005980:	0020      	movs	r0, r4
10005982:	f7ff fd19 	bl	100053b8 <dcd_init>
10005986:	0020      	movs	r0, r4
10005988:	f7ff fce2 	bl	10005350 <dcd_int_enable>
1000598c:	2601      	movs	r6, #1
1000598e:	e7b3      	b.n	100058f8 <tud_init+0xc>
10005990:	2000113c 	.word	0x2000113c
10005994:	200010f4 	.word	0x200010f4
10005998:	20001190 	.word	0x20001190
1000599c:	20000c88 	.word	0x20000c88
100059a0:	20001194 	.word	0x20001194
100059a4:	10004c49 	.word	0x10004c49
100059a8:	20011ff4 	.word	0x20011ff4
100059ac:	20000e14 	.word	0x20000e14
100059b0:	1000a844 	.word	0x1000a844
100059b4:	20000ca4 	.word	0x20000ca4

100059b8 <usbd_defer_func>:
100059b8:	b5f0      	push	{r4, r5, r6, r7, lr}
100059ba:	b085      	sub	sp, #20
100059bc:	0007      	movs	r7, r0
100059be:	000e      	movs	r6, r1
100059c0:	0015      	movs	r5, r2
100059c2:	ac01      	add	r4, sp, #4
100059c4:	220c      	movs	r2, #12
100059c6:	2100      	movs	r1, #0
100059c8:	0020      	movs	r0, r4
100059ca:	f7fe fe63 	bl	10004694 <__wrap_memset>
100059ce:	2308      	movs	r3, #8
100059d0:	7063      	strb	r3, [r4, #1]
100059d2:	9702      	str	r7, [sp, #8]
100059d4:	9603      	str	r6, [sp, #12]
100059d6:	0029      	movs	r1, r5
100059d8:	0020      	movs	r0, r4
100059da:	f003 f9f9 	bl	10008dd0 <__dcd_event_handler_veneer>
100059de:	b005      	add	sp, #20
100059e0:	bdf0      	pop	{r4, r5, r6, r7, pc}
	...

100059e4 <usbd_edpt_open>:
100059e4:	b570      	push	{r4, r5, r6, lr}
100059e6:	000c      	movs	r4, r1
100059e8:	4b09      	ldr	r3, [pc, #36]	; (10005a10 <usbd_edpt_open+0x2c>)
100059ea:	781d      	ldrb	r5, [r3, #0]
100059ec:	788b      	ldrb	r3, [r1, #2]
100059ee:	2270      	movs	r2, #112	; 0x70
100059f0:	421a      	tst	r2, r3
100059f2:	d001      	beq.n	100059f8 <usbd_edpt_open+0x14>
100059f4:	2000      	movs	r0, #0
100059f6:	bd70      	pop	{r4, r5, r6, pc}
100059f8:	4b06      	ldr	r3, [pc, #24]	; (10005a14 <usbd_edpt_open+0x30>)
100059fa:	7899      	ldrb	r1, [r3, #2]
100059fc:	0020      	movs	r0, r4
100059fe:	f000 ffef 	bl	100069e0 <tu_edpt_validate>
10005a02:	2800      	cmp	r0, #0
10005a04:	d0f7      	beq.n	100059f6 <usbd_edpt_open+0x12>
10005a06:	0021      	movs	r1, r4
10005a08:	0028      	movs	r0, r5
10005a0a:	f7ff fd23 	bl	10005454 <dcd_edpt_open>
10005a0e:	e7f2      	b.n	100059f6 <usbd_edpt_open+0x12>
10005a10:	20000ca4 	.word	0x20000ca4
10005a14:	2000113c 	.word	0x2000113c

10005a18 <usbd_open_edpt_pair>:
10005a18:	b5f8      	push	{r3, r4, r5, r6, r7, lr}
10005a1a:	46ce      	mov	lr, r9
10005a1c:	4647      	mov	r7, r8
10005a1e:	b580      	push	{r7, lr}
10005a20:	4681      	mov	r9, r0
10005a22:	000c      	movs	r4, r1
10005a24:	0017      	movs	r7, r2
10005a26:	001e      	movs	r6, r3
10005a28:	9b08      	ldr	r3, [sp, #32]
10005a2a:	4698      	mov	r8, r3
10005a2c:	2500      	movs	r5, #0
10005a2e:	e004      	b.n	10005a3a <usbd_open_edpt_pair+0x22>
10005a30:	9a09      	ldr	r2, [sp, #36]	; 0x24
10005a32:	7013      	strb	r3, [r2, #0]
10005a34:	7823      	ldrb	r3, [r4, #0]
10005a36:	18e4      	adds	r4, r4, r3
10005a38:	3501      	adds	r5, #1
10005a3a:	42af      	cmp	r7, r5
10005a3c:	dd14      	ble.n	10005a68 <usbd_open_edpt_pair+0x50>
10005a3e:	7863      	ldrb	r3, [r4, #1]
10005a40:	2b05      	cmp	r3, #5
10005a42:	d116      	bne.n	10005a72 <usbd_open_edpt_pair+0x5a>
10005a44:	78e1      	ldrb	r1, [r4, #3]
10005a46:	0789      	lsls	r1, r1, #30
10005a48:	0f89      	lsrs	r1, r1, #30
10005a4a:	42b1      	cmp	r1, r6
10005a4c:	d113      	bne.n	10005a76 <usbd_open_edpt_pair+0x5e>
10005a4e:	0021      	movs	r1, r4
10005a50:	4648      	mov	r0, r9
10005a52:	f7ff ffc7 	bl	100059e4 <usbd_edpt_open>
10005a56:	2800      	cmp	r0, #0
10005a58:	d007      	beq.n	10005a6a <usbd_open_edpt_pair+0x52>
10005a5a:	78a3      	ldrb	r3, [r4, #2]
10005a5c:	09da      	lsrs	r2, r3, #7
10005a5e:	2a01      	cmp	r2, #1
10005a60:	d0e6      	beq.n	10005a30 <usbd_open_edpt_pair+0x18>
10005a62:	4642      	mov	r2, r8
10005a64:	7013      	strb	r3, [r2, #0]
10005a66:	e7e5      	b.n	10005a34 <usbd_open_edpt_pair+0x1c>
10005a68:	2001      	movs	r0, #1
10005a6a:	bcc0      	pop	{r6, r7}
10005a6c:	46b9      	mov	r9, r7
10005a6e:	46b0      	mov	r8, r6
10005a70:	bdf8      	pop	{r3, r4, r5, r6, r7, pc}
10005a72:	2000      	movs	r0, #0
10005a74:	e7f9      	b.n	10005a6a <usbd_open_edpt_pair+0x52>
10005a76:	2000      	movs	r0, #0
10005a78:	e7f7      	b.n	10005a6a <usbd_open_edpt_pair+0x52>
	...

10005a7c <usbd_edpt_claim>:
10005a7c:	b510      	push	{r4, lr}
10005a7e:	207f      	movs	r0, #127	; 0x7f
10005a80:	4008      	ands	r0, r1
10005a82:	09c9      	lsrs	r1, r1, #7
10005a84:	0040      	lsls	r0, r0, #1
10005a86:	1840      	adds	r0, r0, r1
10005a88:	3030      	adds	r0, #48	; 0x30
10005a8a:	4904      	ldr	r1, [pc, #16]	; (10005a9c <usbd_edpt_claim+0x20>)
10005a8c:	1808      	adds	r0, r1, r0
10005a8e:	3003      	adds	r0, #3
10005a90:	4b03      	ldr	r3, [pc, #12]	; (10005aa0 <usbd_edpt_claim+0x24>)
10005a92:	6819      	ldr	r1, [r3, #0]
10005a94:	f000 ff5e 	bl	10006954 <tu_edpt_claim>
10005a98:	bd10      	pop	{r4, pc}
10005a9a:	46c0      	nop			; (mov r8, r8)
10005a9c:	2000113c 	.word	0x2000113c
10005aa0:	20001190 	.word	0x20001190

10005aa4 <usbd_edpt_release>:
10005aa4:	b510      	push	{r4, lr}
10005aa6:	207f      	movs	r0, #127	; 0x7f
10005aa8:	4008      	ands	r0, r1
10005aaa:	09c9      	lsrs	r1, r1, #7
10005aac:	0040      	lsls	r0, r0, #1
10005aae:	1840      	adds	r0, r0, r1
10005ab0:	3030      	adds	r0, #48	; 0x30
10005ab2:	4904      	ldr	r1, [pc, #16]	; (10005ac4 <usbd_edpt_release+0x20>)
10005ab4:	1808      	adds	r0, r1, r0
10005ab6:	3003      	adds	r0, #3
10005ab8:	4b03      	ldr	r3, [pc, #12]	; (10005ac8 <usbd_edpt_release+0x24>)
10005aba:	6819      	ldr	r1, [r3, #0]
10005abc:	f000 ff72 	bl	100069a4 <tu_edpt_release>
10005ac0:	bd10      	pop	{r4, pc}
10005ac2:	46c0      	nop			; (mov r8, r8)
10005ac4:	2000113c 	.word	0x2000113c
10005ac8:	20001190 	.word	0x20001190

10005acc <usbd_edpt_xfer>:
10005acc:	b5f8      	push	{r3, r4, r5, r6, r7, lr}
10005ace:	46ce      	mov	lr, r9
10005ad0:	4647      	mov	r7, r8
10005ad2:	b580      	push	{r7, lr}
10005ad4:	4819      	ldr	r0, [pc, #100]	; (10005b3c <usbd_edpt_xfer+0x70>)
10005ad6:	7800      	ldrb	r0, [r0, #0]
10005ad8:	257f      	movs	r5, #127	; 0x7f
10005ada:	400d      	ands	r5, r1
10005adc:	09ce      	lsrs	r6, r1, #7
10005ade:	006f      	lsls	r7, r5, #1
10005ae0:	4c17      	ldr	r4, [pc, #92]	; (10005b40 <usbd_edpt_xfer+0x74>)
10005ae2:	19e4      	adds	r4, r4, r7
10005ae4:	19a4      	adds	r4, r4, r6
10005ae6:	3430      	adds	r4, #48	; 0x30
10005ae8:	78e4      	ldrb	r4, [r4, #3]
10005aea:	07e4      	lsls	r4, r4, #31
10005aec:	d504      	bpl.n	10005af8 <usbd_edpt_xfer+0x2c>
10005aee:	2000      	movs	r0, #0
10005af0:	bcc0      	pop	{r6, r7}
10005af2:	46b9      	mov	r9, r7
10005af4:	46b0      	mov	r8, r6
10005af6:	bdf8      	pop	{r3, r4, r5, r6, r7, pc}
10005af8:	4c11      	ldr	r4, [pc, #68]	; (10005b40 <usbd_edpt_xfer+0x74>)
10005afa:	19e4      	adds	r4, r4, r7
10005afc:	19a4      	adds	r4, r4, r6
10005afe:	2730      	movs	r7, #48	; 0x30
10005b00:	46b9      	mov	r9, r7
10005b02:	44a1      	add	r9, r4
10005b04:	464c      	mov	r4, r9
10005b06:	78e4      	ldrb	r4, [r4, #3]
10005b08:	2701      	movs	r7, #1
10005b0a:	46bc      	mov	ip, r7
10005b0c:	4667      	mov	r7, ip
10005b0e:	433c      	orrs	r4, r7
10005b10:	0027      	movs	r7, r4
10005b12:	464c      	mov	r4, r9
10005b14:	70e7      	strb	r7, [r4, #3]
10005b16:	f7ff fcc1 	bl	1000549c <dcd_edpt_xfer>
10005b1a:	2800      	cmp	r0, #0
10005b1c:	d1e8      	bne.n	10005af0 <usbd_edpt_xfer+0x24>
10005b1e:	006d      	lsls	r5, r5, #1
10005b20:	4b07      	ldr	r3, [pc, #28]	; (10005b40 <usbd_edpt_xfer+0x74>)
10005b22:	195d      	adds	r5, r3, r5
10005b24:	19ae      	adds	r6, r5, r6
10005b26:	3630      	adds	r6, #48	; 0x30
10005b28:	78f3      	ldrb	r3, [r6, #3]
10005b2a:	2201      	movs	r2, #1
10005b2c:	4393      	bics	r3, r2
10005b2e:	70f3      	strb	r3, [r6, #3]
10005b30:	78f3      	ldrb	r3, [r6, #3]
10005b32:	3203      	adds	r2, #3
10005b34:	4393      	bics	r3, r2
10005b36:	70f3      	strb	r3, [r6, #3]
10005b38:	e7da      	b.n	10005af0 <usbd_edpt_xfer+0x24>
10005b3a:	46c0      	nop			; (mov r8, r8)
10005b3c:	20000ca4 	.word	0x20000ca4
10005b40:	2000113c 	.word	0x2000113c

10005b44 <usbd_edpt_stall>:
10005b44:	b570      	push	{r4, r5, r6, lr}
10005b46:	4b0f      	ldr	r3, [pc, #60]	; (10005b84 <usbd_edpt_stall+0x40>)
10005b48:	7818      	ldrb	r0, [r3, #0]
10005b4a:	247f      	movs	r4, #127	; 0x7f
10005b4c:	400c      	ands	r4, r1
10005b4e:	09cd      	lsrs	r5, r1, #7
10005b50:	0062      	lsls	r2, r4, #1
10005b52:	4b0d      	ldr	r3, [pc, #52]	; (10005b88 <usbd_edpt_stall+0x44>)
10005b54:	189b      	adds	r3, r3, r2
10005b56:	195b      	adds	r3, r3, r5
10005b58:	3330      	adds	r3, #48	; 0x30
10005b5a:	78db      	ldrb	r3, [r3, #3]
10005b5c:	079b      	lsls	r3, r3, #30
10005b5e:	d500      	bpl.n	10005b62 <usbd_edpt_stall+0x1e>
10005b60:	bd70      	pop	{r4, r5, r6, pc}
10005b62:	f7ff fcb5 	bl	100054d0 <dcd_edpt_stall>
10005b66:	0063      	lsls	r3, r4, #1
10005b68:	4c07      	ldr	r4, [pc, #28]	; (10005b88 <usbd_edpt_stall+0x44>)
10005b6a:	18e4      	adds	r4, r4, r3
10005b6c:	1964      	adds	r4, r4, r5
10005b6e:	3430      	adds	r4, #48	; 0x30
10005b70:	78e3      	ldrb	r3, [r4, #3]
10005b72:	2202      	movs	r2, #2
10005b74:	4313      	orrs	r3, r2
10005b76:	70e3      	strb	r3, [r4, #3]
10005b78:	78e3      	ldrb	r3, [r4, #3]
10005b7a:	2201      	movs	r2, #1
10005b7c:	4313      	orrs	r3, r2
10005b7e:	70e3      	strb	r3, [r4, #3]
10005b80:	e7ee      	b.n	10005b60 <usbd_edpt_stall+0x1c>
10005b82:	46c0      	nop			; (mov r8, r8)
10005b84:	20000ca4 	.word	0x20000ca4
10005b88:	2000113c 	.word	0x2000113c

10005b8c <usbd_edpt_clear_stall>:
10005b8c:	b570      	push	{r4, r5, r6, lr}
10005b8e:	4b0f      	ldr	r3, [pc, #60]	; (10005bcc <usbd_edpt_clear_stall+0x40>)
10005b90:	7818      	ldrb	r0, [r3, #0]
10005b92:	247f      	movs	r4, #127	; 0x7f
10005b94:	400c      	ands	r4, r1
10005b96:	09cd      	lsrs	r5, r1, #7
10005b98:	0062      	lsls	r2, r4, #1
10005b9a:	4b0d      	ldr	r3, [pc, #52]	; (10005bd0 <usbd_edpt_clear_stall+0x44>)
10005b9c:	189b      	adds	r3, r3, r2
10005b9e:	195b      	adds	r3, r3, r5
10005ba0:	3330      	adds	r3, #48	; 0x30
10005ba2:	78db      	ldrb	r3, [r3, #3]
10005ba4:	079b      	lsls	r3, r3, #30
10005ba6:	d400      	bmi.n	10005baa <usbd_edpt_clear_stall+0x1e>
10005ba8:	bd70      	pop	{r4, r5, r6, pc}
10005baa:	f7ff fca7 	bl	100054fc <dcd_edpt_clear_stall>
10005bae:	0063      	lsls	r3, r4, #1
10005bb0:	4c07      	ldr	r4, [pc, #28]	; (10005bd0 <usbd_edpt_clear_stall+0x44>)
10005bb2:	18e4      	adds	r4, r4, r3
10005bb4:	1964      	adds	r4, r4, r5
10005bb6:	3430      	adds	r4, #48	; 0x30
10005bb8:	78e3      	ldrb	r3, [r4, #3]
10005bba:	2202      	movs	r2, #2
10005bbc:	4393      	bics	r3, r2
10005bbe:	70e3      	strb	r3, [r4, #3]
10005bc0:	78e3      	ldrb	r3, [r4, #3]
10005bc2:	3a01      	subs	r2, #1
10005bc4:	4393      	bics	r3, r2
10005bc6:	70e3      	strb	r3, [r4, #3]
10005bc8:	e7ee      	b.n	10005ba8 <usbd_edpt_clear_stall+0x1c>
10005bca:	46c0      	nop			; (mov r8, r8)
10005bcc:	20000ca4 	.word	0x20000ca4
10005bd0:	2000113c 	.word	0x2000113c

10005bd4 <usbd_edpt_stalled>:
10005bd4:	227f      	movs	r2, #127	; 0x7f
10005bd6:	400a      	ands	r2, r1
10005bd8:	09cb      	lsrs	r3, r1, #7
10005bda:	0052      	lsls	r2, r2, #1
10005bdc:	4903      	ldr	r1, [pc, #12]	; (10005bec <usbd_edpt_stalled+0x18>)
10005bde:	1889      	adds	r1, r1, r2
10005be0:	18c9      	adds	r1, r1, r3
10005be2:	3130      	adds	r1, #48	; 0x30
10005be4:	78c8      	ldrb	r0, [r1, #3]
10005be6:	0780      	lsls	r0, r0, #30
10005be8:	0fc0      	lsrs	r0, r0, #31
10005bea:	4770      	bx	lr
10005bec:	2000113c 	.word	0x2000113c

10005bf0 <process_control_request>:
10005bf0:	b5f0      	push	{r4, r5, r6, r7, lr}
10005bf2:	46c6      	mov	lr, r8
10005bf4:	b500      	push	{lr}
10005bf6:	b082      	sub	sp, #8
10005bf8:	0005      	movs	r5, r0
10005bfa:	000c      	movs	r4, r1
10005bfc:	2000      	movs	r0, #0
10005bfe:	f000 fb1d 	bl	1000623c <usbd_control_set_complete_callback>
10005c02:	7823      	ldrb	r3, [r4, #0]
10005c04:	2260      	movs	r2, #96	; 0x60
10005c06:	4013      	ands	r3, r2
10005c08:	2b60      	cmp	r3, #96	; 0x60
10005c0a:	d100      	bne.n	10005c0e <process_control_request+0x1e>
10005c0c:	e185      	b.n	10005f1a <process_control_request+0x32a>
10005c0e:	2b40      	cmp	r3, #64	; 0x40
10005c10:	d00f      	beq.n	10005c32 <process_control_request+0x42>
10005c12:	7822      	ldrb	r2, [r4, #0]
10005c14:	06d2      	lsls	r2, r2, #27
10005c16:	0ed2      	lsrs	r2, r2, #27
10005c18:	2a01      	cmp	r2, #1
10005c1a:	d100      	bne.n	10005c1e <process_control_request+0x2e>
10005c1c:	e0c9      	b.n	10005db2 <process_control_request+0x1c2>
10005c1e:	2a02      	cmp	r2, #2
10005c20:	d100      	bne.n	10005c24 <process_control_request+0x34>
10005c22:	e10f      	b.n	10005e44 <process_control_request+0x254>
10005c24:	2a00      	cmp	r2, #0
10005c26:	d011      	beq.n	10005c4c <process_control_request+0x5c>
10005c28:	2000      	movs	r0, #0
10005c2a:	b002      	add	sp, #8
10005c2c:	bc80      	pop	{r7}
10005c2e:	46b8      	mov	r8, r7
10005c30:	bdf0      	pop	{r4, r5, r6, r7, pc}
10005c32:	4bc7      	ldr	r3, [pc, #796]	; (10005f50 <process_control_request+0x360>)
10005c34:	2b00      	cmp	r3, #0
10005c36:	d100      	bne.n	10005c3a <process_control_request+0x4a>
10005c38:	e171      	b.n	10005f1e <process_control_request+0x32e>
10005c3a:	0018      	movs	r0, r3
10005c3c:	f000 fafe 	bl	1000623c <usbd_control_set_complete_callback>
10005c40:	0022      	movs	r2, r4
10005c42:	2101      	movs	r1, #1
10005c44:	0028      	movs	r0, r5
10005c46:	e000      	b.n	10005c4a <process_control_request+0x5a>
10005c48:	bf00      	nop
10005c4a:	e7ee      	b.n	10005c2a <process_control_request+0x3a>
10005c4c:	2b20      	cmp	r3, #32
10005c4e:	d00a      	beq.n	10005c66 <process_control_request+0x76>
10005c50:	2b00      	cmp	r3, #0
10005c52:	d000      	beq.n	10005c56 <process_control_request+0x66>
10005c54:	e16b      	b.n	10005f2e <process_control_request+0x33e>
10005c56:	7863      	ldrb	r3, [r4, #1]
10005c58:	2b09      	cmp	r3, #9
10005c5a:	d900      	bls.n	10005c5e <process_control_request+0x6e>
10005c5c:	e169      	b.n	10005f32 <process_control_request+0x342>
10005c5e:	009b      	lsls	r3, r3, #2
10005c60:	4abc      	ldr	r2, [pc, #752]	; (10005f54 <process_control_request+0x364>)
10005c62:	58d3      	ldr	r3, [r2, r3]
10005c64:	469f      	mov	pc, r3
10005c66:	7923      	ldrb	r3, [r4, #4]
10005c68:	2b0f      	cmp	r3, #15
10005c6a:	d900      	bls.n	10005c6e <process_control_request+0x7e>
10005c6c:	e159      	b.n	10005f22 <process_control_request+0x332>
10005c6e:	4aba      	ldr	r2, [pc, #744]	; (10005f58 <process_control_request+0x368>)
10005c70:	18d3      	adds	r3, r2, r3
10005c72:	78db      	ldrb	r3, [r3, #3]
10005c74:	4ab9      	ldr	r2, [pc, #740]	; (10005f5c <process_control_request+0x36c>)
10005c76:	2a00      	cmp	r2, #0
10005c78:	d005      	beq.n	10005c86 <process_control_request+0x96>
10005c7a:	4ab9      	ldr	r2, [pc, #740]	; (10005f60 <process_control_request+0x370>)
10005c7c:	7812      	ldrb	r2, [r2, #0]
10005c7e:	4293      	cmp	r3, r2
10005c80:	d311      	bcc.n	10005ca6 <process_control_request+0xb6>
10005c82:	1a9b      	subs	r3, r3, r2
10005c84:	b2db      	uxtb	r3, r3
10005c86:	2b00      	cmp	r3, #0
10005c88:	d000      	beq.n	10005c8c <process_control_request+0x9c>
10005c8a:	e14c      	b.n	10005f26 <process_control_request+0x336>
10005c8c:	0059      	lsls	r1, r3, #1
10005c8e:	18cb      	adds	r3, r1, r3
10005c90:	00db      	lsls	r3, r3, #3
10005c92:	49b4      	ldr	r1, [pc, #720]	; (10005f64 <process_control_request+0x374>)
10005c94:	18c9      	adds	r1, r1, r3
10005c96:	2900      	cmp	r1, #0
10005c98:	d100      	bne.n	10005c9c <process_control_request+0xac>
10005c9a:	e146      	b.n	10005f2a <process_control_request+0x33a>
10005c9c:	0022      	movs	r2, r4
10005c9e:	0028      	movs	r0, r5
10005ca0:	f7ff fcd2 	bl	10005648 <invoke_class_control>
10005ca4:	e7c1      	b.n	10005c2a <process_control_request+0x3a>
10005ca6:	0059      	lsls	r1, r3, #1
10005ca8:	18cb      	adds	r3, r1, r3
10005caa:	00db      	lsls	r3, r3, #3
10005cac:	4aae      	ldr	r2, [pc, #696]	; (10005f68 <process_control_request+0x378>)
10005cae:	6811      	ldr	r1, [r2, #0]
10005cb0:	18c9      	adds	r1, r1, r3
10005cb2:	e7f0      	b.n	10005c96 <process_control_request+0xa6>
10005cb4:	0020      	movs	r0, r4
10005cb6:	f000 fac7 	bl	10006248 <usbd_control_set_request>
10005cba:	78a1      	ldrb	r1, [r4, #2]
10005cbc:	0028      	movs	r0, r5
10005cbe:	f7ff fb5d 	bl	1000537c <dcd_set_address>
10005cc2:	4aa5      	ldr	r2, [pc, #660]	; (10005f58 <process_control_request+0x368>)
10005cc4:	7813      	ldrb	r3, [r2, #0]
10005cc6:	2102      	movs	r1, #2
10005cc8:	430b      	orrs	r3, r1
10005cca:	7013      	strb	r3, [r2, #0]
10005ccc:	2001      	movs	r0, #1
10005cce:	e7ac      	b.n	10005c2a <process_control_request+0x3a>
10005cd0:	4ba1      	ldr	r3, [pc, #644]	; (10005f58 <process_control_request+0x368>)
10005cd2:	785b      	ldrb	r3, [r3, #1]
10005cd4:	466a      	mov	r2, sp
10005cd6:	3206      	adds	r2, #6
10005cd8:	7013      	strb	r3, [r2, #0]
10005cda:	2301      	movs	r3, #1
10005cdc:	0021      	movs	r1, r4
10005cde:	0028      	movs	r0, r5
10005ce0:	f000 fa68 	bl	100061b4 <tud_control_xfer>
10005ce4:	2001      	movs	r0, #1
10005ce6:	e7a0      	b.n	10005c2a <process_control_request+0x3a>
10005ce8:	78a6      	ldrb	r6, [r4, #2]
10005cea:	4b9b      	ldr	r3, [pc, #620]	; (10005f58 <process_control_request+0x368>)
10005cec:	785b      	ldrb	r3, [r3, #1]
10005cee:	b2db      	uxtb	r3, r3
10005cf0:	42b3      	cmp	r3, r6
10005cf2:	d005      	beq.n	10005d00 <process_control_request+0x110>
10005cf4:	4b98      	ldr	r3, [pc, #608]	; (10005f58 <process_control_request+0x368>)
10005cf6:	785b      	ldrb	r3, [r3, #1]
10005cf8:	2b00      	cmp	r3, #0
10005cfa:	d109      	bne.n	10005d10 <process_control_request+0x120>
10005cfc:	2e00      	cmp	r6, #0
10005cfe:	d113      	bne.n	10005d28 <process_control_request+0x138>
10005d00:	4b95      	ldr	r3, [pc, #596]	; (10005f58 <process_control_request+0x368>)
10005d02:	705e      	strb	r6, [r3, #1]
10005d04:	0021      	movs	r1, r4
10005d06:	0028      	movs	r0, r5
10005d08:	f000 fa38 	bl	1000617c <tud_control_status>
10005d0c:	2001      	movs	r0, #1
10005d0e:	e78c      	b.n	10005c2a <process_control_request+0x3a>
10005d10:	0028      	movs	r0, r5
10005d12:	f7ff fbbf 	bl	10005494 <dcd_edpt_close_all>
10005d16:	4f90      	ldr	r7, [pc, #576]	; (10005f58 <process_control_request+0x368>)
10005d18:	78bb      	ldrb	r3, [r7, #2]
10005d1a:	4698      	mov	r8, r3
10005d1c:	0028      	movs	r0, r5
10005d1e:	f7ff fc4b 	bl	100055b8 <configuration_reset>
10005d22:	4643      	mov	r3, r8
10005d24:	70bb      	strb	r3, [r7, #2]
10005d26:	e7e9      	b.n	10005cfc <process_control_request+0x10c>
10005d28:	0031      	movs	r1, r6
10005d2a:	0028      	movs	r0, r5
10005d2c:	f7ff fc9a 	bl	10005664 <process_set_config>
10005d30:	2800      	cmp	r0, #0
10005d32:	d1e5      	bne.n	10005d00 <process_control_request+0x110>
10005d34:	e779      	b.n	10005c2a <process_control_request+0x3a>
10005d36:	0021      	movs	r1, r4
10005d38:	0028      	movs	r0, r5
10005d3a:	f7ff fd4f 	bl	100057dc <process_get_descriptor>
10005d3e:	e774      	b.n	10005c2a <process_control_request+0x3a>
10005d40:	78a2      	ldrb	r2, [r4, #2]
10005d42:	78e3      	ldrb	r3, [r4, #3]
10005d44:	021b      	lsls	r3, r3, #8
10005d46:	4313      	orrs	r3, r2
10005d48:	2b01      	cmp	r3, #1
10005d4a:	d001      	beq.n	10005d50 <process_control_request+0x160>
10005d4c:	2000      	movs	r0, #0
10005d4e:	e76c      	b.n	10005c2a <process_control_request+0x3a>
10005d50:	4a81      	ldr	r2, [pc, #516]	; (10005f58 <process_control_request+0x368>)
10005d52:	7813      	ldrb	r3, [r2, #0]
10005d54:	2108      	movs	r1, #8
10005d56:	430b      	orrs	r3, r1
10005d58:	7013      	strb	r3, [r2, #0]
10005d5a:	0021      	movs	r1, r4
10005d5c:	0028      	movs	r0, r5
10005d5e:	f000 fa0d 	bl	1000617c <tud_control_status>
10005d62:	2001      	movs	r0, #1
10005d64:	e761      	b.n	10005c2a <process_control_request+0x3a>
10005d66:	78a2      	ldrb	r2, [r4, #2]
10005d68:	78e3      	ldrb	r3, [r4, #3]
10005d6a:	021b      	lsls	r3, r3, #8
10005d6c:	4313      	orrs	r3, r2
10005d6e:	2b01      	cmp	r3, #1
10005d70:	d001      	beq.n	10005d76 <process_control_request+0x186>
10005d72:	2000      	movs	r0, #0
10005d74:	e759      	b.n	10005c2a <process_control_request+0x3a>
10005d76:	4a78      	ldr	r2, [pc, #480]	; (10005f58 <process_control_request+0x368>)
10005d78:	7813      	ldrb	r3, [r2, #0]
10005d7a:	2108      	movs	r1, #8
10005d7c:	438b      	bics	r3, r1
10005d7e:	7013      	strb	r3, [r2, #0]
10005d80:	0021      	movs	r1, r4
10005d82:	0028      	movs	r0, r5
10005d84:	f000 f9fa 	bl	1000617c <tud_control_status>
10005d88:	2001      	movs	r0, #1
10005d8a:	e74e      	b.n	10005c2a <process_control_request+0x3a>
10005d8c:	4b72      	ldr	r3, [pc, #456]	; (10005f58 <process_control_request+0x368>)
10005d8e:	781a      	ldrb	r2, [r3, #0]
10005d90:	0951      	lsrs	r1, r2, #5
10005d92:	0892      	lsrs	r2, r2, #2
10005d94:	2301      	movs	r3, #1
10005d96:	400b      	ands	r3, r1
10005d98:	2102      	movs	r1, #2
10005d9a:	400a      	ands	r2, r1
10005d9c:	4313      	orrs	r3, r2
10005d9e:	466a      	mov	r2, sp
10005da0:	3206      	adds	r2, #6
10005da2:	8013      	strh	r3, [r2, #0]
10005da4:	2302      	movs	r3, #2
10005da6:	0021      	movs	r1, r4
10005da8:	0028      	movs	r0, r5
10005daa:	f000 fa03 	bl	100061b4 <tud_control_xfer>
10005dae:	2001      	movs	r0, #1
10005db0:	e73b      	b.n	10005c2a <process_control_request+0x3a>
10005db2:	7923      	ldrb	r3, [r4, #4]
10005db4:	2b0f      	cmp	r3, #15
10005db6:	d900      	bls.n	10005dba <process_control_request+0x1ca>
10005db8:	e0bd      	b.n	10005f36 <process_control_request+0x346>
10005dba:	4a67      	ldr	r2, [pc, #412]	; (10005f58 <process_control_request+0x368>)
10005dbc:	18d3      	adds	r3, r2, r3
10005dbe:	78d9      	ldrb	r1, [r3, #3]
10005dc0:	4b66      	ldr	r3, [pc, #408]	; (10005f5c <process_control_request+0x36c>)
10005dc2:	2b00      	cmp	r3, #0
10005dc4:	d005      	beq.n	10005dd2 <process_control_request+0x1e2>
10005dc6:	4b66      	ldr	r3, [pc, #408]	; (10005f60 <process_control_request+0x370>)
10005dc8:	781b      	ldrb	r3, [r3, #0]
10005dca:	4299      	cmp	r1, r3
10005dcc:	d328      	bcc.n	10005e20 <process_control_request+0x230>
10005dce:	1ac9      	subs	r1, r1, r3
10005dd0:	b2c9      	uxtb	r1, r1
10005dd2:	2900      	cmp	r1, #0
10005dd4:	d000      	beq.n	10005dd8 <process_control_request+0x1e8>
10005dd6:	e0b0      	b.n	10005f3a <process_control_request+0x34a>
10005dd8:	004b      	lsls	r3, r1, #1
10005dda:	185b      	adds	r3, r3, r1
10005ddc:	00db      	lsls	r3, r3, #3
10005dde:	4961      	ldr	r1, [pc, #388]	; (10005f64 <process_control_request+0x374>)
10005de0:	18c9      	adds	r1, r1, r3
10005de2:	2900      	cmp	r1, #0
10005de4:	d100      	bne.n	10005de8 <process_control_request+0x1f8>
10005de6:	e0aa      	b.n	10005f3e <process_control_request+0x34e>
10005de8:	0022      	movs	r2, r4
10005dea:	0028      	movs	r0, r5
10005dec:	f7ff fc2c 	bl	10005648 <invoke_class_control>
10005df0:	2800      	cmp	r0, #0
10005df2:	d000      	beq.n	10005df6 <process_control_request+0x206>
10005df4:	e719      	b.n	10005c2a <process_control_request+0x3a>
10005df6:	7823      	ldrb	r3, [r4, #0]
10005df8:	2260      	movs	r2, #96	; 0x60
10005dfa:	421a      	tst	r2, r3
10005dfc:	d000      	beq.n	10005e00 <process_control_request+0x210>
10005dfe:	e714      	b.n	10005c2a <process_control_request+0x3a>
10005e00:	7863      	ldrb	r3, [r4, #1]
10005e02:	3b0a      	subs	r3, #10
10005e04:	2b01      	cmp	r3, #1
10005e06:	d900      	bls.n	10005e0a <process_control_request+0x21a>
10005e08:	e70f      	b.n	10005c2a <process_control_request+0x3a>
10005e0a:	f000 fa17 	bl	1000623c <usbd_control_set_complete_callback>
10005e0e:	7863      	ldrb	r3, [r4, #1]
10005e10:	2b0a      	cmp	r3, #10
10005e12:	d00c      	beq.n	10005e2e <process_control_request+0x23e>
10005e14:	0021      	movs	r1, r4
10005e16:	0028      	movs	r0, r5
10005e18:	f000 f9b0 	bl	1000617c <tud_control_status>
10005e1c:	2001      	movs	r0, #1
10005e1e:	e704      	b.n	10005c2a <process_control_request+0x3a>
10005e20:	004b      	lsls	r3, r1, #1
10005e22:	185b      	adds	r3, r3, r1
10005e24:	00db      	lsls	r3, r3, #3
10005e26:	4a50      	ldr	r2, [pc, #320]	; (10005f68 <process_control_request+0x378>)
10005e28:	6811      	ldr	r1, [r2, #0]
10005e2a:	18c9      	adds	r1, r1, r3
10005e2c:	e7d9      	b.n	10005de2 <process_control_request+0x1f2>
10005e2e:	466b      	mov	r3, sp
10005e30:	1d9a      	adds	r2, r3, #6
10005e32:	2300      	movs	r3, #0
10005e34:	7013      	strb	r3, [r2, #0]
10005e36:	3301      	adds	r3, #1
10005e38:	0021      	movs	r1, r4
10005e3a:	0028      	movs	r0, r5
10005e3c:	f000 f9ba 	bl	100061b4 <tud_control_xfer>
10005e40:	2001      	movs	r0, #1
10005e42:	e6f2      	b.n	10005c2a <process_control_request+0x3a>
10005e44:	7921      	ldrb	r1, [r4, #4]
10005e46:	227f      	movs	r2, #127	; 0x7f
10005e48:	400a      	ands	r2, r1
10005e4a:	09ce      	lsrs	r6, r1, #7
10005e4c:	2070      	movs	r0, #112	; 0x70
10005e4e:	4208      	tst	r0, r1
10005e50:	d177      	bne.n	10005f42 <process_control_request+0x352>
10005e52:	0052      	lsls	r2, r2, #1
10005e54:	4840      	ldr	r0, [pc, #256]	; (10005f58 <process_control_request+0x368>)
10005e56:	1882      	adds	r2, r0, r2
10005e58:	1992      	adds	r2, r2, r6
10005e5a:	7cd2      	ldrb	r2, [r2, #19]
10005e5c:	483f      	ldr	r0, [pc, #252]	; (10005f5c <process_control_request+0x36c>)
10005e5e:	2800      	cmp	r0, #0
10005e60:	d005      	beq.n	10005e6e <process_control_request+0x27e>
10005e62:	483f      	ldr	r0, [pc, #252]	; (10005f60 <process_control_request+0x370>)
10005e64:	7800      	ldrb	r0, [r0, #0]
10005e66:	4282      	cmp	r2, r0
10005e68:	d312      	bcc.n	10005e90 <process_control_request+0x2a0>
10005e6a:	1a12      	subs	r2, r2, r0
10005e6c:	b2d2      	uxtb	r2, r2
10005e6e:	2a00      	cmp	r2, #0
10005e70:	d115      	bne.n	10005e9e <process_control_request+0x2ae>
10005e72:	0056      	lsls	r6, r2, #1
10005e74:	18b2      	adds	r2, r6, r2
10005e76:	00d2      	lsls	r2, r2, #3
10005e78:	4e3a      	ldr	r6, [pc, #232]	; (10005f64 <process_control_request+0x374>)
10005e7a:	18b6      	adds	r6, r6, r2
10005e7c:	2b00      	cmp	r3, #0
10005e7e:	d010      	beq.n	10005ea2 <process_control_request+0x2b2>
10005e80:	2e00      	cmp	r6, #0
10005e82:	d060      	beq.n	10005f46 <process_control_request+0x356>
10005e84:	0022      	movs	r2, r4
10005e86:	0031      	movs	r1, r6
10005e88:	0028      	movs	r0, r5
10005e8a:	f7ff fbdd 	bl	10005648 <invoke_class_control>
10005e8e:	e6cc      	b.n	10005c2a <process_control_request+0x3a>
10005e90:	0056      	lsls	r6, r2, #1
10005e92:	18b2      	adds	r2, r6, r2
10005e94:	00d2      	lsls	r2, r2, #3
10005e96:	4834      	ldr	r0, [pc, #208]	; (10005f68 <process_control_request+0x378>)
10005e98:	6806      	ldr	r6, [r0, #0]
10005e9a:	18b6      	adds	r6, r6, r2
10005e9c:	e7ee      	b.n	10005e7c <process_control_request+0x28c>
10005e9e:	2600      	movs	r6, #0
10005ea0:	e7ec      	b.n	10005e7c <process_control_request+0x28c>
10005ea2:	7863      	ldrb	r3, [r4, #1]
10005ea4:	2b01      	cmp	r3, #1
10005ea6:	d012      	beq.n	10005ece <process_control_request+0x2de>
10005ea8:	2b03      	cmp	r3, #3
10005eaa:	d010      	beq.n	10005ece <process_control_request+0x2de>
10005eac:	2b00      	cmp	r3, #0
10005eae:	d001      	beq.n	10005eb4 <process_control_request+0x2c4>
10005eb0:	2000      	movs	r0, #0
10005eb2:	e6ba      	b.n	10005c2a <process_control_request+0x3a>
10005eb4:	0028      	movs	r0, r5
10005eb6:	f7ff fe8d 	bl	10005bd4 <usbd_edpt_stalled>
10005eba:	466b      	mov	r3, sp
10005ebc:	1d9a      	adds	r2, r3, #6
10005ebe:	8010      	strh	r0, [r2, #0]
10005ec0:	2302      	movs	r3, #2
10005ec2:	0021      	movs	r1, r4
10005ec4:	0028      	movs	r0, r5
10005ec6:	f000 f975 	bl	100061b4 <tud_control_xfer>
10005eca:	2001      	movs	r0, #1
10005ecc:	e6ad      	b.n	10005c2a <process_control_request+0x3a>
10005ece:	78a7      	ldrb	r7, [r4, #2]
10005ed0:	78e2      	ldrb	r2, [r4, #3]
10005ed2:	0212      	lsls	r2, r2, #8
10005ed4:	433a      	orrs	r2, r7
10005ed6:	d104      	bne.n	10005ee2 <process_control_request+0x2f2>
10005ed8:	2b01      	cmp	r3, #1
10005eda:	d01a      	beq.n	10005f12 <process_control_request+0x322>
10005edc:	0028      	movs	r0, r5
10005ede:	f7ff fe31 	bl	10005b44 <usbd_edpt_stall>
10005ee2:	2e00      	cmp	r6, #0
10005ee4:	d031      	beq.n	10005f4a <process_control_request+0x35a>
10005ee6:	0022      	movs	r2, r4
10005ee8:	0031      	movs	r1, r6
10005eea:	0028      	movs	r0, r5
10005eec:	f7ff fbac 	bl	10005648 <invoke_class_control>
10005ef0:	2000      	movs	r0, #0
10005ef2:	f000 f9a3 	bl	1000623c <usbd_control_set_complete_callback>
10005ef6:	4a18      	ldr	r2, [pc, #96]	; (10005f58 <process_control_request+0x368>)
10005ef8:	2334      	movs	r3, #52	; 0x34
10005efa:	5cd3      	ldrb	r3, [r2, r3]
10005efc:	07db      	lsls	r3, r3, #31
10005efe:	0fd8      	lsrs	r0, r3, #31
10005f00:	2b00      	cmp	r3, #0
10005f02:	d000      	beq.n	10005f06 <process_control_request+0x316>
10005f04:	e691      	b.n	10005c2a <process_control_request+0x3a>
10005f06:	0021      	movs	r1, r4
10005f08:	0028      	movs	r0, r5
10005f0a:	f000 f937 	bl	1000617c <tud_control_status>
10005f0e:	2001      	movs	r0, #1
10005f10:	e68b      	b.n	10005c2a <process_control_request+0x3a>
10005f12:	0028      	movs	r0, r5
10005f14:	f7ff fe3a 	bl	10005b8c <usbd_edpt_clear_stall>
10005f18:	e7e3      	b.n	10005ee2 <process_control_request+0x2f2>
10005f1a:	2000      	movs	r0, #0
10005f1c:	e685      	b.n	10005c2a <process_control_request+0x3a>
10005f1e:	2000      	movs	r0, #0
10005f20:	e683      	b.n	10005c2a <process_control_request+0x3a>
10005f22:	2000      	movs	r0, #0
10005f24:	e681      	b.n	10005c2a <process_control_request+0x3a>
10005f26:	2000      	movs	r0, #0
10005f28:	e67f      	b.n	10005c2a <process_control_request+0x3a>
10005f2a:	2000      	movs	r0, #0
10005f2c:	e67d      	b.n	10005c2a <process_control_request+0x3a>
10005f2e:	2000      	movs	r0, #0
10005f30:	e67b      	b.n	10005c2a <process_control_request+0x3a>
10005f32:	2000      	movs	r0, #0
10005f34:	e679      	b.n	10005c2a <process_control_request+0x3a>
10005f36:	2000      	movs	r0, #0
10005f38:	e677      	b.n	10005c2a <process_control_request+0x3a>
10005f3a:	2000      	movs	r0, #0
10005f3c:	e675      	b.n	10005c2a <process_control_request+0x3a>
10005f3e:	2000      	movs	r0, #0
10005f40:	e673      	b.n	10005c2a <process_control_request+0x3a>
10005f42:	2000      	movs	r0, #0
10005f44:	e671      	b.n	10005c2a <process_control_request+0x3a>
10005f46:	2000      	movs	r0, #0
10005f48:	e66f      	b.n	10005c2a <process_control_request+0x3a>
10005f4a:	2001      	movs	r0, #1
10005f4c:	e66d      	b.n	10005c2a <process_control_request+0x3a>
10005f4e:	46c0      	nop			; (mov r8, r8)
10005f50:	00000000 	.word	0x00000000
10005f54:	1000a7f8 	.word	0x1000a7f8
10005f58:	2000113c 	.word	0x2000113c
10005f5c:	10004c49 	.word	0x10004c49
10005f60:	20011ff4 	.word	0x20011ff4
10005f64:	1000a844 	.word	0x1000a844
10005f68:	20000e14 	.word	0x20000e14

10005f6c <tud_task_ext>:
10005f6c:	b530      	push	{r4, r5, lr}
10005f6e:	b085      	sub	sp, #20
10005f70:	f000 fce9 	bl	10006946 <tusb_inited>
10005f74:	2800      	cmp	r0, #0
10005f76:	d108      	bne.n	10005f8a <tud_task_ext+0x1e>
10005f78:	b005      	add	sp, #20
10005f7a:	bd30      	pop	{r4, r5, pc}
10005f7c:	ac01      	add	r4, sp, #4
10005f7e:	7820      	ldrb	r0, [r4, #0]
10005f80:	f7ff fb5c 	bl	1000563c <usbd_reset>
10005f84:	7922      	ldrb	r2, [r4, #4]
10005f86:	4b5d      	ldr	r3, [pc, #372]	; (100060fc <tud_task_ext+0x190>)
10005f88:	709a      	strb	r2, [r3, #2]
10005f8a:	4b5d      	ldr	r3, [pc, #372]	; (10006100 <tud_task_ext+0x194>)
10005f8c:	681c      	ldr	r4, [r3, #0]
10005f8e:	0021      	movs	r1, r4
10005f90:	3114      	adds	r1, #20
10005f92:	6962      	ldr	r2, [r4, #20]
10005f94:	f3ef 8010 	mrs	r0, PRIMASK
10005f98:	b672      	cpsid	i
10005f9a:	6813      	ldr	r3, [r2, #0]
10005f9c:	2b00      	cmp	r3, #0
10005f9e:	d0fc      	beq.n	10005f9a <tud_task_ext+0x2e>
10005fa0:	f3bf 8f5f 	dmb	sy
10005fa4:	6048      	str	r0, [r1, #4]
10005fa6:	a901      	add	r1, sp, #4
10005fa8:	0020      	movs	r0, r4
10005faa:	f001 f84d 	bl	10007048 <tu_fifo_read>
10005fae:	6962      	ldr	r2, [r4, #20]
10005fb0:	69a3      	ldr	r3, [r4, #24]
10005fb2:	f3bf 8f5f 	dmb	sy
10005fb6:	2100      	movs	r1, #0
10005fb8:	6011      	str	r1, [r2, #0]
10005fba:	f383 8810 	msr	PRIMASK, r3
10005fbe:	2800      	cmp	r0, #0
10005fc0:	d0da      	beq.n	10005f78 <tud_task_ext+0xc>
10005fc2:	ab01      	add	r3, sp, #4
10005fc4:	785b      	ldrb	r3, [r3, #1]
10005fc6:	2b08      	cmp	r3, #8
10005fc8:	d8df      	bhi.n	10005f8a <tud_task_ext+0x1e>
10005fca:	009b      	lsls	r3, r3, #2
10005fcc:	4a4d      	ldr	r2, [pc, #308]	; (10006104 <tud_task_ext+0x198>)
10005fce:	58d3      	ldr	r3, [r2, r3]
10005fd0:	469f      	mov	pc, r3
10005fd2:	ab01      	add	r3, sp, #4
10005fd4:	7818      	ldrb	r0, [r3, #0]
10005fd6:	f7ff fb31 	bl	1000563c <usbd_reset>
10005fda:	4b4b      	ldr	r3, [pc, #300]	; (10006108 <tud_task_ext+0x19c>)
10005fdc:	2b00      	cmp	r3, #0
10005fde:	d0d4      	beq.n	10005f8a <tud_task_ext+0x1e>
10005fe0:	e000      	b.n	10005fe4 <tud_task_ext+0x78>
10005fe2:	bf00      	nop
10005fe4:	e7d1      	b.n	10005f8a <tud_task_ext+0x1e>
10005fe6:	4b45      	ldr	r3, [pc, #276]	; (100060fc <tud_task_ext+0x190>)
10005fe8:	781a      	ldrb	r2, [r3, #0]
10005fea:	2401      	movs	r4, #1
10005fec:	2101      	movs	r1, #1
10005fee:	430a      	orrs	r2, r1
10005ff0:	701a      	strb	r2, [r3, #0]
10005ff2:	2233      	movs	r2, #51	; 0x33
10005ff4:	5c99      	ldrb	r1, [r3, r2]
10005ff6:	43a1      	bics	r1, r4
10005ff8:	5499      	strb	r1, [r3, r2]
10005ffa:	5c99      	ldrb	r1, [r3, r2]
10005ffc:	2004      	movs	r0, #4
10005ffe:	4381      	bics	r1, r0
10006000:	5499      	strb	r1, [r3, r2]
10006002:	3201      	adds	r2, #1
10006004:	5c99      	ldrb	r1, [r3, r2]
10006006:	43a1      	bics	r1, r4
10006008:	5499      	strb	r1, [r3, r2]
1000600a:	5c99      	ldrb	r1, [r3, r2]
1000600c:	4381      	bics	r1, r0
1000600e:	5499      	strb	r1, [r3, r2]
10006010:	ab01      	add	r3, sp, #4
10006012:	7818      	ldrb	r0, [r3, #0]
10006014:	a902      	add	r1, sp, #8
10006016:	f7ff fdeb 	bl	10005bf0 <process_control_request>
1000601a:	2800      	cmp	r0, #0
1000601c:	d1b5      	bne.n	10005f8a <tud_task_ext+0x1e>
1000601e:	ac01      	add	r4, sp, #4
10006020:	7820      	ldrb	r0, [r4, #0]
10006022:	2100      	movs	r1, #0
10006024:	f7ff fa54 	bl	100054d0 <dcd_edpt_stall>
10006028:	7820      	ldrb	r0, [r4, #0]
1000602a:	2180      	movs	r1, #128	; 0x80
1000602c:	f7ff fa50 	bl	100054d0 <dcd_edpt_stall>
10006030:	e7ab      	b.n	10005f8a <tud_task_ext+0x1e>
10006032:	ab01      	add	r3, sp, #4
10006034:	7919      	ldrb	r1, [r3, #4]
10006036:	227f      	movs	r2, #127	; 0x7f
10006038:	400a      	ands	r2, r1
1000603a:	09cc      	lsrs	r4, r1, #7
1000603c:	0050      	lsls	r0, r2, #1
1000603e:	4b2f      	ldr	r3, [pc, #188]	; (100060fc <tud_task_ext+0x190>)
10006040:	181b      	adds	r3, r3, r0
10006042:	191b      	adds	r3, r3, r4
10006044:	3330      	adds	r3, #48	; 0x30
10006046:	78d8      	ldrb	r0, [r3, #3]
10006048:	2501      	movs	r5, #1
1000604a:	43a8      	bics	r0, r5
1000604c:	70d8      	strb	r0, [r3, #3]
1000604e:	78d8      	ldrb	r0, [r3, #3]
10006050:	3503      	adds	r5, #3
10006052:	43a8      	bics	r0, r5
10006054:	70d8      	strb	r0, [r3, #3]
10006056:	2a00      	cmp	r2, #0
10006058:	d01f      	beq.n	1000609a <tud_task_ext+0x12e>
1000605a:	0052      	lsls	r2, r2, #1
1000605c:	4b27      	ldr	r3, [pc, #156]	; (100060fc <tud_task_ext+0x190>)
1000605e:	189a      	adds	r2, r3, r2
10006060:	1912      	adds	r2, r2, r4
10006062:	7cd3      	ldrb	r3, [r2, #19]
10006064:	4a29      	ldr	r2, [pc, #164]	; (1000610c <tud_task_ext+0x1a0>)
10006066:	2a00      	cmp	r2, #0
10006068:	d005      	beq.n	10006076 <tud_task_ext+0x10a>
1000606a:	4a29      	ldr	r2, [pc, #164]	; (10006110 <tud_task_ext+0x1a4>)
1000606c:	7812      	ldrb	r2, [r2, #0]
1000606e:	4293      	cmp	r3, r2
10006070:	d31a      	bcc.n	100060a8 <tud_task_ext+0x13c>
10006072:	1a9b      	subs	r3, r3, r2
10006074:	b2db      	uxtb	r3, r3
10006076:	2b00      	cmp	r3, #0
10006078:	d000      	beq.n	1000607c <tud_task_ext+0x110>
1000607a:	e77d      	b.n	10005f78 <tud_task_ext+0xc>
1000607c:	005a      	lsls	r2, r3, #1
1000607e:	18d2      	adds	r2, r2, r3
10006080:	00d2      	lsls	r2, r2, #3
10006082:	4b24      	ldr	r3, [pc, #144]	; (10006114 <tud_task_ext+0x1a8>)
10006084:	189b      	adds	r3, r3, r2
10006086:	2b00      	cmp	r3, #0
10006088:	d100      	bne.n	1000608c <tud_task_ext+0x120>
1000608a:	e775      	b.n	10005f78 <tud_task_ext+0xc>
1000608c:	691c      	ldr	r4, [r3, #16]
1000608e:	a801      	add	r0, sp, #4
10006090:	7942      	ldrb	r2, [r0, #5]
10006092:	9b03      	ldr	r3, [sp, #12]
10006094:	7800      	ldrb	r0, [r0, #0]
10006096:	47a0      	blx	r4
10006098:	e777      	b.n	10005f8a <tud_task_ext+0x1e>
1000609a:	a801      	add	r0, sp, #4
1000609c:	7942      	ldrb	r2, [r0, #5]
1000609e:	9b03      	ldr	r3, [sp, #12]
100060a0:	7800      	ldrb	r0, [r0, #0]
100060a2:	f000 f8df 	bl	10006264 <usbd_control_xfer_cb>
100060a6:	e770      	b.n	10005f8a <tud_task_ext+0x1e>
100060a8:	005a      	lsls	r2, r3, #1
100060aa:	18d2      	adds	r2, r2, r3
100060ac:	00d2      	lsls	r2, r2, #3
100060ae:	4b1a      	ldr	r3, [pc, #104]	; (10006118 <tud_task_ext+0x1ac>)
100060b0:	681b      	ldr	r3, [r3, #0]
100060b2:	189b      	adds	r3, r3, r2
100060b4:	e7e7      	b.n	10006086 <tud_task_ext+0x11a>
100060b6:	4b11      	ldr	r3, [pc, #68]	; (100060fc <tud_task_ext+0x190>)
100060b8:	781b      	ldrb	r3, [r3, #0]
100060ba:	07db      	lsls	r3, r3, #31
100060bc:	d400      	bmi.n	100060c0 <tud_task_ext+0x154>
100060be:	e764      	b.n	10005f8a <tud_task_ext+0x1e>
100060c0:	4b16      	ldr	r3, [pc, #88]	; (1000611c <tud_task_ext+0x1b0>)
100060c2:	2b00      	cmp	r3, #0
100060c4:	d100      	bne.n	100060c8 <tud_task_ext+0x15c>
100060c6:	e760      	b.n	10005f8a <tud_task_ext+0x1e>
100060c8:	4b0c      	ldr	r3, [pc, #48]	; (100060fc <tud_task_ext+0x190>)
100060ca:	7818      	ldrb	r0, [r3, #0]
100060cc:	0700      	lsls	r0, r0, #28
100060ce:	0fc0      	lsrs	r0, r0, #31
100060d0:	e000      	b.n	100060d4 <tud_task_ext+0x168>
100060d2:	bf00      	nop
100060d4:	e759      	b.n	10005f8a <tud_task_ext+0x1e>
100060d6:	4b09      	ldr	r3, [pc, #36]	; (100060fc <tud_task_ext+0x190>)
100060d8:	781b      	ldrb	r3, [r3, #0]
100060da:	07db      	lsls	r3, r3, #31
100060dc:	d400      	bmi.n	100060e0 <tud_task_ext+0x174>
100060de:	e754      	b.n	10005f8a <tud_task_ext+0x1e>
100060e0:	4b0f      	ldr	r3, [pc, #60]	; (10006120 <tud_task_ext+0x1b4>)
100060e2:	2b00      	cmp	r3, #0
100060e4:	d100      	bne.n	100060e8 <tud_task_ext+0x17c>
100060e6:	e750      	b.n	10005f8a <tud_task_ext+0x1e>
100060e8:	e000      	b.n	100060ec <tud_task_ext+0x180>
100060ea:	bf00      	nop
100060ec:	e74d      	b.n	10005f8a <tud_task_ext+0x1e>
100060ee:	9b02      	ldr	r3, [sp, #8]
100060f0:	2b00      	cmp	r3, #0
100060f2:	d100      	bne.n	100060f6 <tud_task_ext+0x18a>
100060f4:	e749      	b.n	10005f8a <tud_task_ext+0x1e>
100060f6:	9803      	ldr	r0, [sp, #12]
100060f8:	4798      	blx	r3
100060fa:	e746      	b.n	10005f8a <tud_task_ext+0x1e>
100060fc:	2000113c 	.word	0x2000113c
10006100:	20001194 	.word	0x20001194
10006104:	1000a820 	.word	0x1000a820
10006108:	00000000 	.word	0x00000000
1000610c:	10004c49 	.word	0x10004c49
10006110:	20011ff4 	.word	0x20011ff4
10006114:	1000a844 	.word	0x1000a844
10006118:	20000e14 	.word	0x20000e14
	...

10006124 <_data_stage_xact>:
10006124:	b5f8      	push	{r3, r4, r5, r6, r7, lr}
10006126:	0005      	movs	r5, r0
10006128:	4b12      	ldr	r3, [pc, #72]	; (10006174 <_data_stage_xact+0x50>)
1000612a:	899f      	ldrh	r7, [r3, #12]
1000612c:	89de      	ldrh	r6, [r3, #14]
1000612e:	1bb9      	subs	r1, r7, r6
10006130:	b289      	uxth	r1, r1
10006132:	1c0b      	adds	r3, r1, #0
10006134:	2940      	cmp	r1, #64	; 0x40
10006136:	d900      	bls.n	1000613a <_data_stage_xact+0x16>
10006138:	2340      	movs	r3, #64	; 0x40
1000613a:	b29c      	uxth	r4, r3
1000613c:	4b0d      	ldr	r3, [pc, #52]	; (10006174 <_data_stage_xact+0x50>)
1000613e:	781b      	ldrb	r3, [r3, #0]
10006140:	b25b      	sxtb	r3, r3
10006142:	2b00      	cmp	r3, #0
10006144:	db08      	blt.n	10006158 <_data_stage_xact+0x34>
10006146:	2100      	movs	r1, #0
10006148:	42b7      	cmp	r7, r6
1000614a:	d011      	beq.n	10006170 <_data_stage_xact+0x4c>
1000614c:	4a0a      	ldr	r2, [pc, #40]	; (10006178 <_data_stage_xact+0x54>)
1000614e:	0023      	movs	r3, r4
10006150:	0028      	movs	r0, r5
10006152:	f7ff fcbb 	bl	10005acc <usbd_edpt_xfer>
10006156:	bdf8      	pop	{r3, r4, r5, r6, r7, pc}
10006158:	42b7      	cmp	r7, r6
1000615a:	d101      	bne.n	10006160 <_data_stage_xact+0x3c>
1000615c:	2180      	movs	r1, #128	; 0x80
1000615e:	e7f3      	b.n	10006148 <_data_stage_xact+0x24>
10006160:	4b04      	ldr	r3, [pc, #16]	; (10006174 <_data_stage_xact+0x50>)
10006162:	6899      	ldr	r1, [r3, #8]
10006164:	0022      	movs	r2, r4
10006166:	4804      	ldr	r0, [pc, #16]	; (10006178 <_data_stage_xact+0x54>)
10006168:	f7fe fa9a 	bl	100046a0 <__wrap___aeabi_memcpy>
1000616c:	2180      	movs	r1, #128	; 0x80
1000616e:	e7eb      	b.n	10006148 <_data_stage_xact+0x24>
10006170:	2200      	movs	r2, #0
10006172:	e7ec      	b.n	1000614e <_data_stage_xact+0x2a>
10006174:	200010e0 	.word	0x200010e0
10006178:	200010fc 	.word	0x200010fc

1000617c <tud_control_status>:
1000617c:	b570      	push	{r4, r5, r6, lr}
1000617e:	0006      	movs	r6, r0
10006180:	000c      	movs	r4, r1
10006182:	4d0b      	ldr	r5, [pc, #44]	; (100061b0 <tud_control_status+0x34>)
10006184:	2208      	movs	r2, #8
10006186:	0028      	movs	r0, r5
10006188:	f7fe fa8a 	bl	100046a0 <__wrap___aeabi_memcpy>
1000618c:	2300      	movs	r3, #0
1000618e:	60ab      	str	r3, [r5, #8]
10006190:	81eb      	strh	r3, [r5, #14]
10006192:	81ab      	strh	r3, [r5, #12]
10006194:	2300      	movs	r3, #0
10006196:	56e3      	ldrsb	r3, [r4, r3]
10006198:	2b00      	cmp	r3, #0
1000619a:	db06      	blt.n	100061aa <tud_control_status+0x2e>
1000619c:	2180      	movs	r1, #128	; 0x80
1000619e:	2300      	movs	r3, #0
100061a0:	2200      	movs	r2, #0
100061a2:	0030      	movs	r0, r6
100061a4:	f7ff fc92 	bl	10005acc <usbd_edpt_xfer>
100061a8:	bd70      	pop	{r4, r5, r6, pc}
100061aa:	2100      	movs	r1, #0
100061ac:	e7f7      	b.n	1000619e <tud_control_status+0x22>
100061ae:	46c0      	nop			; (mov r8, r8)
100061b0:	200010e0 	.word	0x200010e0

100061b4 <tud_control_xfer>:
100061b4:	b5f0      	push	{r4, r5, r6, r7, lr}
100061b6:	46c6      	mov	lr, r8
100061b8:	b500      	push	{lr}
100061ba:	4680      	mov	r8, r0
100061bc:	000c      	movs	r4, r1
100061be:	0016      	movs	r6, r2
100061c0:	001d      	movs	r5, r3
100061c2:	4f18      	ldr	r7, [pc, #96]	; (10006224 <tud_control_xfer+0x70>)
100061c4:	2208      	movs	r2, #8
100061c6:	0038      	movs	r0, r7
100061c8:	f7fe fa6a 	bl	100046a0 <__wrap___aeabi_memcpy>
100061cc:	60be      	str	r6, [r7, #8]
100061ce:	2300      	movs	r3, #0
100061d0:	81fb      	strh	r3, [r7, #14]
100061d2:	79a3      	ldrb	r3, [r4, #6]
100061d4:	79e1      	ldrb	r1, [r4, #7]
100061d6:	0209      	lsls	r1, r1, #8
100061d8:	4319      	orrs	r1, r3
100061da:	1c0b      	adds	r3, r1, #0
100061dc:	42a9      	cmp	r1, r5
100061de:	d900      	bls.n	100061e2 <tud_control_xfer+0x2e>
100061e0:	1c2b      	adds	r3, r5, #0
100061e2:	b299      	uxth	r1, r3
100061e4:	4a0f      	ldr	r2, [pc, #60]	; (10006224 <tud_control_xfer+0x70>)
100061e6:	8193      	strh	r3, [r2, #12]
100061e8:	79a2      	ldrb	r2, [r4, #6]
100061ea:	79e3      	ldrb	r3, [r4, #7]
100061ec:	021b      	lsls	r3, r3, #8
100061ee:	4313      	orrs	r3, r2
100061f0:	d009      	beq.n	10006206 <tud_control_xfer+0x52>
100061f2:	2900      	cmp	r1, #0
100061f4:	d001      	beq.n	100061fa <tud_control_xfer+0x46>
100061f6:	2e00      	cmp	r6, #0
100061f8:	d012      	beq.n	10006220 <tud_control_xfer+0x6c>
100061fa:	4640      	mov	r0, r8
100061fc:	f7ff ff92 	bl	10006124 <_data_stage_xact>
10006200:	bc80      	pop	{r7}
10006202:	46b8      	mov	r8, r7
10006204:	bdf0      	pop	{r4, r5, r6, r7, pc}
10006206:	2300      	movs	r3, #0
10006208:	56e3      	ldrsb	r3, [r4, r3]
1000620a:	2b00      	cmp	r3, #0
1000620c:	db06      	blt.n	1000621c <tud_control_xfer+0x68>
1000620e:	2180      	movs	r1, #128	; 0x80
10006210:	2300      	movs	r3, #0
10006212:	2200      	movs	r2, #0
10006214:	4640      	mov	r0, r8
10006216:	f7ff fc59 	bl	10005acc <usbd_edpt_xfer>
1000621a:	e7f1      	b.n	10006200 <tud_control_xfer+0x4c>
1000621c:	2100      	movs	r1, #0
1000621e:	e7f7      	b.n	10006210 <tud_control_xfer+0x5c>
10006220:	2000      	movs	r0, #0
10006222:	e7ed      	b.n	10006200 <tud_control_xfer+0x4c>
10006224:	200010e0 	.word	0x200010e0

10006228 <usbd_control_reset>:
10006228:	b510      	push	{r4, lr}
1000622a:	2214      	movs	r2, #20
1000622c:	2100      	movs	r1, #0
1000622e:	4802      	ldr	r0, [pc, #8]	; (10006238 <usbd_control_reset+0x10>)
10006230:	f7fe fa30 	bl	10004694 <__wrap_memset>
10006234:	bd10      	pop	{r4, pc}
10006236:	46c0      	nop			; (mov r8, r8)
10006238:	200010e0 	.word	0x200010e0

1000623c <usbd_control_set_complete_callback>:
1000623c:	4b01      	ldr	r3, [pc, #4]	; (10006244 <usbd_control_set_complete_callback+0x8>)
1000623e:	6118      	str	r0, [r3, #16]
10006240:	4770      	bx	lr
10006242:	46c0      	nop			; (mov r8, r8)
10006244:	200010e0 	.word	0x200010e0

10006248 <usbd_control_set_request>:
10006248:	b510      	push	{r4, lr}
1000624a:	0001      	movs	r1, r0
1000624c:	4c04      	ldr	r4, [pc, #16]	; (10006260 <usbd_control_set_request+0x18>)
1000624e:	2208      	movs	r2, #8
10006250:	0020      	movs	r0, r4
10006252:	f7fe fa25 	bl	100046a0 <__wrap___aeabi_memcpy>
10006256:	2300      	movs	r3, #0
10006258:	60a3      	str	r3, [r4, #8]
1000625a:	81e3      	strh	r3, [r4, #14]
1000625c:	81a3      	strh	r3, [r4, #12]
1000625e:	bd10      	pop	{r4, pc}
10006260:	200010e0 	.word	0x200010e0

10006264 <usbd_control_xfer_cb>:
10006264:	b570      	push	{r4, r5, r6, lr}
10006266:	0005      	movs	r5, r0
10006268:	001c      	movs	r4, r3
1000626a:	09c9      	lsrs	r1, r1, #7
1000626c:	4b2d      	ldr	r3, [pc, #180]	; (10006324 <usbd_control_xfer_cb+0xc0>)
1000626e:	781b      	ldrb	r3, [r3, #0]
10006270:	09db      	lsrs	r3, r3, #7
10006272:	428b      	cmp	r3, r1
10006274:	d011      	beq.n	1000629a <usbd_control_xfer_cb+0x36>
10006276:	2c00      	cmp	r4, #0
10006278:	d150      	bne.n	1000631c <usbd_control_xfer_cb+0xb8>
1000627a:	4b2b      	ldr	r3, [pc, #172]	; (10006328 <usbd_control_xfer_cb+0xc4>)
1000627c:	2b00      	cmp	r3, #0
1000627e:	d002      	beq.n	10006286 <usbd_control_xfer_cb+0x22>
10006280:	4928      	ldr	r1, [pc, #160]	; (10006324 <usbd_control_xfer_cb+0xc0>)
10006282:	f7ff f8d9 	bl	10005438 <dcd_edpt0_status_complete>
10006286:	4b27      	ldr	r3, [pc, #156]	; (10006324 <usbd_control_xfer_cb+0xc0>)
10006288:	691b      	ldr	r3, [r3, #16]
1000628a:	2b00      	cmp	r3, #0
1000628c:	d003      	beq.n	10006296 <usbd_control_xfer_cb+0x32>
1000628e:	4a25      	ldr	r2, [pc, #148]	; (10006324 <usbd_control_xfer_cb+0xc0>)
10006290:	2103      	movs	r1, #3
10006292:	0028      	movs	r0, r5
10006294:	4798      	blx	r3
10006296:	2001      	movs	r0, #1
10006298:	bd70      	pop	{r4, r5, r6, pc}
1000629a:	4b22      	ldr	r3, [pc, #136]	; (10006324 <usbd_control_xfer_cb+0xc0>)
1000629c:	781b      	ldrb	r3, [r3, #0]
1000629e:	b25b      	sxtb	r3, r3
100062a0:	2b00      	cmp	r3, #0
100062a2:	db07      	blt.n	100062b4 <usbd_control_xfer_cb+0x50>
100062a4:	4b1f      	ldr	r3, [pc, #124]	; (10006324 <usbd_control_xfer_cb+0xc0>)
100062a6:	6898      	ldr	r0, [r3, #8]
100062a8:	2800      	cmp	r0, #0
100062aa:	d039      	beq.n	10006320 <usbd_control_xfer_cb+0xbc>
100062ac:	0022      	movs	r2, r4
100062ae:	491f      	ldr	r1, [pc, #124]	; (1000632c <usbd_control_xfer_cb+0xc8>)
100062b0:	f7fe f9f6 	bl	100046a0 <__wrap___aeabi_memcpy>
100062b4:	b2a2      	uxth	r2, r4
100062b6:	491b      	ldr	r1, [pc, #108]	; (10006324 <usbd_control_xfer_cb+0xc0>)
100062b8:	89cb      	ldrh	r3, [r1, #14]
100062ba:	18d3      	adds	r3, r2, r3
100062bc:	b29b      	uxth	r3, r3
100062be:	81cb      	strh	r3, [r1, #14]
100062c0:	688a      	ldr	r2, [r1, #8]
100062c2:	1912      	adds	r2, r2, r4
100062c4:	608a      	str	r2, [r1, #8]
100062c6:	88ca      	ldrh	r2, [r1, #6]
100062c8:	4293      	cmp	r3, r2
100062ca:	d001      	beq.n	100062d0 <usbd_control_xfer_cb+0x6c>
100062cc:	2c3f      	cmp	r4, #63	; 0x3f
100062ce:	d821      	bhi.n	10006314 <usbd_control_xfer_cb+0xb0>
100062d0:	4b14      	ldr	r3, [pc, #80]	; (10006324 <usbd_control_xfer_cb+0xc0>)
100062d2:	691b      	ldr	r3, [r3, #16]
100062d4:	2b00      	cmp	r3, #0
100062d6:	d005      	beq.n	100062e4 <usbd_control_xfer_cb+0x80>
100062d8:	4a12      	ldr	r2, [pc, #72]	; (10006324 <usbd_control_xfer_cb+0xc0>)
100062da:	2102      	movs	r1, #2
100062dc:	0028      	movs	r0, r5
100062de:	4798      	blx	r3
100062e0:	2800      	cmp	r0, #0
100062e2:	d00d      	beq.n	10006300 <usbd_control_xfer_cb+0x9c>
100062e4:	4b0f      	ldr	r3, [pc, #60]	; (10006324 <usbd_control_xfer_cb+0xc0>)
100062e6:	781b      	ldrb	r3, [r3, #0]
100062e8:	b25b      	sxtb	r3, r3
100062ea:	2b00      	cmp	r3, #0
100062ec:	db06      	blt.n	100062fc <usbd_control_xfer_cb+0x98>
100062ee:	2180      	movs	r1, #128	; 0x80
100062f0:	2300      	movs	r3, #0
100062f2:	2200      	movs	r2, #0
100062f4:	0028      	movs	r0, r5
100062f6:	f7ff fbe9 	bl	10005acc <usbd_edpt_xfer>
100062fa:	e7cd      	b.n	10006298 <usbd_control_xfer_cb+0x34>
100062fc:	2100      	movs	r1, #0
100062fe:	e7f7      	b.n	100062f0 <usbd_control_xfer_cb+0x8c>
10006300:	2100      	movs	r1, #0
10006302:	0028      	movs	r0, r5
10006304:	f7ff f8e4 	bl	100054d0 <dcd_edpt_stall>
10006308:	2180      	movs	r1, #128	; 0x80
1000630a:	0028      	movs	r0, r5
1000630c:	f7ff f8e0 	bl	100054d0 <dcd_edpt_stall>
10006310:	2001      	movs	r0, #1
10006312:	e7c1      	b.n	10006298 <usbd_control_xfer_cb+0x34>
10006314:	0028      	movs	r0, r5
10006316:	f7ff ff05 	bl	10006124 <_data_stage_xact>
1000631a:	e7bd      	b.n	10006298 <usbd_control_xfer_cb+0x34>
1000631c:	2000      	movs	r0, #0
1000631e:	e7bb      	b.n	10006298 <usbd_control_xfer_cb+0x34>
10006320:	2000      	movs	r0, #0
10006322:	e7b9      	b.n	10006298 <usbd_control_xfer_cb+0x34>
10006324:	200010e0 	.word	0x200010e0
10006328:	10005439 	.word	0x10005439
1000632c:	200010fc 	.word	0x200010fc

10006330 <_prep_out_transaction>:
10006330:	b570      	push	{r4, r5, r6, lr}
10006332:	0004      	movs	r4, r0
10006334:	0005      	movs	r5, r0
10006336:	3510      	adds	r5, #16
10006338:	0028      	movs	r0, r5
1000633a:	f000 fe6f 	bl	1000701c <tu_fifo_remaining>
1000633e:	283f      	cmp	r0, #63	; 0x3f
10006340:	d801      	bhi.n	10006346 <_prep_out_transaction+0x16>
10006342:	2000      	movs	r0, #0
10006344:	bd70      	pop	{r4, r5, r6, pc}
10006346:	78e1      	ldrb	r1, [r4, #3]
10006348:	2000      	movs	r0, #0
1000634a:	f7ff fb97 	bl	10005a7c <usbd_edpt_claim>
1000634e:	2800      	cmp	r0, #0
10006350:	d0f8      	beq.n	10006344 <_prep_out_transaction+0x14>
10006352:	0028      	movs	r0, r5
10006354:	f000 fe62 	bl	1000701c <tu_fifo_remaining>
10006358:	283f      	cmp	r0, #63	; 0x3f
1000635a:	d908      	bls.n	1000636e <_prep_out_transaction+0x3e>
1000635c:	2392      	movs	r3, #146	; 0x92
1000635e:	009b      	lsls	r3, r3, #2
10006360:	18e2      	adds	r2, r4, r3
10006362:	78e1      	ldrb	r1, [r4, #3]
10006364:	2340      	movs	r3, #64	; 0x40
10006366:	2000      	movs	r0, #0
10006368:	f7ff fbb0 	bl	10005acc <usbd_edpt_xfer>
1000636c:	e7ea      	b.n	10006344 <_prep_out_transaction+0x14>
1000636e:	78e1      	ldrb	r1, [r4, #3]
10006370:	2000      	movs	r0, #0
10006372:	f7ff fb97 	bl	10005aa4 <usbd_edpt_release>
10006376:	2000      	movs	r0, #0
10006378:	e7e4      	b.n	10006344 <_prep_out_transaction+0x14>
	...

1000637c <tud_cdc_n_connected>:
1000637c:	b510      	push	{r4, lr}
1000637e:	0004      	movs	r4, r0
10006380:	f7ff fa9a 	bl	100058b8 <tud_mounted>
10006384:	2800      	cmp	r0, #0
10006386:	d10c      	bne.n	100063a2 <tud_cdc_n_connected+0x26>
10006388:	2200      	movs	r2, #0
1000638a:	2a00      	cmp	r2, #0
1000638c:	d011      	beq.n	100063b2 <tud_cdc_n_connected+0x36>
1000638e:	23b2      	movs	r3, #178	; 0xb2
10006390:	009b      	lsls	r3, r3, #2
10006392:	4363      	muls	r3, r4
10006394:	4809      	ldr	r0, [pc, #36]	; (100063bc <tud_cdc_n_connected+0x40>)
10006396:	18c0      	adds	r0, r0, r3
10006398:	7903      	ldrb	r3, [r0, #4]
1000639a:	07db      	lsls	r3, r3, #31
1000639c:	d50b      	bpl.n	100063b6 <tud_cdc_n_connected+0x3a>
1000639e:	2001      	movs	r0, #1
100063a0:	e008      	b.n	100063b4 <tud_cdc_n_connected+0x38>
100063a2:	f7ff fa91 	bl	100058c8 <tud_suspended>
100063a6:	2800      	cmp	r0, #0
100063a8:	d101      	bne.n	100063ae <tud_cdc_n_connected+0x32>
100063aa:	2201      	movs	r2, #1
100063ac:	e7ed      	b.n	1000638a <tud_cdc_n_connected+0xe>
100063ae:	2200      	movs	r2, #0
100063b0:	e7eb      	b.n	1000638a <tud_cdc_n_connected+0xe>
100063b2:	2000      	movs	r0, #0
100063b4:	bd10      	pop	{r4, pc}
100063b6:	2000      	movs	r0, #0
100063b8:	e7fc      	b.n	100063b4 <tud_cdc_n_connected+0x38>
100063ba:	46c0      	nop			; (mov r8, r8)
100063bc:	20000e18 	.word	0x20000e18

100063c0 <tud_cdc_n_available>:
100063c0:	b510      	push	{r4, lr}
100063c2:	23b2      	movs	r3, #178	; 0xb2
100063c4:	009b      	lsls	r3, r3, #2
100063c6:	4358      	muls	r0, r3
100063c8:	3010      	adds	r0, #16
100063ca:	4b02      	ldr	r3, [pc, #8]	; (100063d4 <tud_cdc_n_available+0x14>)
100063cc:	18c0      	adds	r0, r0, r3
100063ce:	f000 fdf4 	bl	10006fba <tu_fifo_count>
100063d2:	bd10      	pop	{r4, pc}
100063d4:	20000e18 	.word	0x20000e18

100063d8 <tud_cdc_n_read>:
100063d8:	b570      	push	{r4, r5, r6, lr}
100063da:	23b2      	movs	r3, #178	; 0xb2
100063dc:	009b      	lsls	r3, r3, #2
100063de:	4358      	muls	r0, r3
100063e0:	4b06      	ldr	r3, [pc, #24]	; (100063fc <tud_cdc_n_read+0x24>)
100063e2:	18c5      	adds	r5, r0, r3
100063e4:	b292      	uxth	r2, r2
100063e6:	3010      	adds	r0, #16
100063e8:	18c0      	adds	r0, r0, r3
100063ea:	f000 fe4e 	bl	1000708a <tu_fifo_read_n>
100063ee:	0004      	movs	r4, r0
100063f0:	0028      	movs	r0, r5
100063f2:	f7ff ff9d 	bl	10006330 <_prep_out_transaction>
100063f6:	0020      	movs	r0, r4
100063f8:	bd70      	pop	{r4, r5, r6, pc}
100063fa:	46c0      	nop			; (mov r8, r8)
100063fc:	20000e18 	.word	0x20000e18

10006400 <tud_cdc_n_write_flush>:
10006400:	b570      	push	{r4, r5, r6, lr}
10006402:	0005      	movs	r5, r0
10006404:	f7ff fa58 	bl	100058b8 <tud_mounted>
10006408:	2800      	cmp	r0, #0
1000640a:	d104      	bne.n	10006416 <tud_cdc_n_write_flush+0x16>
1000640c:	2300      	movs	r3, #0
1000640e:	2b00      	cmp	r3, #0
10006410:	d109      	bne.n	10006426 <tud_cdc_n_write_flush+0x26>
10006412:	2000      	movs	r0, #0
10006414:	bd70      	pop	{r4, r5, r6, pc}
10006416:	f7ff fa57 	bl	100058c8 <tud_suspended>
1000641a:	2800      	cmp	r0, #0
1000641c:	d101      	bne.n	10006422 <tud_cdc_n_write_flush+0x22>
1000641e:	2301      	movs	r3, #1
10006420:	e7f5      	b.n	1000640e <tud_cdc_n_write_flush+0xe>
10006422:	2300      	movs	r3, #0
10006424:	e7f3      	b.n	1000640e <tud_cdc_n_write_flush+0xe>
10006426:	24b2      	movs	r4, #178	; 0xb2
10006428:	00a4      	lsls	r4, r4, #2
1000642a:	436c      	muls	r4, r5
1000642c:	3420      	adds	r4, #32
1000642e:	4b21      	ldr	r3, [pc, #132]	; (100064b4 <tud_cdc_n_write_flush+0xb4>)
10006430:	18e4      	adds	r4, r4, r3
10006432:	3404      	adds	r4, #4
10006434:	0020      	movs	r0, r4
10006436:	f000 fdc0 	bl	10006fba <tu_fifo_count>
1000643a:	2800      	cmp	r0, #0
1000643c:	d101      	bne.n	10006442 <tud_cdc_n_write_flush+0x42>
1000643e:	2000      	movs	r0, #0
10006440:	e7e8      	b.n	10006414 <tud_cdc_n_write_flush+0x14>
10006442:	22b2      	movs	r2, #178	; 0xb2
10006444:	0092      	lsls	r2, r2, #2
10006446:	436a      	muls	r2, r5
10006448:	4b1a      	ldr	r3, [pc, #104]	; (100064b4 <tud_cdc_n_write_flush+0xb4>)
1000644a:	189b      	adds	r3, r3, r2
1000644c:	7899      	ldrb	r1, [r3, #2]
1000644e:	2000      	movs	r0, #0
10006450:	f7ff fb14 	bl	10005a7c <usbd_edpt_claim>
10006454:	2800      	cmp	r0, #0
10006456:	d101      	bne.n	1000645c <tud_cdc_n_write_flush+0x5c>
10006458:	2000      	movs	r0, #0
1000645a:	e7db      	b.n	10006414 <tud_cdc_n_write_flush+0x14>
1000645c:	26b2      	movs	r6, #178	; 0xb2
1000645e:	00b6      	lsls	r6, r6, #2
10006460:	436e      	muls	r6, r5
10006462:	23a2      	movs	r3, #162	; 0xa2
10006464:	009b      	lsls	r3, r3, #2
10006466:	469c      	mov	ip, r3
10006468:	4466      	add	r6, ip
1000646a:	4b12      	ldr	r3, [pc, #72]	; (100064b4 <tud_cdc_n_write_flush+0xb4>)
1000646c:	18f6      	adds	r6, r6, r3
1000646e:	2240      	movs	r2, #64	; 0x40
10006470:	0031      	movs	r1, r6
10006472:	0020      	movs	r0, r4
10006474:	f000 fe09 	bl	1000708a <tu_fifo_read_n>
10006478:	1e04      	subs	r4, r0, #0
1000647a:	d00e      	beq.n	1000649a <tud_cdc_n_write_flush+0x9a>
1000647c:	20b2      	movs	r0, #178	; 0xb2
1000647e:	0080      	lsls	r0, r0, #2
10006480:	4368      	muls	r0, r5
10006482:	4d0c      	ldr	r5, [pc, #48]	; (100064b4 <tud_cdc_n_write_flush+0xb4>)
10006484:	182d      	adds	r5, r5, r0
10006486:	78a9      	ldrb	r1, [r5, #2]
10006488:	0023      	movs	r3, r4
1000648a:	0032      	movs	r2, r6
1000648c:	2000      	movs	r0, #0
1000648e:	f7ff fb1d 	bl	10005acc <usbd_edpt_xfer>
10006492:	2800      	cmp	r0, #0
10006494:	d00c      	beq.n	100064b0 <tud_cdc_n_write_flush+0xb0>
10006496:	0020      	movs	r0, r4
10006498:	e7bc      	b.n	10006414 <tud_cdc_n_write_flush+0x14>
1000649a:	20b2      	movs	r0, #178	; 0xb2
1000649c:	0080      	lsls	r0, r0, #2
1000649e:	4368      	muls	r0, r5
100064a0:	4d04      	ldr	r5, [pc, #16]	; (100064b4 <tud_cdc_n_write_flush+0xb4>)
100064a2:	182d      	adds	r5, r5, r0
100064a4:	78a9      	ldrb	r1, [r5, #2]
100064a6:	2000      	movs	r0, #0
100064a8:	f7ff fafc 	bl	10005aa4 <usbd_edpt_release>
100064ac:	2000      	movs	r0, #0
100064ae:	e7b1      	b.n	10006414 <tud_cdc_n_write_flush+0x14>
100064b0:	2000      	movs	r0, #0
100064b2:	e7af      	b.n	10006414 <tud_cdc_n_write_flush+0x14>
100064b4:	20000e18 	.word	0x20000e18

100064b8 <tud_cdc_n_write>:
100064b8:	b570      	push	{r4, r5, r6, lr}
100064ba:	0005      	movs	r5, r0
100064bc:	24b2      	movs	r4, #178	; 0xb2
100064be:	00a4      	lsls	r4, r4, #2
100064c0:	4344      	muls	r4, r0
100064c2:	3420      	adds	r4, #32
100064c4:	4b09      	ldr	r3, [pc, #36]	; (100064ec <tud_cdc_n_write+0x34>)
100064c6:	18e4      	adds	r4, r4, r3
100064c8:	3404      	adds	r4, #4
100064ca:	b292      	uxth	r2, r2
100064cc:	0020      	movs	r0, r4
100064ce:	f000 fe13 	bl	100070f8 <tu_fifo_write_n>
100064d2:	0006      	movs	r6, r0
100064d4:	0020      	movs	r0, r4
100064d6:	f000 fd70 	bl	10006fba <tu_fifo_count>
100064da:	283f      	cmp	r0, #63	; 0x3f
100064dc:	d801      	bhi.n	100064e2 <tud_cdc_n_write+0x2a>
100064de:	0030      	movs	r0, r6
100064e0:	bd70      	pop	{r4, r5, r6, pc}
100064e2:	0028      	movs	r0, r5
100064e4:	f7ff ff8c 	bl	10006400 <tud_cdc_n_write_flush>
100064e8:	e7f9      	b.n	100064de <tud_cdc_n_write+0x26>
100064ea:	46c0      	nop			; (mov r8, r8)
100064ec:	20000e18 	.word	0x20000e18

100064f0 <tud_cdc_n_write_available>:
100064f0:	b510      	push	{r4, lr}
100064f2:	23b2      	movs	r3, #178	; 0xb2
100064f4:	009b      	lsls	r3, r3, #2
100064f6:	4358      	muls	r0, r3
100064f8:	3020      	adds	r0, #32
100064fa:	4b03      	ldr	r3, [pc, #12]	; (10006508 <tud_cdc_n_write_available+0x18>)
100064fc:	18c0      	adds	r0, r0, r3
100064fe:	3004      	adds	r0, #4
10006500:	f000 fd8c 	bl	1000701c <tu_fifo_remaining>
10006504:	bd10      	pop	{r4, pc}
10006506:	46c0      	nop			; (mov r8, r8)
10006508:	20000e18 	.word	0x20000e18

1000650c <cdcd_init>:
1000650c:	b5f0      	push	{r4, r5, r6, r7, lr}
1000650e:	46ce      	mov	lr, r9
10006510:	4647      	mov	r7, r8
10006512:	b580      	push	{r7, lr}
10006514:	b083      	sub	sp, #12
10006516:	22b2      	movs	r2, #178	; 0xb2
10006518:	0092      	lsls	r2, r2, #2
1000651a:	2100      	movs	r1, #0
1000651c:	4828      	ldr	r0, [pc, #160]	; (100065c0 <cdcd_init+0xb4>)
1000651e:	f7fe f8b9 	bl	10004694 <__wrap_memset>
10006522:	2600      	movs	r6, #0
10006524:	2e00      	cmp	r6, #0
10006526:	d004      	beq.n	10006532 <cdcd_init+0x26>
10006528:	b003      	add	sp, #12
1000652a:	bcc0      	pop	{r6, r7}
1000652c:	46b9      	mov	r9, r7
1000652e:	46b0      	mov	r8, r6
10006530:	bdf0      	pop	{r4, r5, r6, r7, pc}
10006532:	4f23      	ldr	r7, [pc, #140]	; (100065c0 <cdcd_init+0xb4>)
10006534:	24b2      	movs	r4, #178	; 0xb2
10006536:	00a4      	lsls	r4, r4, #2
10006538:	4374      	muls	r4, r6
1000653a:	193d      	adds	r5, r7, r4
1000653c:	23ff      	movs	r3, #255	; 0xff
1000653e:	716b      	strb	r3, [r5, #5]
10006540:	2300      	movs	r3, #0
10006542:	4698      	mov	r8, r3
10006544:	4a1f      	ldr	r2, [pc, #124]	; (100065c4 <cdcd_init+0xb8>)
10006546:	80ea      	strh	r2, [r5, #6]
10006548:	2201      	movs	r2, #1
1000654a:	812a      	strh	r2, [r5, #8]
1000654c:	72ab      	strb	r3, [r5, #10]
1000654e:	72eb      	strb	r3, [r5, #11]
10006550:	2308      	movs	r3, #8
10006552:	732b      	strb	r3, [r5, #12]
10006554:	0021      	movs	r1, r4
10006556:	3138      	adds	r1, #56	; 0x38
10006558:	19c9      	adds	r1, r1, r7
1000655a:	33f8      	adds	r3, #248	; 0xf8
1000655c:	4699      	mov	r9, r3
1000655e:	0020      	movs	r0, r4
10006560:	3010      	adds	r0, #16
10006562:	19c0      	adds	r0, r0, r7
10006564:	4643      	mov	r3, r8
10006566:	9300      	str	r3, [sp, #0]
10006568:	3301      	adds	r3, #1
1000656a:	464a      	mov	r2, r9
1000656c:	f000 fce7 	bl	10006f3e <tu_fifo_config>
10006570:	0021      	movs	r1, r4
10006572:	3139      	adds	r1, #57	; 0x39
10006574:	31ff      	adds	r1, #255	; 0xff
10006576:	19c9      	adds	r1, r1, r7
10006578:	0020      	movs	r0, r4
1000657a:	3020      	adds	r0, #32
1000657c:	19c0      	adds	r0, r0, r7
1000657e:	3004      	adds	r0, #4
10006580:	2301      	movs	r3, #1
10006582:	9300      	str	r3, [sp, #0]
10006584:	464a      	mov	r2, r9
10006586:	f000 fcda 	bl	10006f3e <tu_fifo_config>
1000658a:	238e      	movs	r3, #142	; 0x8e
1000658c:	009b      	lsls	r3, r3, #2
1000658e:	18e3      	adds	r3, r4, r3
10006590:	4699      	mov	r9, r3
10006592:	44b9      	add	r9, r7
10006594:	4648      	mov	r0, r9
10006596:	f7fa fdd7 	bl	10001148 <mutex_init>
1000659a:	4643      	mov	r3, r8
1000659c:	61eb      	str	r3, [r5, #28]
1000659e:	464b      	mov	r3, r9
100065a0:	622b      	str	r3, [r5, #32]
100065a2:	2390      	movs	r3, #144	; 0x90
100065a4:	009b      	lsls	r3, r3, #2
100065a6:	469c      	mov	ip, r3
100065a8:	4464      	add	r4, ip
100065aa:	19e4      	adds	r4, r4, r7
100065ac:	0020      	movs	r0, r4
100065ae:	f7fa fdcb 	bl	10001148 <mutex_init>
100065b2:	632c      	str	r4, [r5, #48]	; 0x30
100065b4:	4643      	mov	r3, r8
100065b6:	636b      	str	r3, [r5, #52]	; 0x34
100065b8:	3601      	adds	r6, #1
100065ba:	b2f6      	uxtb	r6, r6
100065bc:	e7b2      	b.n	10006524 <cdcd_init+0x18>
100065be:	46c0      	nop			; (mov r8, r8)
100065c0:	20000e18 	.word	0x20000e18
100065c4:	ffffc200 	.word	0xffffc200

100065c8 <cdcd_reset>:
100065c8:	b570      	push	{r4, r5, r6, lr}
100065ca:	2500      	movs	r5, #0
100065cc:	2d00      	cmp	r5, #0
100065ce:	d000      	beq.n	100065d2 <cdcd_reset+0xa>
100065d0:	bd70      	pop	{r4, r5, r6, pc}
100065d2:	24b2      	movs	r4, #178	; 0xb2
100065d4:	00a4      	lsls	r4, r4, #2
100065d6:	436c      	muls	r4, r5
100065d8:	4e0b      	ldr	r6, [pc, #44]	; (10006608 <cdcd_reset+0x40>)
100065da:	19a0      	adds	r0, r4, r6
100065dc:	2205      	movs	r2, #5
100065de:	2100      	movs	r1, #0
100065e0:	f7fe f858 	bl	10004694 <__wrap_memset>
100065e4:	0020      	movs	r0, r4
100065e6:	3010      	adds	r0, #16
100065e8:	1980      	adds	r0, r0, r6
100065ea:	f000 fd8a 	bl	10007102 <tu_fifo_clear>
100065ee:	3420      	adds	r4, #32
100065f0:	19a4      	adds	r4, r4, r6
100065f2:	3404      	adds	r4, #4
100065f4:	0020      	movs	r0, r4
100065f6:	f000 fd84 	bl	10007102 <tu_fifo_clear>
100065fa:	2101      	movs	r1, #1
100065fc:	0020      	movs	r0, r4
100065fe:	f000 fd9f 	bl	10007140 <tu_fifo_set_overwritable>
10006602:	3501      	adds	r5, #1
10006604:	b2ed      	uxtb	r5, r5
10006606:	e7e1      	b.n	100065cc <cdcd_reset+0x4>
10006608:	20000e18 	.word	0x20000e18

1000660c <cdcd_open>:
1000660c:	b5f0      	push	{r4, r5, r6, r7, lr}
1000660e:	b083      	sub	sp, #12
10006610:	0006      	movs	r6, r0
10006612:	794b      	ldrb	r3, [r1, #5]
10006614:	2b02      	cmp	r3, #2
10006616:	d150      	bne.n	100066ba <cdcd_open+0xae>
10006618:	798b      	ldrb	r3, [r1, #6]
1000661a:	2b02      	cmp	r3, #2
1000661c:	d151      	bne.n	100066c2 <cdcd_open+0xb6>
1000661e:	2300      	movs	r3, #0
10006620:	2b00      	cmp	r3, #0
10006622:	d008      	beq.n	10006636 <cdcd_open+0x2a>
10006624:	2700      	movs	r7, #0
10006626:	2f00      	cmp	r7, #0
10006628:	d04d      	beq.n	100066c6 <cdcd_open+0xba>
1000662a:	788b      	ldrb	r3, [r1, #2]
1000662c:	703b      	strb	r3, [r7, #0]
1000662e:	780c      	ldrb	r4, [r1, #0]
10006630:	190c      	adds	r4, r1, r4
10006632:	2509      	movs	r5, #9
10006634:	e011      	b.n	1000665a <cdcd_open+0x4e>
10006636:	24b2      	movs	r4, #178	; 0xb2
10006638:	00a4      	lsls	r4, r4, #2
1000663a:	435c      	muls	r4, r3
1000663c:	4825      	ldr	r0, [pc, #148]	; (100066d4 <cdcd_open+0xc8>)
1000663e:	1900      	adds	r0, r0, r4
10006640:	7880      	ldrb	r0, [r0, #2]
10006642:	2800      	cmp	r0, #0
10006644:	d002      	beq.n	1000664c <cdcd_open+0x40>
10006646:	3301      	adds	r3, #1
10006648:	b2db      	uxtb	r3, r3
1000664a:	e7e9      	b.n	10006620 <cdcd_open+0x14>
1000664c:	4f21      	ldr	r7, [pc, #132]	; (100066d4 <cdcd_open+0xc8>)
1000664e:	19e7      	adds	r7, r4, r7
10006650:	e7e9      	b.n	10006626 <cdcd_open+0x1a>
10006652:	7821      	ldrb	r1, [r4, #0]
10006654:	194d      	adds	r5, r1, r5
10006656:	b2ad      	uxth	r5, r5
10006658:	1864      	adds	r4, r4, r1
1000665a:	7863      	ldrb	r3, [r4, #1]
1000665c:	2b24      	cmp	r3, #36	; 0x24
1000665e:	d101      	bne.n	10006664 <cdcd_open+0x58>
10006660:	4295      	cmp	r5, r2
10006662:	d9f6      	bls.n	10006652 <cdcd_open+0x46>
10006664:	2b05      	cmp	r3, #5
10006666:	d009      	beq.n	1000667c <cdcd_open+0x70>
10006668:	7863      	ldrb	r3, [r4, #1]
1000666a:	2b04      	cmp	r3, #4
1000666c:	d102      	bne.n	10006674 <cdcd_open+0x68>
1000666e:	7963      	ldrb	r3, [r4, #5]
10006670:	2b0a      	cmp	r3, #10
10006672:	d010      	beq.n	10006696 <cdcd_open+0x8a>
10006674:	0038      	movs	r0, r7
10006676:	f7ff fe5b 	bl	10006330 <_prep_out_transaction>
1000667a:	e01f      	b.n	100066bc <cdcd_open+0xb0>
1000667c:	0021      	movs	r1, r4
1000667e:	0030      	movs	r0, r6
10006680:	f7ff f9b0 	bl	100059e4 <usbd_edpt_open>
10006684:	2800      	cmp	r0, #0
10006686:	d020      	beq.n	100066ca <cdcd_open+0xbe>
10006688:	78a3      	ldrb	r3, [r4, #2]
1000668a:	707b      	strb	r3, [r7, #1]
1000668c:	7822      	ldrb	r2, [r4, #0]
1000668e:	1955      	adds	r5, r2, r5
10006690:	b2ad      	uxth	r5, r5
10006692:	18a4      	adds	r4, r4, r2
10006694:	e7e8      	b.n	10006668 <cdcd_open+0x5c>
10006696:	7821      	ldrb	r1, [r4, #0]
10006698:	194d      	adds	r5, r1, r5
1000669a:	b2ad      	uxth	r5, r5
1000669c:	1861      	adds	r1, r4, r1
1000669e:	1cbb      	adds	r3, r7, #2
100066a0:	9301      	str	r3, [sp, #4]
100066a2:	1cfb      	adds	r3, r7, #3
100066a4:	9300      	str	r3, [sp, #0]
100066a6:	2302      	movs	r3, #2
100066a8:	2202      	movs	r2, #2
100066aa:	0030      	movs	r0, r6
100066ac:	f7ff f9b4 	bl	10005a18 <usbd_open_edpt_pair>
100066b0:	2800      	cmp	r0, #0
100066b2:	d00c      	beq.n	100066ce <cdcd_open+0xc2>
100066b4:	350e      	adds	r5, #14
100066b6:	b2ad      	uxth	r5, r5
100066b8:	e7dc      	b.n	10006674 <cdcd_open+0x68>
100066ba:	2500      	movs	r5, #0
100066bc:	0028      	movs	r0, r5
100066be:	b003      	add	sp, #12
100066c0:	bdf0      	pop	{r4, r5, r6, r7, pc}
100066c2:	2500      	movs	r5, #0
100066c4:	e7fa      	b.n	100066bc <cdcd_open+0xb0>
100066c6:	2500      	movs	r5, #0
100066c8:	e7f8      	b.n	100066bc <cdcd_open+0xb0>
100066ca:	2500      	movs	r5, #0
100066cc:	e7f6      	b.n	100066bc <cdcd_open+0xb0>
100066ce:	2500      	movs	r5, #0
100066d0:	e7f4      	b.n	100066bc <cdcd_open+0xb0>
100066d2:	46c0      	nop			; (mov r8, r8)
100066d4:	20000e18 	.word	0x20000e18

100066d8 <cdcd_control_xfer_cb>:
100066d8:	b5f8      	push	{r3, r4, r5, r6, r7, lr}
100066da:	0014      	movs	r4, r2
100066dc:	7812      	ldrb	r2, [r2, #0]
100066de:	2360      	movs	r3, #96	; 0x60
100066e0:	4013      	ands	r3, r2
100066e2:	2b20      	cmp	r3, #32
100066e4:	d000      	beq.n	100066e8 <cdcd_control_xfer_cb+0x10>
100066e6:	e07f      	b.n	100067e8 <cdcd_control_xfer_cb+0x110>
100066e8:	4a44      	ldr	r2, [pc, #272]	; (100067fc <cdcd_control_xfer_cb+0x124>)
100066ea:	2500      	movs	r5, #0
100066ec:	2d00      	cmp	r5, #0
100066ee:	d000      	beq.n	100066f2 <cdcd_control_xfer_cb+0x1a>
100066f0:	e07c      	b.n	100067ec <cdcd_control_xfer_cb+0x114>
100066f2:	7816      	ldrb	r6, [r2, #0]
100066f4:	7927      	ldrb	r7, [r4, #4]
100066f6:	7963      	ldrb	r3, [r4, #5]
100066f8:	021b      	lsls	r3, r3, #8
100066fa:	433b      	orrs	r3, r7
100066fc:	429e      	cmp	r6, r3
100066fe:	d006      	beq.n	1000670e <cdcd_control_xfer_cb+0x36>
10006700:	3501      	adds	r5, #1
10006702:	b2ed      	uxtb	r5, r5
10006704:	23b2      	movs	r3, #178	; 0xb2
10006706:	009b      	lsls	r3, r3, #2
10006708:	469c      	mov	ip, r3
1000670a:	4462      	add	r2, ip
1000670c:	e7ee      	b.n	100066ec <cdcd_control_xfer_cb+0x14>
1000670e:	7863      	ldrb	r3, [r4, #1]
10006710:	2b22      	cmp	r3, #34	; 0x22
10006712:	d031      	beq.n	10006778 <cdcd_control_xfer_cb+0xa0>
10006714:	d809      	bhi.n	1000672a <cdcd_control_xfer_cb+0x52>
10006716:	2b20      	cmp	r3, #32
10006718:	d011      	beq.n	1000673e <cdcd_control_xfer_cb+0x66>
1000671a:	2b21      	cmp	r3, #33	; 0x21
1000671c:	d103      	bne.n	10006726 <cdcd_control_xfer_cb+0x4e>
1000671e:	2901      	cmp	r1, #1
10006720:	d023      	beq.n	1000676a <cdcd_control_xfer_cb+0x92>
10006722:	2001      	movs	r0, #1
10006724:	e061      	b.n	100067ea <cdcd_control_xfer_cb+0x112>
10006726:	2000      	movs	r0, #0
10006728:	e05f      	b.n	100067ea <cdcd_control_xfer_cb+0x112>
1000672a:	2b23      	cmp	r3, #35	; 0x23
1000672c:	d105      	bne.n	1000673a <cdcd_control_xfer_cb+0x62>
1000672e:	2901      	cmp	r1, #1
10006730:	d049      	beq.n	100067c6 <cdcd_control_xfer_cb+0xee>
10006732:	2903      	cmp	r1, #3
10006734:	d04c      	beq.n	100067d0 <cdcd_control_xfer_cb+0xf8>
10006736:	2001      	movs	r0, #1
10006738:	e057      	b.n	100067ea <cdcd_control_xfer_cb+0x112>
1000673a:	2000      	movs	r0, #0
1000673c:	e055      	b.n	100067ea <cdcd_control_xfer_cb+0x112>
1000673e:	2901      	cmp	r1, #1
10006740:	d003      	beq.n	1000674a <cdcd_control_xfer_cb+0x72>
10006742:	2903      	cmp	r1, #3
10006744:	d008      	beq.n	10006758 <cdcd_control_xfer_cb+0x80>
10006746:	2001      	movs	r0, #1
10006748:	e04f      	b.n	100067ea <cdcd_control_xfer_cb+0x112>
1000674a:	3206      	adds	r2, #6
1000674c:	2307      	movs	r3, #7
1000674e:	0021      	movs	r1, r4
10006750:	f7ff fd30 	bl	100061b4 <tud_control_xfer>
10006754:	2001      	movs	r0, #1
10006756:	e048      	b.n	100067ea <cdcd_control_xfer_cb+0x112>
10006758:	4b29      	ldr	r3, [pc, #164]	; (10006800 <cdcd_control_xfer_cb+0x128>)
1000675a:	2b00      	cmp	r3, #0
1000675c:	d048      	beq.n	100067f0 <cdcd_control_xfer_cb+0x118>
1000675e:	1d91      	adds	r1, r2, #6
10006760:	0028      	movs	r0, r5
10006762:	f7fe fa77 	bl	10004c54 <tud_cdc_line_coding_cb>
10006766:	2001      	movs	r0, #1
10006768:	e03f      	b.n	100067ea <cdcd_control_xfer_cb+0x112>
1000676a:	3206      	adds	r2, #6
1000676c:	2307      	movs	r3, #7
1000676e:	0021      	movs	r1, r4
10006770:	f7ff fd20 	bl	100061b4 <tud_control_xfer>
10006774:	2001      	movs	r0, #1
10006776:	e038      	b.n	100067ea <cdcd_control_xfer_cb+0x112>
10006778:	2901      	cmp	r1, #1
1000677a:	d003      	beq.n	10006784 <cdcd_control_xfer_cb+0xac>
1000677c:	2903      	cmp	r1, #3
1000677e:	d006      	beq.n	1000678e <cdcd_control_xfer_cb+0xb6>
10006780:	2001      	movs	r0, #1
10006782:	e032      	b.n	100067ea <cdcd_control_xfer_cb+0x112>
10006784:	0021      	movs	r1, r4
10006786:	f7ff fcf9 	bl	1000617c <tud_control_status>
1000678a:	2001      	movs	r0, #1
1000678c:	e02d      	b.n	100067ea <cdcd_control_xfer_cb+0x112>
1000678e:	78a1      	ldrb	r1, [r4, #2]
10006790:	78e3      	ldrb	r3, [r4, #3]
10006792:	021b      	lsls	r3, r3, #8
10006794:	430b      	orrs	r3, r1
10006796:	2001      	movs	r0, #1
10006798:	0019      	movs	r1, r3
1000679a:	4001      	ands	r1, r0
1000679c:	000e      	movs	r6, r1
1000679e:	085c      	lsrs	r4, r3, #1
100067a0:	4004      	ands	r4, r0
100067a2:	7113      	strb	r3, [r2, #4]
100067a4:	424b      	negs	r3, r1
100067a6:	4159      	adcs	r1, r3
100067a8:	b2c9      	uxtb	r1, r1
100067aa:	3224      	adds	r2, #36	; 0x24
100067ac:	0010      	movs	r0, r2
100067ae:	f000 fcc7 	bl	10007140 <tu_fifo_set_overwritable>
100067b2:	4b14      	ldr	r3, [pc, #80]	; (10006804 <cdcd_control_xfer_cb+0x12c>)
100067b4:	2b00      	cmp	r3, #0
100067b6:	d01d      	beq.n	100067f4 <cdcd_control_xfer_cb+0x11c>
100067b8:	0022      	movs	r2, r4
100067ba:	0031      	movs	r1, r6
100067bc:	0028      	movs	r0, r5
100067be:	e000      	b.n	100067c2 <cdcd_control_xfer_cb+0xea>
100067c0:	bf00      	nop
100067c2:	2001      	movs	r0, #1
100067c4:	e011      	b.n	100067ea <cdcd_control_xfer_cb+0x112>
100067c6:	0021      	movs	r1, r4
100067c8:	f7ff fcd8 	bl	1000617c <tud_control_status>
100067cc:	2001      	movs	r0, #1
100067ce:	e00c      	b.n	100067ea <cdcd_control_xfer_cb+0x112>
100067d0:	4b0d      	ldr	r3, [pc, #52]	; (10006808 <cdcd_control_xfer_cb+0x130>)
100067d2:	2b00      	cmp	r3, #0
100067d4:	d010      	beq.n	100067f8 <cdcd_control_xfer_cb+0x120>
100067d6:	78a3      	ldrb	r3, [r4, #2]
100067d8:	78e1      	ldrb	r1, [r4, #3]
100067da:	0209      	lsls	r1, r1, #8
100067dc:	4319      	orrs	r1, r3
100067de:	0028      	movs	r0, r5
100067e0:	e000      	b.n	100067e4 <cdcd_control_xfer_cb+0x10c>
100067e2:	bf00      	nop
100067e4:	2001      	movs	r0, #1
100067e6:	e000      	b.n	100067ea <cdcd_control_xfer_cb+0x112>
100067e8:	2000      	movs	r0, #0
100067ea:	bdf8      	pop	{r3, r4, r5, r6, r7, pc}
100067ec:	2000      	movs	r0, #0
100067ee:	e7fc      	b.n	100067ea <cdcd_control_xfer_cb+0x112>
100067f0:	2001      	movs	r0, #1
100067f2:	e7fa      	b.n	100067ea <cdcd_control_xfer_cb+0x112>
100067f4:	2001      	movs	r0, #1
100067f6:	e7f8      	b.n	100067ea <cdcd_control_xfer_cb+0x112>
100067f8:	2001      	movs	r0, #1
100067fa:	e7f6      	b.n	100067ea <cdcd_control_xfer_cb+0x112>
100067fc:	20000e18 	.word	0x20000e18
10006800:	10004c55 	.word	0x10004c55
	...

1000680c <cdcd_xfer_cb>:
1000680c:	b5f0      	push	{r4, r5, r6, r7, lr}
1000680e:	46d6      	mov	lr, sl
10006810:	b500      	push	{lr}
10006812:	b082      	sub	sp, #8
10006814:	9001      	str	r0, [sp, #4]
10006816:	000f      	movs	r7, r1
10006818:	9300      	str	r3, [sp, #0]
1000681a:	2400      	movs	r4, #0
1000681c:	2c00      	cmp	r4, #0
1000681e:	d00e      	beq.n	1000683e <cdcd_xfer_cb+0x32>
10006820:	2c00      	cmp	r4, #0
10006822:	d000      	beq.n	10006826 <cdcd_xfer_cb+0x1a>
10006824:	e07c      	b.n	10006920 <cdcd_xfer_cb+0x114>
10006826:	78eb      	ldrb	r3, [r5, #3]
10006828:	42bb      	cmp	r3, r7
1000682a:	d016      	beq.n	1000685a <cdcd_xfer_cb+0x4e>
1000682c:	78ab      	ldrb	r3, [r5, #2]
1000682e:	42bb      	cmp	r3, r7
10006830:	d04d      	beq.n	100068ce <cdcd_xfer_cb+0xc2>
10006832:	2401      	movs	r4, #1
10006834:	0020      	movs	r0, r4
10006836:	b002      	add	sp, #8
10006838:	bc80      	pop	{r7}
1000683a:	46ba      	mov	sl, r7
1000683c:	bdf0      	pop	{r4, r5, r6, r7, pc}
1000683e:	25b2      	movs	r5, #178	; 0xb2
10006840:	00ad      	lsls	r5, r5, #2
10006842:	4365      	muls	r5, r4
10006844:	4b39      	ldr	r3, [pc, #228]	; (1000692c <cdcd_xfer_cb+0x120>)
10006846:	18ed      	adds	r5, r5, r3
10006848:	78eb      	ldrb	r3, [r5, #3]
1000684a:	42bb      	cmp	r3, r7
1000684c:	d0e8      	beq.n	10006820 <cdcd_xfer_cb+0x14>
1000684e:	78ab      	ldrb	r3, [r5, #2]
10006850:	42bb      	cmp	r3, r7
10006852:	d0e5      	beq.n	10006820 <cdcd_xfer_cb+0x14>
10006854:	3401      	adds	r4, #1
10006856:	b2e4      	uxtb	r4, r4
10006858:	e7e0      	b.n	1000681c <cdcd_xfer_cb+0x10>
1000685a:	2310      	movs	r3, #16
1000685c:	469a      	mov	sl, r3
1000685e:	44aa      	add	sl, r5
10006860:	2392      	movs	r3, #146	; 0x92
10006862:	009b      	lsls	r3, r3, #2
10006864:	18e9      	adds	r1, r5, r3
10006866:	466b      	mov	r3, sp
10006868:	881a      	ldrh	r2, [r3, #0]
1000686a:	4650      	mov	r0, sl
1000686c:	f000 fc44 	bl	100070f8 <tu_fifo_write_n>
10006870:	4b2f      	ldr	r3, [pc, #188]	; (10006930 <cdcd_xfer_cb+0x124>)
10006872:	2b00      	cmp	r3, #0
10006874:	d01b      	beq.n	100068ae <cdcd_xfer_cb+0xa2>
10006876:	796b      	ldrb	r3, [r5, #5]
10006878:	2bff      	cmp	r3, #255	; 0xff
1000687a:	d018      	beq.n	100068ae <cdcd_xfer_cb+0xa2>
1000687c:	2600      	movs	r6, #0
1000687e:	e000      	b.n	10006882 <cdcd_xfer_cb+0x76>
10006880:	3601      	adds	r6, #1
10006882:	9b00      	ldr	r3, [sp, #0]
10006884:	429e      	cmp	r6, r3
10006886:	d212      	bcs.n	100068ae <cdcd_xfer_cb+0xa2>
10006888:	796a      	ldrb	r2, [r5, #5]
1000688a:	19ab      	adds	r3, r5, r6
1000688c:	2192      	movs	r1, #146	; 0x92
1000688e:	0089      	lsls	r1, r1, #2
10006890:	468c      	mov	ip, r1
10006892:	4463      	add	r3, ip
10006894:	781b      	ldrb	r3, [r3, #0]
10006896:	429a      	cmp	r2, r3
10006898:	d1f2      	bne.n	10006880 <cdcd_xfer_cb+0x74>
1000689a:	4650      	mov	r0, sl
1000689c:	f000 fba2 	bl	10006fe4 <tu_fifo_empty>
100068a0:	2800      	cmp	r0, #0
100068a2:	d1ed      	bne.n	10006880 <cdcd_xfer_cb+0x74>
100068a4:	7969      	ldrb	r1, [r5, #5]
100068a6:	0020      	movs	r0, r4
100068a8:	e000      	b.n	100068ac <cdcd_xfer_cb+0xa0>
100068aa:	bf00      	nop
100068ac:	e7e8      	b.n	10006880 <cdcd_xfer_cb+0x74>
100068ae:	4b21      	ldr	r3, [pc, #132]	; (10006934 <cdcd_xfer_cb+0x128>)
100068b0:	2b00      	cmp	r3, #0
100068b2:	d004      	beq.n	100068be <cdcd_xfer_cb+0xb2>
100068b4:	4650      	mov	r0, sl
100068b6:	f000 fb95 	bl	10006fe4 <tu_fifo_empty>
100068ba:	2800      	cmp	r0, #0
100068bc:	d003      	beq.n	100068c6 <cdcd_xfer_cb+0xba>
100068be:	0028      	movs	r0, r5
100068c0:	f7ff fd36 	bl	10006330 <_prep_out_transaction>
100068c4:	e7b2      	b.n	1000682c <cdcd_xfer_cb+0x20>
100068c6:	0020      	movs	r0, r4
100068c8:	f7fe fa86 	bl	10004dd8 <tud_cdc_rx_cb>
100068cc:	e7f7      	b.n	100068be <cdcd_xfer_cb+0xb2>
100068ce:	4b1a      	ldr	r3, [pc, #104]	; (10006938 <cdcd_xfer_cb+0x12c>)
100068d0:	2b00      	cmp	r3, #0
100068d2:	d002      	beq.n	100068da <cdcd_xfer_cb+0xce>
100068d4:	0020      	movs	r0, r4
100068d6:	e000      	b.n	100068da <cdcd_xfer_cb+0xce>
100068d8:	bf00      	nop
100068da:	0020      	movs	r0, r4
100068dc:	f7ff fd90 	bl	10006400 <tud_cdc_n_write_flush>
100068e0:	2800      	cmp	r0, #0
100068e2:	d001      	beq.n	100068e8 <cdcd_xfer_cb+0xdc>
100068e4:	2401      	movs	r4, #1
100068e6:	e7a5      	b.n	10006834 <cdcd_xfer_cb+0x28>
100068e8:	0028      	movs	r0, r5
100068ea:	3024      	adds	r0, #36	; 0x24
100068ec:	f000 fb65 	bl	10006fba <tu_fifo_count>
100068f0:	2800      	cmp	r0, #0
100068f2:	d117      	bne.n	10006924 <cdcd_xfer_cb+0x118>
100068f4:	9b00      	ldr	r3, [sp, #0]
100068f6:	2b00      	cmp	r3, #0
100068f8:	d016      	beq.n	10006928 <cdcd_xfer_cb+0x11c>
100068fa:	069b      	lsls	r3, r3, #26
100068fc:	d001      	beq.n	10006902 <cdcd_xfer_cb+0xf6>
100068fe:	2401      	movs	r4, #1
10006900:	e798      	b.n	10006834 <cdcd_xfer_cb+0x28>
10006902:	78a9      	ldrb	r1, [r5, #2]
10006904:	9801      	ldr	r0, [sp, #4]
10006906:	f7ff f8b9 	bl	10005a7c <usbd_edpt_claim>
1000690a:	1e04      	subs	r4, r0, #0
1000690c:	d101      	bne.n	10006912 <cdcd_xfer_cb+0x106>
1000690e:	2401      	movs	r4, #1
10006910:	e790      	b.n	10006834 <cdcd_xfer_cb+0x28>
10006912:	78a9      	ldrb	r1, [r5, #2]
10006914:	2300      	movs	r3, #0
10006916:	2200      	movs	r2, #0
10006918:	9801      	ldr	r0, [sp, #4]
1000691a:	f7ff f8d7 	bl	10005acc <usbd_edpt_xfer>
1000691e:	e789      	b.n	10006834 <cdcd_xfer_cb+0x28>
10006920:	2400      	movs	r4, #0
10006922:	e787      	b.n	10006834 <cdcd_xfer_cb+0x28>
10006924:	2401      	movs	r4, #1
10006926:	e785      	b.n	10006834 <cdcd_xfer_cb+0x28>
10006928:	2401      	movs	r4, #1
1000692a:	e783      	b.n	10006834 <cdcd_xfer_cb+0x28>
1000692c:	20000e18 	.word	0x20000e18
10006930:	00000000 	.word	0x00000000
10006934:	10004dd9 	.word	0x10004dd9
10006938:	00000000 	.word	0x00000000

1000693c <tusb_init>:
1000693c:	b510      	push	{r4, lr}
1000693e:	2000      	movs	r0, #0
10006940:	f7fe ffd4 	bl	100058ec <tud_init>
10006944:	bd10      	pop	{r4, pc}

10006946 <tusb_inited>:
10006946:	b510      	push	{r4, lr}
10006948:	f7fe ffc6 	bl	100058d8 <tud_inited>
1000694c:	2800      	cmp	r0, #0
1000694e:	d000      	beq.n	10006952 <tusb_inited+0xc>
10006950:	2001      	movs	r0, #1
10006952:	bd10      	pop	{r4, pc}

10006954 <tu_edpt_claim>:
10006954:	b570      	push	{r4, r5, r6, lr}
10006956:	0004      	movs	r4, r0
10006958:	000d      	movs	r5, r1
1000695a:	7803      	ldrb	r3, [r0, #0]
1000695c:	07db      	lsls	r3, r3, #31
1000695e:	0fde      	lsrs	r6, r3, #31
10006960:	2b00      	cmp	r3, #0
10006962:	d11c      	bne.n	1000699e <tu_edpt_claim+0x4a>
10006964:	7803      	ldrb	r3, [r0, #0]
10006966:	075b      	lsls	r3, r3, #29
10006968:	d41a      	bmi.n	100069a0 <tu_edpt_claim+0x4c>
1000696a:	2101      	movs	r1, #1
1000696c:	4249      	negs	r1, r1
1000696e:	0028      	movs	r0, r5
10006970:	f002 fa26 	bl	10008dc0 <__mutex_enter_timeout_ms_veneer>
10006974:	7823      	ldrb	r3, [r4, #0]
10006976:	07db      	lsls	r3, r3, #31
10006978:	d404      	bmi.n	10006984 <tu_edpt_claim+0x30>
1000697a:	7823      	ldrb	r3, [r4, #0]
1000697c:	075b      	lsls	r3, r3, #29
1000697e:	d50c      	bpl.n	1000699a <tu_edpt_claim+0x46>
10006980:	2600      	movs	r6, #0
10006982:	e000      	b.n	10006986 <tu_edpt_claim+0x32>
10006984:	2600      	movs	r6, #0
10006986:	2e00      	cmp	r6, #0
10006988:	d003      	beq.n	10006992 <tu_edpt_claim+0x3e>
1000698a:	7823      	ldrb	r3, [r4, #0]
1000698c:	2204      	movs	r2, #4
1000698e:	4313      	orrs	r3, r2
10006990:	7023      	strb	r3, [r4, #0]
10006992:	0028      	movs	r0, r5
10006994:	f002 f9ec 	bl	10008d70 <__mutex_exit_veneer>
10006998:	e002      	b.n	100069a0 <tu_edpt_claim+0x4c>
1000699a:	2601      	movs	r6, #1
1000699c:	e7f3      	b.n	10006986 <tu_edpt_claim+0x32>
1000699e:	2600      	movs	r6, #0
100069a0:	0030      	movs	r0, r6
100069a2:	bd70      	pop	{r4, r5, r6, pc}

100069a4 <tu_edpt_release>:
100069a4:	b570      	push	{r4, r5, r6, lr}
100069a6:	0004      	movs	r4, r0
100069a8:	000e      	movs	r6, r1
100069aa:	2101      	movs	r1, #1
100069ac:	4249      	negs	r1, r1
100069ae:	0030      	movs	r0, r6
100069b0:	f002 fa06 	bl	10008dc0 <__mutex_enter_timeout_ms_veneer>
100069b4:	7823      	ldrb	r3, [r4, #0]
100069b6:	075b      	lsls	r3, r3, #29
100069b8:	d40b      	bmi.n	100069d2 <tu_edpt_release+0x2e>
100069ba:	2500      	movs	r5, #0
100069bc:	2d00      	cmp	r5, #0
100069be:	d003      	beq.n	100069c8 <tu_edpt_release+0x24>
100069c0:	7823      	ldrb	r3, [r4, #0]
100069c2:	2204      	movs	r2, #4
100069c4:	4393      	bics	r3, r2
100069c6:	7023      	strb	r3, [r4, #0]
100069c8:	0030      	movs	r0, r6
100069ca:	f002 f9d1 	bl	10008d70 <__mutex_exit_veneer>
100069ce:	0028      	movs	r0, r5
100069d0:	bd70      	pop	{r4, r5, r6, pc}
100069d2:	7823      	ldrb	r3, [r4, #0]
100069d4:	07db      	lsls	r3, r3, #31
100069d6:	d501      	bpl.n	100069dc <tu_edpt_release+0x38>
100069d8:	2500      	movs	r5, #0
100069da:	e7ef      	b.n	100069bc <tu_edpt_release+0x18>
100069dc:	2501      	movs	r5, #1
100069de:	e7ed      	b.n	100069bc <tu_edpt_release+0x18>

100069e0 <tu_edpt_validate>:
100069e0:	b510      	push	{r4, lr}
100069e2:	7904      	ldrb	r4, [r0, #4]
100069e4:	7943      	ldrb	r3, [r0, #5]
100069e6:	021b      	lsls	r3, r3, #8
100069e8:	4323      	orrs	r3, r4
100069ea:	055b      	lsls	r3, r3, #21
100069ec:	0d5b      	lsrs	r3, r3, #21
100069ee:	78c2      	ldrb	r2, [r0, #3]
100069f0:	0792      	lsls	r2, r2, #30
100069f2:	0f92      	lsrs	r2, r2, #30
100069f4:	2a02      	cmp	r2, #2
100069f6:	d00f      	beq.n	10006a18 <tu_edpt_validate+0x38>
100069f8:	2a03      	cmp	r2, #3
100069fa:	d019      	beq.n	10006a30 <tu_edpt_validate+0x50>
100069fc:	2a01      	cmp	r2, #1
100069fe:	d001      	beq.n	10006a04 <tu_edpt_validate+0x24>
10006a00:	2000      	movs	r0, #0
10006a02:	bd10      	pop	{r4, pc}
10006a04:	2902      	cmp	r1, #2
10006a06:	d004      	beq.n	10006a12 <tu_edpt_validate+0x32>
10006a08:	4a12      	ldr	r2, [pc, #72]	; (10006a54 <tu_edpt_validate+0x74>)
10006a0a:	429a      	cmp	r2, r3
10006a0c:	d31a      	bcc.n	10006a44 <tu_edpt_validate+0x64>
10006a0e:	2001      	movs	r0, #1
10006a10:	e7f7      	b.n	10006a02 <tu_edpt_validate+0x22>
10006a12:	2280      	movs	r2, #128	; 0x80
10006a14:	00d2      	lsls	r2, r2, #3
10006a16:	e7f8      	b.n	10006a0a <tu_edpt_validate+0x2a>
10006a18:	2902      	cmp	r1, #2
10006a1a:	d003      	beq.n	10006a24 <tu_edpt_validate+0x44>
10006a1c:	2b40      	cmp	r3, #64	; 0x40
10006a1e:	d815      	bhi.n	10006a4c <tu_edpt_validate+0x6c>
10006a20:	2001      	movs	r0, #1
10006a22:	e7ee      	b.n	10006a02 <tu_edpt_validate+0x22>
10006a24:	2280      	movs	r2, #128	; 0x80
10006a26:	0092      	lsls	r2, r2, #2
10006a28:	4293      	cmp	r3, r2
10006a2a:	d10d      	bne.n	10006a48 <tu_edpt_validate+0x68>
10006a2c:	2001      	movs	r0, #1
10006a2e:	e7e8      	b.n	10006a02 <tu_edpt_validate+0x22>
10006a30:	2902      	cmp	r1, #2
10006a32:	d004      	beq.n	10006a3e <tu_edpt_validate+0x5e>
10006a34:	2240      	movs	r2, #64	; 0x40
10006a36:	429a      	cmp	r2, r3
10006a38:	d30a      	bcc.n	10006a50 <tu_edpt_validate+0x70>
10006a3a:	2001      	movs	r0, #1
10006a3c:	e7e1      	b.n	10006a02 <tu_edpt_validate+0x22>
10006a3e:	2280      	movs	r2, #128	; 0x80
10006a40:	00d2      	lsls	r2, r2, #3
10006a42:	e7f8      	b.n	10006a36 <tu_edpt_validate+0x56>
10006a44:	2000      	movs	r0, #0
10006a46:	e7dc      	b.n	10006a02 <tu_edpt_validate+0x22>
10006a48:	2000      	movs	r0, #0
10006a4a:	e7da      	b.n	10006a02 <tu_edpt_validate+0x22>
10006a4c:	2000      	movs	r0, #0
10006a4e:	e7d8      	b.n	10006a02 <tu_edpt_validate+0x22>
10006a50:	2000      	movs	r0, #0
10006a52:	e7d6      	b.n	10006a02 <tu_edpt_validate+0x22>
10006a54:	000003ff 	.word	0x000003ff

10006a58 <tu_edpt_bind_driver>:
10006a58:	b530      	push	{r4, r5, lr}
10006a5a:	188a      	adds	r2, r1, r2
10006a5c:	e001      	b.n	10006a62 <tu_edpt_bind_driver+0xa>
10006a5e:	780c      	ldrb	r4, [r1, #0]
10006a60:	1909      	adds	r1, r1, r4
10006a62:	4291      	cmp	r1, r2
10006a64:	d20a      	bcs.n	10006a7c <tu_edpt_bind_driver+0x24>
10006a66:	784c      	ldrb	r4, [r1, #1]
10006a68:	2c05      	cmp	r4, #5
10006a6a:	d1f8      	bne.n	10006a5e <tu_edpt_bind_driver+0x6>
10006a6c:	788d      	ldrb	r5, [r1, #2]
10006a6e:	347a      	adds	r4, #122	; 0x7a
10006a70:	402c      	ands	r4, r5
10006a72:	0064      	lsls	r4, r4, #1
10006a74:	1904      	adds	r4, r0, r4
10006a76:	09ed      	lsrs	r5, r5, #7
10006a78:	5563      	strb	r3, [r4, r5]
10006a7a:	e7f0      	b.n	10006a5e <tu_edpt_bind_driver+0x6>
10006a7c:	bd30      	pop	{r4, r5, pc}

10006a7e <advance_index>:
10006a7e:	0003      	movs	r3, r0
10006a80:	188a      	adds	r2, r1, r2
10006a82:	b290      	uxth	r0, r2
10006a84:	4281      	cmp	r1, r0
10006a86:	d802      	bhi.n	10006a8e <advance_index+0x10>
10006a88:	005a      	lsls	r2, r3, #1
10006a8a:	4290      	cmp	r0, r2
10006a8c:	db03      	blt.n	10006a96 <advance_index+0x18>
10006a8e:	005b      	lsls	r3, r3, #1
10006a90:	b29b      	uxth	r3, r3
10006a92:	1ac0      	subs	r0, r0, r3
10006a94:	b280      	uxth	r0, r0
10006a96:	4770      	bx	lr

10006a98 <_tu_fifo_peek>:
10006a98:	b570      	push	{r4, r5, r6, lr}
10006a9a:	0005      	movs	r5, r0
10006a9c:	0008      	movs	r0, r1
10006a9e:	88ac      	ldrh	r4, [r5, #4]
10006aa0:	429a      	cmp	r2, r3
10006aa2:	d30b      	bcc.n	10006abc <_tu_fifo_peek+0x24>
10006aa4:	1ad1      	subs	r1, r2, r3
10006aa6:	b289      	uxth	r1, r1
10006aa8:	2900      	cmp	r1, #0
10006aaa:	d01e      	beq.n	10006aea <_tu_fifo_peek+0x52>
10006aac:	428c      	cmp	r4, r1
10006aae:	d210      	bcs.n	10006ad2 <_tu_fifo_peek+0x3a>
10006ab0:	4294      	cmp	r4, r2
10006ab2:	d809      	bhi.n	10006ac8 <_tu_fifo_peek+0x30>
10006ab4:	1b13      	subs	r3, r2, r4
10006ab6:	b29b      	uxth	r3, r3
10006ab8:	816b      	strh	r3, [r5, #10]
10006aba:	e00a      	b.n	10006ad2 <_tu_fifo_peek+0x3a>
10006abc:	1ad1      	subs	r1, r2, r3
10006abe:	b289      	uxth	r1, r1
10006ac0:	0066      	lsls	r6, r4, #1
10006ac2:	1989      	adds	r1, r1, r6
10006ac4:	b289      	uxth	r1, r1
10006ac6:	e7ef      	b.n	10006aa8 <_tu_fifo_peek+0x10>
10006ac8:	18a2      	adds	r2, r4, r2
10006aca:	b293      	uxth	r3, r2
10006acc:	e7f4      	b.n	10006ab8 <_tu_fifo_peek+0x20>
10006ace:	1b1b      	subs	r3, r3, r4
10006ad0:	b29b      	uxth	r3, r3
10006ad2:	429c      	cmp	r4, r3
10006ad4:	d9fb      	bls.n	10006ace <_tu_fifo_peek+0x36>
10006ad6:	6829      	ldr	r1, [r5, #0]
10006ad8:	88ea      	ldrh	r2, [r5, #6]
10006ada:	0452      	lsls	r2, r2, #17
10006adc:	0c52      	lsrs	r2, r2, #17
10006ade:	4353      	muls	r3, r2
10006ae0:	18c9      	adds	r1, r1, r3
10006ae2:	f7fd fddd 	bl	100046a0 <__wrap___aeabi_memcpy>
10006ae6:	2001      	movs	r0, #1
10006ae8:	bd70      	pop	{r4, r5, r6, pc}
10006aea:	2000      	movs	r0, #0
10006aec:	e7fc      	b.n	10006ae8 <_tu_fifo_peek+0x50>

10006aee <_ff_pull_const_addr>:
10006aee:	b5f0      	push	{r4, r5, r6, r7, lr}
10006af0:	b083      	sub	sp, #12
10006af2:	0006      	movs	r6, r0
10006af4:	0893      	lsrs	r3, r2, #2
10006af6:	e00c      	b.n	10006b12 <_ff_pull_const_addr+0x24>
10006af8:	780b      	ldrb	r3, [r1, #0]
10006afa:	784d      	ldrb	r5, [r1, #1]
10006afc:	022d      	lsls	r5, r5, #8
10006afe:	431d      	orrs	r5, r3
10006b00:	788c      	ldrb	r4, [r1, #2]
10006b02:	0424      	lsls	r4, r4, #16
10006b04:	4325      	orrs	r5, r4
10006b06:	78cb      	ldrb	r3, [r1, #3]
10006b08:	061b      	lsls	r3, r3, #24
10006b0a:	432b      	orrs	r3, r5
10006b0c:	6033      	str	r3, [r6, #0]
10006b0e:	3104      	adds	r1, #4
10006b10:	003b      	movs	r3, r7
10006b12:	1e5f      	subs	r7, r3, #1
10006b14:	b2bf      	uxth	r7, r7
10006b16:	2b00      	cmp	r3, #0
10006b18:	d1ee      	bne.n	10006af8 <_ff_pull_const_addr+0xa>
10006b1a:	3303      	adds	r3, #3
10006b1c:	0010      	movs	r0, r2
10006b1e:	4018      	ands	r0, r3
10006b20:	421a      	tst	r2, r3
10006b22:	d101      	bne.n	10006b28 <_ff_pull_const_addr+0x3a>
10006b24:	b003      	add	sp, #12
10006b26:	bdf0      	pop	{r4, r5, r6, r7, pc}
10006b28:	2300      	movs	r3, #0
10006b2a:	9301      	str	r3, [sp, #4]
10006b2c:	0002      	movs	r2, r0
10006b2e:	a801      	add	r0, sp, #4
10006b30:	f7fd fdb6 	bl	100046a0 <__wrap___aeabi_memcpy>
10006b34:	9b01      	ldr	r3, [sp, #4]
10006b36:	6033      	str	r3, [r6, #0]
10006b38:	e7f4      	b.n	10006b24 <_ff_pull_const_addr+0x36>

10006b3a <_ff_pull_n>:
10006b3a:	b5f0      	push	{r4, r5, r6, r7, lr}
10006b3c:	46de      	mov	lr, fp
10006b3e:	4657      	mov	r7, sl
10006b40:	464e      	mov	r6, r9
10006b42:	4645      	mov	r5, r8
10006b44:	b5e0      	push	{r5, r6, r7, lr}
10006b46:	b083      	sub	sp, #12
10006b48:	0005      	movs	r5, r0
10006b4a:	468a      	mov	sl, r1
10006b4c:	a90c      	add	r1, sp, #48	; 0x30
10006b4e:	7809      	ldrb	r1, [r1, #0]
10006b50:	8884      	ldrh	r4, [r0, #4]
10006b52:	1ae0      	subs	r0, r4, r3
10006b54:	b280      	uxth	r0, r0
10006b56:	1b1c      	subs	r4, r3, r4
10006b58:	1914      	adds	r4, r2, r4
10006b5a:	b2a4      	uxth	r4, r4
10006b5c:	88ef      	ldrh	r7, [r5, #6]
10006b5e:	047f      	lsls	r7, r7, #17
10006b60:	0c7e      	lsrs	r6, r7, #17
10006b62:	0007      	movs	r7, r0
10006b64:	4377      	muls	r7, r6
10006b66:	b2bf      	uxth	r7, r7
10006b68:	4374      	muls	r4, r6
10006b6a:	b2a4      	uxth	r4, r4
10006b6c:	46a3      	mov	fp, r4
10006b6e:	4373      	muls	r3, r6
10006b70:	682c      	ldr	r4, [r5, #0]
10006b72:	46a0      	mov	r8, r4
10006b74:	4498      	add	r8, r3
10006b76:	2900      	cmp	r1, #0
10006b78:	d008      	beq.n	10006b8c <_ff_pull_n+0x52>
10006b7a:	2901      	cmp	r1, #1
10006b7c:	d01a      	beq.n	10006bb4 <_ff_pull_n+0x7a>
10006b7e:	b003      	add	sp, #12
10006b80:	bcf0      	pop	{r4, r5, r6, r7}
10006b82:	46bb      	mov	fp, r7
10006b84:	46b2      	mov	sl, r6
10006b86:	46a9      	mov	r9, r5
10006b88:	46a0      	mov	r8, r4
10006b8a:	bdf0      	pop	{r4, r5, r6, r7, pc}
10006b8c:	4290      	cmp	r0, r2
10006b8e:	d305      	bcc.n	10006b9c <_ff_pull_n+0x62>
10006b90:	4372      	muls	r2, r6
10006b92:	4641      	mov	r1, r8
10006b94:	4650      	mov	r0, sl
10006b96:	f7fd fd83 	bl	100046a0 <__wrap___aeabi_memcpy>
10006b9a:	e7f0      	b.n	10006b7e <_ff_pull_n+0x44>
10006b9c:	003a      	movs	r2, r7
10006b9e:	4641      	mov	r1, r8
10006ba0:	4650      	mov	r0, sl
10006ba2:	f7fd fd7d 	bl	100046a0 <__wrap___aeabi_memcpy>
10006ba6:	6829      	ldr	r1, [r5, #0]
10006ba8:	0038      	movs	r0, r7
10006baa:	4450      	add	r0, sl
10006bac:	465a      	mov	r2, fp
10006bae:	f7fd fd77 	bl	100046a0 <__wrap___aeabi_memcpy>
10006bb2:	e7e4      	b.n	10006b7e <_ff_pull_n+0x44>
10006bb4:	4290      	cmp	r0, r2
10006bb6:	d306      	bcc.n	10006bc6 <_ff_pull_n+0x8c>
10006bb8:	4372      	muls	r2, r6
10006bba:	b292      	uxth	r2, r2
10006bbc:	4641      	mov	r1, r8
10006bbe:	4650      	mov	r0, sl
10006bc0:	f7ff ff95 	bl	10006aee <_ff_pull_const_addr>
10006bc4:	e7db      	b.n	10006b7e <_ff_pull_n+0x44>
10006bc6:	2303      	movs	r3, #3
10006bc8:	003a      	movs	r2, r7
10006bca:	439a      	bics	r2, r3
10006bcc:	4691      	mov	r9, r2
10006bce:	4641      	mov	r1, r8
10006bd0:	4650      	mov	r0, sl
10006bd2:	f7ff ff8c 	bl	10006aee <_ff_pull_const_addr>
10006bd6:	4643      	mov	r3, r8
10006bd8:	444b      	add	r3, r9
10006bda:	2103      	movs	r1, #3
10006bdc:	003a      	movs	r2, r7
10006bde:	400a      	ands	r2, r1
10006be0:	420f      	tst	r7, r1
10006be2:	d030      	beq.n	10006c46 <_ff_pull_n+0x10c>
10006be4:	2104      	movs	r1, #4
10006be6:	1a89      	subs	r1, r1, r2
10006be8:	b289      	uxth	r1, r1
10006bea:	1c08      	adds	r0, r1, #0
10006bec:	4559      	cmp	r1, fp
10006bee:	d900      	bls.n	10006bf2 <_ff_pull_n+0xb8>
10006bf0:	4658      	mov	r0, fp
10006bf2:	b2c7      	uxtb	r7, r0
10006bf4:	21ff      	movs	r1, #255	; 0xff
10006bf6:	4001      	ands	r1, r0
10006bf8:	4658      	mov	r0, fp
10006bfa:	1a44      	subs	r4, r0, r1
10006bfc:	b2a1      	uxth	r1, r4
10006bfe:	468b      	mov	fp, r1
10006c00:	2100      	movs	r1, #0
10006c02:	9101      	str	r1, [sp, #4]
10006c04:	a801      	add	r0, sp, #4
10006c06:	e004      	b.n	10006c12 <_ff_pull_n+0xd8>
10006c08:	781a      	ldrb	r2, [r3, #0]
10006c0a:	7002      	strb	r2, [r0, #0]
10006c0c:	3001      	adds	r0, #1
10006c0e:	000a      	movs	r2, r1
10006c10:	3301      	adds	r3, #1
10006c12:	1e51      	subs	r1, r2, #1
10006c14:	b2c9      	uxtb	r1, r1
10006c16:	2a00      	cmp	r2, #0
10006c18:	d1f6      	bne.n	10006c08 <_ff_pull_n+0xce>
10006c1a:	6829      	ldr	r1, [r5, #0]
10006c1c:	e004      	b.n	10006c28 <_ff_pull_n+0xee>
10006c1e:	780a      	ldrb	r2, [r1, #0]
10006c20:	7002      	strb	r2, [r0, #0]
10006c22:	3001      	adds	r0, #1
10006c24:	001f      	movs	r7, r3
10006c26:	3101      	adds	r1, #1
10006c28:	1e7b      	subs	r3, r7, #1
10006c2a:	b2db      	uxtb	r3, r3
10006c2c:	2f00      	cmp	r7, #0
10006c2e:	d1f6      	bne.n	10006c1e <_ff_pull_n+0xe4>
10006c30:	4653      	mov	r3, sl
10006c32:	9a01      	ldr	r2, [sp, #4]
10006c34:	601a      	str	r2, [r3, #0]
10006c36:	465b      	mov	r3, fp
10006c38:	2b00      	cmp	r3, #0
10006c3a:	d0a0      	beq.n	10006b7e <_ff_pull_n+0x44>
10006c3c:	465a      	mov	r2, fp
10006c3e:	4650      	mov	r0, sl
10006c40:	f7ff ff55 	bl	10006aee <_ff_pull_const_addr>
10006c44:	e79b      	b.n	10006b7e <_ff_pull_n+0x44>
10006c46:	6829      	ldr	r1, [r5, #0]
10006c48:	e7f5      	b.n	10006c36 <_ff_pull_n+0xfc>

10006c4a <_tu_fifo_peek_n>:
10006c4a:	b5f0      	push	{r4, r5, r6, r7, lr}
10006c4c:	46c6      	mov	lr, r8
10006c4e:	b500      	push	{lr}
10006c50:	b082      	sub	sp, #8
10006c52:	001e      	movs	r6, r3
10006c54:	ab08      	add	r3, sp, #32
10006c56:	881b      	ldrh	r3, [r3, #0]
10006c58:	ac09      	add	r4, sp, #36	; 0x24
10006c5a:	7827      	ldrb	r7, [r4, #0]
10006c5c:	8884      	ldrh	r4, [r0, #4]
10006c5e:	429e      	cmp	r6, r3
10006c60:	d30f      	bcc.n	10006c82 <_tu_fifo_peek_n+0x38>
10006c62:	1af5      	subs	r5, r6, r3
10006c64:	b2ad      	uxth	r5, r5
10006c66:	2d00      	cmp	r5, #0
10006c68:	d01f      	beq.n	10006caa <_tu_fifo_peek_n+0x60>
10006c6a:	42ac      	cmp	r4, r5
10006c6c:	d205      	bcs.n	10006c7a <_tu_fifo_peek_n+0x30>
10006c6e:	42b4      	cmp	r4, r6
10006c70:	d810      	bhi.n	10006c94 <_tu_fifo_peek_n+0x4a>
10006c72:	1b33      	subs	r3, r6, r4
10006c74:	b29b      	uxth	r3, r3
10006c76:	8143      	strh	r3, [r0, #10]
10006c78:	0025      	movs	r5, r4
10006c7a:	4295      	cmp	r5, r2
10006c7c:	d30f      	bcc.n	10006c9e <_tu_fifo_peek_n+0x54>
10006c7e:	0015      	movs	r5, r2
10006c80:	e00d      	b.n	10006c9e <_tu_fifo_peek_n+0x54>
10006c82:	1af5      	subs	r5, r6, r3
10006c84:	b2ad      	uxth	r5, r5
10006c86:	46a8      	mov	r8, r5
10006c88:	0065      	lsls	r5, r4, #1
10006c8a:	46ac      	mov	ip, r5
10006c8c:	4645      	mov	r5, r8
10006c8e:	4465      	add	r5, ip
10006c90:	b2ad      	uxth	r5, r5
10006c92:	e7e8      	b.n	10006c66 <_tu_fifo_peek_n+0x1c>
10006c94:	19a6      	adds	r6, r4, r6
10006c96:	b2b3      	uxth	r3, r6
10006c98:	e7ed      	b.n	10006c76 <_tu_fifo_peek_n+0x2c>
10006c9a:	1b1b      	subs	r3, r3, r4
10006c9c:	b29b      	uxth	r3, r3
10006c9e:	429c      	cmp	r4, r3
10006ca0:	d9fb      	bls.n	10006c9a <_tu_fifo_peek_n+0x50>
10006ca2:	9700      	str	r7, [sp, #0]
10006ca4:	002a      	movs	r2, r5
10006ca6:	f7ff ff48 	bl	10006b3a <_ff_pull_n>
10006caa:	0028      	movs	r0, r5
10006cac:	b002      	add	sp, #8
10006cae:	bc80      	pop	{r7}
10006cb0:	46b8      	mov	r8, r7
10006cb2:	bdf0      	pop	{r4, r5, r6, r7, pc}

10006cb4 <_tu_fifo_read_n>:
10006cb4:	b5f0      	push	{r4, r5, r6, r7, lr}
10006cb6:	b083      	sub	sp, #12
10006cb8:	0004      	movs	r4, r0
10006cba:	000d      	movs	r5, r1
10006cbc:	0016      	movs	r6, r2
10006cbe:	001f      	movs	r7, r3
10006cc0:	6900      	ldr	r0, [r0, #16]
10006cc2:	2800      	cmp	r0, #0
10006cc4:	d003      	beq.n	10006cce <_tu_fifo_read_n+0x1a>
10006cc6:	2101      	movs	r1, #1
10006cc8:	4249      	negs	r1, r1
10006cca:	f002 f879 	bl	10008dc0 <__mutex_enter_timeout_ms_veneer>
10006cce:	8923      	ldrh	r3, [r4, #8]
10006cd0:	b29b      	uxth	r3, r3
10006cd2:	8962      	ldrh	r2, [r4, #10]
10006cd4:	9701      	str	r7, [sp, #4]
10006cd6:	9200      	str	r2, [sp, #0]
10006cd8:	0032      	movs	r2, r6
10006cda:	0029      	movs	r1, r5
10006cdc:	0020      	movs	r0, r4
10006cde:	f7ff ffb4 	bl	10006c4a <_tu_fifo_peek_n>
10006ce2:	0005      	movs	r5, r0
10006ce4:	8961      	ldrh	r1, [r4, #10]
10006ce6:	b289      	uxth	r1, r1
10006ce8:	88a0      	ldrh	r0, [r4, #4]
10006cea:	002a      	movs	r2, r5
10006cec:	f7ff fec7 	bl	10006a7e <advance_index>
10006cf0:	8160      	strh	r0, [r4, #10]
10006cf2:	6920      	ldr	r0, [r4, #16]
10006cf4:	2800      	cmp	r0, #0
10006cf6:	d001      	beq.n	10006cfc <_tu_fifo_read_n+0x48>
10006cf8:	f002 f83a 	bl	10008d70 <__mutex_exit_veneer>
10006cfc:	0028      	movs	r0, r5
10006cfe:	b003      	add	sp, #12
10006d00:	bdf0      	pop	{r4, r5, r6, r7, pc}

10006d02 <_ff_push_const_addr>:
10006d02:	b570      	push	{r4, r5, r6, lr}
10006d04:	b082      	sub	sp, #8
10006d06:	0016      	movs	r6, r2
10006d08:	0895      	lsrs	r5, r2, #2
10006d0a:	e009      	b.n	10006d20 <_ff_push_const_addr+0x1e>
10006d0c:	680b      	ldr	r3, [r1, #0]
10006d0e:	7003      	strb	r3, [r0, #0]
10006d10:	0a1d      	lsrs	r5, r3, #8
10006d12:	7045      	strb	r5, [r0, #1]
10006d14:	0c1d      	lsrs	r5, r3, #16
10006d16:	7085      	strb	r5, [r0, #2]
10006d18:	0e1b      	lsrs	r3, r3, #24
10006d1a:	70c3      	strb	r3, [r0, #3]
10006d1c:	3004      	adds	r0, #4
10006d1e:	0025      	movs	r5, r4
10006d20:	1e6c      	subs	r4, r5, #1
10006d22:	b2a4      	uxth	r4, r4
10006d24:	2d00      	cmp	r5, #0
10006d26:	d1f1      	bne.n	10006d0c <_ff_push_const_addr+0xa>
10006d28:	2303      	movs	r3, #3
10006d2a:	0032      	movs	r2, r6
10006d2c:	401a      	ands	r2, r3
10006d2e:	421e      	tst	r6, r3
10006d30:	d101      	bne.n	10006d36 <_ff_push_const_addr+0x34>
10006d32:	b002      	add	sp, #8
10006d34:	bd70      	pop	{r4, r5, r6, pc}
10006d36:	680b      	ldr	r3, [r1, #0]
10006d38:	9301      	str	r3, [sp, #4]
10006d3a:	a901      	add	r1, sp, #4
10006d3c:	f7fd fcb0 	bl	100046a0 <__wrap___aeabi_memcpy>
10006d40:	e7f7      	b.n	10006d32 <_ff_push_const_addr+0x30>

10006d42 <_ff_push_n>:
10006d42:	b5f0      	push	{r4, r5, r6, r7, lr}
10006d44:	46de      	mov	lr, fp
10006d46:	4657      	mov	r7, sl
10006d48:	464e      	mov	r6, r9
10006d4a:	4645      	mov	r5, r8
10006d4c:	b5e0      	push	{r5, r6, r7, lr}
10006d4e:	b083      	sub	sp, #12
10006d50:	0005      	movs	r5, r0
10006d52:	468a      	mov	sl, r1
10006d54:	a90c      	add	r1, sp, #48	; 0x30
10006d56:	7808      	ldrb	r0, [r1, #0]
10006d58:	88ac      	ldrh	r4, [r5, #4]
10006d5a:	1ae1      	subs	r1, r4, r3
10006d5c:	b289      	uxth	r1, r1
10006d5e:	1b1c      	subs	r4, r3, r4
10006d60:	1914      	adds	r4, r2, r4
10006d62:	b2a4      	uxth	r4, r4
10006d64:	88ef      	ldrh	r7, [r5, #6]
10006d66:	047f      	lsls	r7, r7, #17
10006d68:	0c7e      	lsrs	r6, r7, #17
10006d6a:	000f      	movs	r7, r1
10006d6c:	4377      	muls	r7, r6
10006d6e:	b2bf      	uxth	r7, r7
10006d70:	4374      	muls	r4, r6
10006d72:	b2a4      	uxth	r4, r4
10006d74:	46a3      	mov	fp, r4
10006d76:	4373      	muls	r3, r6
10006d78:	682c      	ldr	r4, [r5, #0]
10006d7a:	46a0      	mov	r8, r4
10006d7c:	4498      	add	r8, r3
10006d7e:	2800      	cmp	r0, #0
10006d80:	d008      	beq.n	10006d94 <_ff_push_n+0x52>
10006d82:	2801      	cmp	r0, #1
10006d84:	d01a      	beq.n	10006dbc <_ff_push_n+0x7a>
10006d86:	b003      	add	sp, #12
10006d88:	bcf0      	pop	{r4, r5, r6, r7}
10006d8a:	46bb      	mov	fp, r7
10006d8c:	46b2      	mov	sl, r6
10006d8e:	46a9      	mov	r9, r5
10006d90:	46a0      	mov	r8, r4
10006d92:	bdf0      	pop	{r4, r5, r6, r7, pc}
10006d94:	4291      	cmp	r1, r2
10006d96:	d305      	bcc.n	10006da4 <_ff_push_n+0x62>
10006d98:	4372      	muls	r2, r6
10006d9a:	4651      	mov	r1, sl
10006d9c:	4640      	mov	r0, r8
10006d9e:	f7fd fc7f 	bl	100046a0 <__wrap___aeabi_memcpy>
10006da2:	e7f0      	b.n	10006d86 <_ff_push_n+0x44>
10006da4:	003a      	movs	r2, r7
10006da6:	4651      	mov	r1, sl
10006da8:	4640      	mov	r0, r8
10006daa:	f7fd fc79 	bl	100046a0 <__wrap___aeabi_memcpy>
10006dae:	6828      	ldr	r0, [r5, #0]
10006db0:	0039      	movs	r1, r7
10006db2:	4451      	add	r1, sl
10006db4:	465a      	mov	r2, fp
10006db6:	f7fd fc73 	bl	100046a0 <__wrap___aeabi_memcpy>
10006dba:	e7e4      	b.n	10006d86 <_ff_push_n+0x44>
10006dbc:	4291      	cmp	r1, r2
10006dbe:	d306      	bcc.n	10006dce <_ff_push_n+0x8c>
10006dc0:	4372      	muls	r2, r6
10006dc2:	b292      	uxth	r2, r2
10006dc4:	4651      	mov	r1, sl
10006dc6:	4640      	mov	r0, r8
10006dc8:	f7ff ff9b 	bl	10006d02 <_ff_push_const_addr>
10006dcc:	e7db      	b.n	10006d86 <_ff_push_n+0x44>
10006dce:	2303      	movs	r3, #3
10006dd0:	003a      	movs	r2, r7
10006dd2:	439a      	bics	r2, r3
10006dd4:	4691      	mov	r9, r2
10006dd6:	4651      	mov	r1, sl
10006dd8:	4640      	mov	r0, r8
10006dda:	f7ff ff92 	bl	10006d02 <_ff_push_const_addr>
10006dde:	4643      	mov	r3, r8
10006de0:	444b      	add	r3, r9
10006de2:	2103      	movs	r1, #3
10006de4:	003a      	movs	r2, r7
10006de6:	400a      	ands	r2, r1
10006de8:	420f      	tst	r7, r1
10006dea:	d02e      	beq.n	10006e4a <_ff_push_n+0x108>
10006dec:	2104      	movs	r1, #4
10006dee:	1a89      	subs	r1, r1, r2
10006df0:	b289      	uxth	r1, r1
10006df2:	1c08      	adds	r0, r1, #0
10006df4:	4559      	cmp	r1, fp
10006df6:	d900      	bls.n	10006dfa <_ff_push_n+0xb8>
10006df8:	4658      	mov	r0, fp
10006dfa:	b2c7      	uxtb	r7, r0
10006dfc:	21ff      	movs	r1, #255	; 0xff
10006dfe:	4001      	ands	r1, r0
10006e00:	4658      	mov	r0, fp
10006e02:	1a44      	subs	r4, r0, r1
10006e04:	b2a1      	uxth	r1, r4
10006e06:	468b      	mov	fp, r1
10006e08:	4651      	mov	r1, sl
10006e0a:	6809      	ldr	r1, [r1, #0]
10006e0c:	9101      	str	r1, [sp, #4]
10006e0e:	a901      	add	r1, sp, #4
10006e10:	e004      	b.n	10006e1c <_ff_push_n+0xda>
10006e12:	780a      	ldrb	r2, [r1, #0]
10006e14:	701a      	strb	r2, [r3, #0]
10006e16:	3101      	adds	r1, #1
10006e18:	0002      	movs	r2, r0
10006e1a:	3301      	adds	r3, #1
10006e1c:	1e50      	subs	r0, r2, #1
10006e1e:	b2c0      	uxtb	r0, r0
10006e20:	2a00      	cmp	r2, #0
10006e22:	d1f6      	bne.n	10006e12 <_ff_push_n+0xd0>
10006e24:	6828      	ldr	r0, [r5, #0]
10006e26:	e004      	b.n	10006e32 <_ff_push_n+0xf0>
10006e28:	780a      	ldrb	r2, [r1, #0]
10006e2a:	7002      	strb	r2, [r0, #0]
10006e2c:	3101      	adds	r1, #1
10006e2e:	001f      	movs	r7, r3
10006e30:	3001      	adds	r0, #1
10006e32:	1e7b      	subs	r3, r7, #1
10006e34:	b2db      	uxtb	r3, r3
10006e36:	2f00      	cmp	r7, #0
10006e38:	d1f6      	bne.n	10006e28 <_ff_push_n+0xe6>
10006e3a:	465b      	mov	r3, fp
10006e3c:	2b00      	cmp	r3, #0
10006e3e:	d0a2      	beq.n	10006d86 <_ff_push_n+0x44>
10006e40:	465a      	mov	r2, fp
10006e42:	4651      	mov	r1, sl
10006e44:	f7ff ff5d 	bl	10006d02 <_ff_push_const_addr>
10006e48:	e79d      	b.n	10006d86 <_ff_push_n+0x44>
10006e4a:	6828      	ldr	r0, [r5, #0]
10006e4c:	e7f5      	b.n	10006e3a <_ff_push_n+0xf8>

10006e4e <_tu_fifo_write_n>:
10006e4e:	b5f0      	push	{r4, r5, r6, r7, lr}
10006e50:	b085      	sub	sp, #20
10006e52:	0006      	movs	r6, r0
10006e54:	9103      	str	r1, [sp, #12]
10006e56:	1e15      	subs	r5, r2, #0
10006e58:	9302      	str	r3, [sp, #8]
10006e5a:	d100      	bne.n	10006e5e <_tu_fifo_write_n+0x10>
10006e5c:	e06d      	b.n	10006f3a <_tu_fifo_write_n+0xec>
10006e5e:	68c0      	ldr	r0, [r0, #12]
10006e60:	2800      	cmp	r0, #0
10006e62:	d003      	beq.n	10006e6c <_tu_fifo_write_n+0x1e>
10006e64:	2101      	movs	r1, #1
10006e66:	4249      	negs	r1, r1
10006e68:	f001 ffaa 	bl	10008dc0 <__mutex_enter_timeout_ms_veneer>
10006e6c:	8934      	ldrh	r4, [r6, #8]
10006e6e:	b2a4      	uxth	r4, r4
10006e70:	8971      	ldrh	r1, [r6, #10]
10006e72:	b289      	uxth	r1, r1
10006e74:	79f3      	ldrb	r3, [r6, #7]
10006e76:	09db      	lsrs	r3, r3, #7
10006e78:	d11a      	bne.n	10006eb0 <_tu_fifo_write_n+0x62>
10006e7a:	88b3      	ldrh	r3, [r6, #4]
10006e7c:	428c      	cmp	r4, r1
10006e7e:	d30f      	bcc.n	10006ea0 <_tu_fifo_write_n+0x52>
10006e80:	1a61      	subs	r1, r4, r1
10006e82:	b289      	uxth	r1, r1
10006e84:	428b      	cmp	r3, r1
10006e86:	d911      	bls.n	10006eac <_tu_fifo_write_n+0x5e>
10006e88:	1a5b      	subs	r3, r3, r1
10006e8a:	b29b      	uxth	r3, r3
10006e8c:	1c2f      	adds	r7, r5, #0
10006e8e:	429d      	cmp	r5, r3
10006e90:	d900      	bls.n	10006e94 <_tu_fifo_write_n+0x46>
10006e92:	1c1f      	adds	r7, r3, #0
10006e94:	b2bf      	uxth	r7, r7
10006e96:	2f00      	cmp	r7, #0
10006e98:	d047      	beq.n	10006f2a <_tu_fifo_write_n+0xdc>
10006e9a:	88b2      	ldrh	r2, [r6, #4]
10006e9c:	0023      	movs	r3, r4
10006e9e:	e035      	b.n	10006f0c <_tu_fifo_write_n+0xbe>
10006ea0:	1a61      	subs	r1, r4, r1
10006ea2:	b289      	uxth	r1, r1
10006ea4:	005a      	lsls	r2, r3, #1
10006ea6:	1889      	adds	r1, r1, r2
10006ea8:	b289      	uxth	r1, r1
10006eaa:	e7eb      	b.n	10006e84 <_tu_fifo_write_n+0x36>
10006eac:	2300      	movs	r3, #0
10006eae:	e7ed      	b.n	10006e8c <_tu_fifo_write_n+0x3e>
10006eb0:	88b7      	ldrh	r7, [r6, #4]
10006eb2:	42af      	cmp	r7, r5
10006eb4:	d80e      	bhi.n	10006ed4 <_tu_fifo_write_n+0x86>
10006eb6:	9b02      	ldr	r3, [sp, #8]
10006eb8:	2b00      	cmp	r3, #0
10006eba:	d121      	bne.n	10006f00 <_tu_fifo_write_n+0xb2>
10006ebc:	1bed      	subs	r5, r5, r7
10006ebe:	88f3      	ldrh	r3, [r6, #6]
10006ec0:	045b      	lsls	r3, r3, #17
10006ec2:	0c5a      	lsrs	r2, r3, #17
10006ec4:	436a      	muls	r2, r5
10006ec6:	9b03      	ldr	r3, [sp, #12]
10006ec8:	469c      	mov	ip, r3
10006eca:	4494      	add	ip, r2
10006ecc:	4663      	mov	r3, ip
10006ece:	9303      	str	r3, [sp, #12]
10006ed0:	000c      	movs	r4, r1
10006ed2:	e7e0      	b.n	10006e96 <_tu_fifo_write_n+0x48>
10006ed4:	428c      	cmp	r4, r1
10006ed6:	d30d      	bcc.n	10006ef4 <_tu_fifo_write_n+0xa6>
10006ed8:	1a63      	subs	r3, r4, r1
10006eda:	b29b      	uxth	r3, r3
10006edc:	195b      	adds	r3, r3, r5
10006ede:	007a      	lsls	r2, r7, #1
10006ee0:	4293      	cmp	r3, r2
10006ee2:	db0f      	blt.n	10006f04 <_tu_fifo_write_n+0xb6>
10006ee4:	1b7a      	subs	r2, r7, r5
10006ee6:	b292      	uxth	r2, r2
10006ee8:	0038      	movs	r0, r7
10006eea:	f7ff fdc8 	bl	10006a7e <advance_index>
10006eee:	0004      	movs	r4, r0
10006ef0:	002f      	movs	r7, r5
10006ef2:	e7d0      	b.n	10006e96 <_tu_fifo_write_n+0x48>
10006ef4:	1a63      	subs	r3, r4, r1
10006ef6:	b29b      	uxth	r3, r3
10006ef8:	007a      	lsls	r2, r7, #1
10006efa:	189b      	adds	r3, r3, r2
10006efc:	b29b      	uxth	r3, r3
10006efe:	e7ed      	b.n	10006edc <_tu_fifo_write_n+0x8e>
10006f00:	000c      	movs	r4, r1
10006f02:	e7c8      	b.n	10006e96 <_tu_fifo_write_n+0x48>
10006f04:	002f      	movs	r7, r5
10006f06:	e7c6      	b.n	10006e96 <_tu_fifo_write_n+0x48>
10006f08:	1a9b      	subs	r3, r3, r2
10006f0a:	b29b      	uxth	r3, r3
10006f0c:	429a      	cmp	r2, r3
10006f0e:	d9fb      	bls.n	10006f08 <_tu_fifo_write_n+0xba>
10006f10:	9a02      	ldr	r2, [sp, #8]
10006f12:	9200      	str	r2, [sp, #0]
10006f14:	003a      	movs	r2, r7
10006f16:	9903      	ldr	r1, [sp, #12]
10006f18:	0030      	movs	r0, r6
10006f1a:	f7ff ff12 	bl	10006d42 <_ff_push_n>
10006f1e:	88b0      	ldrh	r0, [r6, #4]
10006f20:	003a      	movs	r2, r7
10006f22:	0021      	movs	r1, r4
10006f24:	f7ff fdab 	bl	10006a7e <advance_index>
10006f28:	8130      	strh	r0, [r6, #8]
10006f2a:	68f0      	ldr	r0, [r6, #12]
10006f2c:	2800      	cmp	r0, #0
10006f2e:	d001      	beq.n	10006f34 <_tu_fifo_write_n+0xe6>
10006f30:	f001 ff1e 	bl	10008d70 <__mutex_exit_veneer>
10006f34:	0038      	movs	r0, r7
10006f36:	b005      	add	sp, #20
10006f38:	bdf0      	pop	{r4, r5, r6, r7, pc}
10006f3a:	0017      	movs	r7, r2
10006f3c:	e7fa      	b.n	10006f34 <_tu_fifo_write_n+0xe6>

10006f3e <tu_fifo_config>:
10006f3e:	b5f0      	push	{r4, r5, r6, r7, lr}
10006f40:	b083      	sub	sp, #12
10006f42:	0004      	movs	r4, r0
10006f44:	9101      	str	r1, [sp, #4]
10006f46:	0016      	movs	r6, r2
10006f48:	001d      	movs	r5, r3
10006f4a:	ab08      	add	r3, sp, #32
10006f4c:	781f      	ldrb	r7, [r3, #0]
10006f4e:	2380      	movs	r3, #128	; 0x80
10006f50:	021b      	lsls	r3, r3, #8
10006f52:	429a      	cmp	r2, r3
10006f54:	d82d      	bhi.n	10006fb2 <tu_fifo_config+0x74>
10006f56:	68c0      	ldr	r0, [r0, #12]
10006f58:	2800      	cmp	r0, #0
10006f5a:	d003      	beq.n	10006f64 <tu_fifo_config+0x26>
10006f5c:	2101      	movs	r1, #1
10006f5e:	4249      	negs	r1, r1
10006f60:	f001 ff2e 	bl	10008dc0 <__mutex_enter_timeout_ms_veneer>
10006f64:	6920      	ldr	r0, [r4, #16]
10006f66:	2800      	cmp	r0, #0
10006f68:	d003      	beq.n	10006f72 <tu_fifo_config+0x34>
10006f6a:	2101      	movs	r1, #1
10006f6c:	4249      	negs	r1, r1
10006f6e:	f001 ff27 	bl	10008dc0 <__mutex_enter_timeout_ms_veneer>
10006f72:	9b01      	ldr	r3, [sp, #4]
10006f74:	6023      	str	r3, [r4, #0]
10006f76:	80a6      	strh	r6, [r4, #4]
10006f78:	046d      	lsls	r5, r5, #17
10006f7a:	0c6b      	lsrs	r3, r5, #17
10006f7c:	88e2      	ldrh	r2, [r4, #6]
10006f7e:	0bd2      	lsrs	r2, r2, #15
10006f80:	03d5      	lsls	r5, r2, #15
10006f82:	431d      	orrs	r5, r3
10006f84:	80e5      	strh	r5, [r4, #6]
10006f86:	01fb      	lsls	r3, r7, #7
10006f88:	79e2      	ldrb	r2, [r4, #7]
10006f8a:	277f      	movs	r7, #127	; 0x7f
10006f8c:	4017      	ands	r7, r2
10006f8e:	431f      	orrs	r7, r3
10006f90:	71e7      	strb	r7, [r4, #7]
10006f92:	2300      	movs	r3, #0
10006f94:	8163      	strh	r3, [r4, #10]
10006f96:	8123      	strh	r3, [r4, #8]
10006f98:	68e0      	ldr	r0, [r4, #12]
10006f9a:	2800      	cmp	r0, #0
10006f9c:	d001      	beq.n	10006fa2 <tu_fifo_config+0x64>
10006f9e:	f001 fee7 	bl	10008d70 <__mutex_exit_veneer>
10006fa2:	6920      	ldr	r0, [r4, #16]
10006fa4:	2800      	cmp	r0, #0
10006fa6:	d006      	beq.n	10006fb6 <tu_fifo_config+0x78>
10006fa8:	f001 fee2 	bl	10008d70 <__mutex_exit_veneer>
10006fac:	2001      	movs	r0, #1
10006fae:	b003      	add	sp, #12
10006fb0:	bdf0      	pop	{r4, r5, r6, r7, pc}
10006fb2:	2000      	movs	r0, #0
10006fb4:	e7fb      	b.n	10006fae <tu_fifo_config+0x70>
10006fb6:	2001      	movs	r0, #1
10006fb8:	e7f9      	b.n	10006fae <tu_fifo_config+0x70>

10006fba <tu_fifo_count>:
10006fba:	8881      	ldrh	r1, [r0, #4]
10006fbc:	8903      	ldrh	r3, [r0, #8]
10006fbe:	b29b      	uxth	r3, r3
10006fc0:	8942      	ldrh	r2, [r0, #10]
10006fc2:	b292      	uxth	r2, r2
10006fc4:	4293      	cmp	r3, r2
10006fc6:	d307      	bcc.n	10006fd8 <tu_fifo_count+0x1e>
10006fc8:	1a9b      	subs	r3, r3, r2
10006fca:	b29b      	uxth	r3, r3
10006fcc:	1c08      	adds	r0, r1, #0
10006fce:	4299      	cmp	r1, r3
10006fd0:	d900      	bls.n	10006fd4 <tu_fifo_count+0x1a>
10006fd2:	1c18      	adds	r0, r3, #0
10006fd4:	b280      	uxth	r0, r0
10006fd6:	4770      	bx	lr
10006fd8:	1a9b      	subs	r3, r3, r2
10006fda:	b29b      	uxth	r3, r3
10006fdc:	004a      	lsls	r2, r1, #1
10006fde:	189b      	adds	r3, r3, r2
10006fe0:	b29b      	uxth	r3, r3
10006fe2:	e7f3      	b.n	10006fcc <tu_fifo_count+0x12>

10006fe4 <tu_fifo_empty>:
10006fe4:	0003      	movs	r3, r0
10006fe6:	8900      	ldrh	r0, [r0, #8]
10006fe8:	895b      	ldrh	r3, [r3, #10]
10006fea:	1ac0      	subs	r0, r0, r3
10006fec:	4243      	negs	r3, r0
10006fee:	4158      	adcs	r0, r3
10006ff0:	b2c0      	uxtb	r0, r0
10006ff2:	4770      	bx	lr

10006ff4 <tu_fifo_full>:
10006ff4:	8881      	ldrh	r1, [r0, #4]
10006ff6:	8903      	ldrh	r3, [r0, #8]
10006ff8:	b29b      	uxth	r3, r3
10006ffa:	8942      	ldrh	r2, [r0, #10]
10006ffc:	b292      	uxth	r2, r2
10006ffe:	4293      	cmp	r3, r2
10007000:	d306      	bcc.n	10007010 <tu_fifo_full+0x1c>
10007002:	1a9b      	subs	r3, r3, r2
10007004:	b29b      	uxth	r3, r3
10007006:	2000      	movs	r0, #0
10007008:	428b      	cmp	r3, r1
1000700a:	4140      	adcs	r0, r0
1000700c:	b2c0      	uxtb	r0, r0
1000700e:	4770      	bx	lr
10007010:	1a9b      	subs	r3, r3, r2
10007012:	b29b      	uxth	r3, r3
10007014:	004a      	lsls	r2, r1, #1
10007016:	189b      	adds	r3, r3, r2
10007018:	b29b      	uxth	r3, r3
1000701a:	e7f4      	b.n	10007006 <tu_fifo_full+0x12>

1000701c <tu_fifo_remaining>:
1000701c:	8882      	ldrh	r2, [r0, #4]
1000701e:	8903      	ldrh	r3, [r0, #8]
10007020:	b29b      	uxth	r3, r3
10007022:	8940      	ldrh	r0, [r0, #10]
10007024:	b280      	uxth	r0, r0
10007026:	4283      	cmp	r3, r0
10007028:	d306      	bcc.n	10007038 <tu_fifo_remaining+0x1c>
1000702a:	1a1b      	subs	r3, r3, r0
1000702c:	b29b      	uxth	r3, r3
1000702e:	429a      	cmp	r2, r3
10007030:	d908      	bls.n	10007044 <tu_fifo_remaining+0x28>
10007032:	1ad3      	subs	r3, r2, r3
10007034:	b298      	uxth	r0, r3
10007036:	4770      	bx	lr
10007038:	1a1b      	subs	r3, r3, r0
1000703a:	b29b      	uxth	r3, r3
1000703c:	0050      	lsls	r0, r2, #1
1000703e:	181b      	adds	r3, r3, r0
10007040:	b29b      	uxth	r3, r3
10007042:	e7f4      	b.n	1000702e <tu_fifo_remaining+0x12>
10007044:	2000      	movs	r0, #0
10007046:	e7f6      	b.n	10007036 <tu_fifo_remaining+0x1a>

10007048 <tu_fifo_read>:
10007048:	b570      	push	{r4, r5, r6, lr}
1000704a:	0004      	movs	r4, r0
1000704c:	000d      	movs	r5, r1
1000704e:	6900      	ldr	r0, [r0, #16]
10007050:	2800      	cmp	r0, #0
10007052:	d003      	beq.n	1000705c <tu_fifo_read+0x14>
10007054:	2101      	movs	r1, #1
10007056:	4249      	negs	r1, r1
10007058:	f001 feb2 	bl	10008dc0 <__mutex_enter_timeout_ms_veneer>
1000705c:	8922      	ldrh	r2, [r4, #8]
1000705e:	b292      	uxth	r2, r2
10007060:	8963      	ldrh	r3, [r4, #10]
10007062:	b29b      	uxth	r3, r3
10007064:	0029      	movs	r1, r5
10007066:	0020      	movs	r0, r4
10007068:	f7ff fd16 	bl	10006a98 <_tu_fifo_peek>
1000706c:	0005      	movs	r5, r0
1000706e:	8961      	ldrh	r1, [r4, #10]
10007070:	b289      	uxth	r1, r1
10007072:	b282      	uxth	r2, r0
10007074:	88a0      	ldrh	r0, [r4, #4]
10007076:	f7ff fd02 	bl	10006a7e <advance_index>
1000707a:	8160      	strh	r0, [r4, #10]
1000707c:	6920      	ldr	r0, [r4, #16]
1000707e:	2800      	cmp	r0, #0
10007080:	d001      	beq.n	10007086 <tu_fifo_read+0x3e>
10007082:	f001 fe75 	bl	10008d70 <__mutex_exit_veneer>
10007086:	0028      	movs	r0, r5
10007088:	bd70      	pop	{r4, r5, r6, pc}

1000708a <tu_fifo_read_n>:
1000708a:	b510      	push	{r4, lr}
1000708c:	2300      	movs	r3, #0
1000708e:	f7ff fe11 	bl	10006cb4 <_tu_fifo_read_n>
10007092:	bd10      	pop	{r4, pc}

10007094 <tu_fifo_write>:
10007094:	b5f8      	push	{r3, r4, r5, r6, r7, lr}
10007096:	0004      	movs	r4, r0
10007098:	000e      	movs	r6, r1
1000709a:	68c0      	ldr	r0, [r0, #12]
1000709c:	2800      	cmp	r0, #0
1000709e:	d003      	beq.n	100070a8 <tu_fifo_write+0x14>
100070a0:	2101      	movs	r1, #1
100070a2:	4249      	negs	r1, r1
100070a4:	f001 fe8c 	bl	10008dc0 <__mutex_enter_timeout_ms_veneer>
100070a8:	8925      	ldrh	r5, [r4, #8]
100070aa:	b2ad      	uxth	r5, r5
100070ac:	0020      	movs	r0, r4
100070ae:	f7ff ffa1 	bl	10006ff4 <tu_fifo_full>
100070b2:	2800      	cmp	r0, #0
100070b4:	d002      	beq.n	100070bc <tu_fifo_write+0x28>
100070b6:	79e7      	ldrb	r7, [r4, #7]
100070b8:	09ff      	lsrs	r7, r7, #7
100070ba:	d016      	beq.n	100070ea <tu_fifo_write+0x56>
100070bc:	88a2      	ldrh	r2, [r4, #4]
100070be:	002b      	movs	r3, r5
100070c0:	e001      	b.n	100070c6 <tu_fifo_write+0x32>
100070c2:	1a9b      	subs	r3, r3, r2
100070c4:	b29b      	uxth	r3, r3
100070c6:	429a      	cmp	r2, r3
100070c8:	d9fb      	bls.n	100070c2 <tu_fifo_write+0x2e>
100070ca:	88e2      	ldrh	r2, [r4, #6]
100070cc:	0452      	lsls	r2, r2, #17
100070ce:	0c52      	lsrs	r2, r2, #17
100070d0:	4353      	muls	r3, r2
100070d2:	6821      	ldr	r1, [r4, #0]
100070d4:	18c8      	adds	r0, r1, r3
100070d6:	0031      	movs	r1, r6
100070d8:	f7fd fae2 	bl	100046a0 <__wrap___aeabi_memcpy>
100070dc:	88a0      	ldrh	r0, [r4, #4]
100070de:	2201      	movs	r2, #1
100070e0:	0029      	movs	r1, r5
100070e2:	f7ff fccc 	bl	10006a7e <advance_index>
100070e6:	8120      	strh	r0, [r4, #8]
100070e8:	2701      	movs	r7, #1
100070ea:	68e0      	ldr	r0, [r4, #12]
100070ec:	2800      	cmp	r0, #0
100070ee:	d001      	beq.n	100070f4 <tu_fifo_write+0x60>
100070f0:	f001 fe3e 	bl	10008d70 <__mutex_exit_veneer>
100070f4:	0038      	movs	r0, r7
100070f6:	bdf8      	pop	{r3, r4, r5, r6, r7, pc}

100070f8 <tu_fifo_write_n>:
100070f8:	b510      	push	{r4, lr}
100070fa:	2300      	movs	r3, #0
100070fc:	f7ff fea7 	bl	10006e4e <_tu_fifo_write_n>
10007100:	bd10      	pop	{r4, pc}

10007102 <tu_fifo_clear>:
10007102:	b510      	push	{r4, lr}
10007104:	0004      	movs	r4, r0
10007106:	68c0      	ldr	r0, [r0, #12]
10007108:	2800      	cmp	r0, #0
1000710a:	d003      	beq.n	10007114 <tu_fifo_clear+0x12>
1000710c:	2101      	movs	r1, #1
1000710e:	4249      	negs	r1, r1
10007110:	f001 fe56 	bl	10008dc0 <__mutex_enter_timeout_ms_veneer>
10007114:	6920      	ldr	r0, [r4, #16]
10007116:	2800      	cmp	r0, #0
10007118:	d003      	beq.n	10007122 <tu_fifo_clear+0x20>
1000711a:	2101      	movs	r1, #1
1000711c:	4249      	negs	r1, r1
1000711e:	f001 fe4f 	bl	10008dc0 <__mutex_enter_timeout_ms_veneer>
10007122:	2300      	movs	r3, #0
10007124:	8163      	strh	r3, [r4, #10]
10007126:	8123      	strh	r3, [r4, #8]
10007128:	68e0      	ldr	r0, [r4, #12]
1000712a:	2800      	cmp	r0, #0
1000712c:	d001      	beq.n	10007132 <tu_fifo_clear+0x30>
1000712e:	f001 fe1f 	bl	10008d70 <__mutex_exit_veneer>
10007132:	6920      	ldr	r0, [r4, #16]
10007134:	2800      	cmp	r0, #0
10007136:	d001      	beq.n	1000713c <tu_fifo_clear+0x3a>
10007138:	f001 fe1a 	bl	10008d70 <__mutex_exit_veneer>
1000713c:	2001      	movs	r0, #1
1000713e:	bd10      	pop	{r4, pc}

10007140 <tu_fifo_set_overwritable>:
10007140:	b570      	push	{r4, r5, r6, lr}
10007142:	0004      	movs	r4, r0
10007144:	000d      	movs	r5, r1
10007146:	68c0      	ldr	r0, [r0, #12]
10007148:	2800      	cmp	r0, #0
1000714a:	d003      	beq.n	10007154 <tu_fifo_set_overwritable+0x14>
1000714c:	2101      	movs	r1, #1
1000714e:	4249      	negs	r1, r1
10007150:	f001 fe36 	bl	10008dc0 <__mutex_enter_timeout_ms_veneer>
10007154:	6920      	ldr	r0, [r4, #16]
10007156:	2800      	cmp	r0, #0
10007158:	d003      	beq.n	10007162 <tu_fifo_set_overwritable+0x22>
1000715a:	2101      	movs	r1, #1
1000715c:	4249      	negs	r1, r1
1000715e:	f001 fe2f 	bl	10008dc0 <__mutex_enter_timeout_ms_veneer>
10007162:	01ed      	lsls	r5, r5, #7
10007164:	79e3      	ldrb	r3, [r4, #7]
10007166:	217f      	movs	r1, #127	; 0x7f
10007168:	4019      	ands	r1, r3
1000716a:	4329      	orrs	r1, r5
1000716c:	71e1      	strb	r1, [r4, #7]
1000716e:	68e0      	ldr	r0, [r4, #12]
10007170:	2800      	cmp	r0, #0
10007172:	d001      	beq.n	10007178 <tu_fifo_set_overwritable+0x38>
10007174:	f001 fdfc 	bl	10008d70 <__mutex_exit_veneer>
10007178:	6920      	ldr	r0, [r4, #16]
1000717a:	2800      	cmp	r0, #0
1000717c:	d001      	beq.n	10007182 <tu_fifo_set_overwritable+0x42>
1000717e:	f001 fdf7 	bl	10008d70 <__mutex_exit_veneer>
10007182:	2001      	movs	r0, #1
10007184:	bd70      	pop	{r4, r5, r6, pc}

10007186 <i2c_write_blocking_internal>:
10007186:	b5f0      	push	{r4, r5, r6, r7, lr}
10007188:	46de      	mov	lr, fp
1000718a:	4657      	mov	r7, sl
1000718c:	464e      	mov	r6, r9
1000718e:	4645      	mov	r5, r8
10007190:	b5e0      	push	{r5, r6, r7, lr}
10007192:	b085      	sub	sp, #20
10007194:	0006      	movs	r6, r0
10007196:	0010      	movs	r0, r2
10007198:	001c      	movs	r4, r3
1000719a:	9302      	str	r3, [sp, #8]
1000719c:	ab0e      	add	r3, sp, #56	; 0x38
1000719e:	781a      	ldrb	r2, [r3, #0]
100071a0:	9203      	str	r2, [sp, #12]
100071a2:	9d0f      	ldr	r5, [sp, #60]	; 0x3c
100071a4:	9f10      	ldr	r7, [sp, #64]	; 0x40
100071a6:	6833      	ldr	r3, [r6, #0]
100071a8:	2200      	movs	r2, #0
100071aa:	66da      	str	r2, [r3, #108]	; 0x6c
100071ac:	6833      	ldr	r3, [r6, #0]
100071ae:	6059      	str	r1, [r3, #4]
100071b0:	6833      	ldr	r3, [r6, #0]
100071b2:	3201      	adds	r2, #1
100071b4:	66da      	str	r2, [r3, #108]	; 0x6c
100071b6:	46a2      	mov	sl, r4
100071b8:	2300      	movs	r3, #0
100071ba:	4698      	mov	r8, r3
100071bc:	469b      	mov	fp, r3
100071be:	2400      	movs	r4, #0
100071c0:	e02b      	b.n	1000721a <i2c_write_blocking_internal+0x94>
100071c2:	7932      	ldrb	r2, [r6, #4]
100071c4:	2a00      	cmp	r2, #0
100071c6:	d031      	beq.n	1000722c <i2c_write_blocking_internal+0xa6>
100071c8:	2201      	movs	r2, #1
100071ca:	e02f      	b.n	1000722c <i2c_write_blocking_internal+0xa6>
100071cc:	9903      	ldr	r1, [sp, #12]
100071ce:	2900      	cmp	r1, #0
100071d0:	d001      	beq.n	100071d6 <i2c_write_blocking_internal+0x50>
100071d2:	2100      	movs	r1, #0
100071d4:	e02e      	b.n	10007234 <i2c_write_blocking_internal+0xae>
100071d6:	2101      	movs	r1, #1
100071d8:	e02c      	b.n	10007234 <i2c_write_blocking_internal+0xae>
100071da:	0038      	movs	r0, r7
100071dc:	47a8      	blx	r5
100071de:	0003      	movs	r3, r0
100071e0:	4304      	orrs	r4, r0
100071e2:	b2e4      	uxtb	r4, r4
100071e4:	2b00      	cmp	r3, #0
100071e6:	d106      	bne.n	100071f6 <i2c_write_blocking_internal+0x70>
100071e8:	6832      	ldr	r2, [r6, #0]
100071ea:	6b52      	ldr	r2, [r2, #52]	; 0x34
100071ec:	06d2      	lsls	r2, r2, #27
100071ee:	d402      	bmi.n	100071f6 <i2c_write_blocking_internal+0x70>
100071f0:	2d00      	cmp	r5, #0
100071f2:	d1f2      	bne.n	100071da <i2c_write_blocking_internal+0x54>
100071f4:	e7f6      	b.n	100071e4 <i2c_write_blocking_internal+0x5e>
100071f6:	2b00      	cmp	r3, #0
100071f8:	d109      	bne.n	1000720e <i2c_write_blocking_internal+0x88>
100071fa:	6832      	ldr	r2, [r6, #0]
100071fc:	2180      	movs	r1, #128	; 0x80
100071fe:	5851      	ldr	r1, [r2, r1]
10007200:	468b      	mov	fp, r1
10007202:	2900      	cmp	r1, #0
10007204:	d11f      	bne.n	10007246 <i2c_write_blocking_internal+0xc0>
10007206:	2c00      	cmp	r4, #0
10007208:	d12f      	bne.n	1000726a <i2c_write_blocking_internal+0xe4>
1000720a:	45c1      	cmp	r9, r8
1000720c:	d01e      	beq.n	1000724c <i2c_write_blocking_internal+0xc6>
1000720e:	2c00      	cmp	r4, #0
10007210:	d133      	bne.n	1000727a <i2c_write_blocking_internal+0xf4>
10007212:	2201      	movs	r2, #1
10007214:	4694      	mov	ip, r2
10007216:	44e0      	add	r8, ip
10007218:	9801      	ldr	r0, [sp, #4]
1000721a:	45d0      	cmp	r8, sl
1000721c:	da2d      	bge.n	1000727a <i2c_write_blocking_internal+0xf4>
1000721e:	9a02      	ldr	r2, [sp, #8]
10007220:	3a01      	subs	r2, #1
10007222:	4691      	mov	r9, r2
10007224:	4642      	mov	r2, r8
10007226:	2a00      	cmp	r2, #0
10007228:	d0cb      	beq.n	100071c2 <i2c_write_blocking_internal+0x3c>
1000722a:	2200      	movs	r2, #0
1000722c:	0292      	lsls	r2, r2, #10
1000722e:	45c1      	cmp	r9, r8
10007230:	d0cc      	beq.n	100071cc <i2c_write_blocking_internal+0x46>
10007232:	2100      	movs	r1, #0
10007234:	0249      	lsls	r1, r1, #9
10007236:	430a      	orrs	r2, r1
10007238:	1c41      	adds	r1, r0, #1
1000723a:	9101      	str	r1, [sp, #4]
1000723c:	7800      	ldrb	r0, [r0, #0]
1000723e:	6831      	ldr	r1, [r6, #0]
10007240:	4302      	orrs	r2, r0
10007242:	610a      	str	r2, [r1, #16]
10007244:	e7d4      	b.n	100071f0 <i2c_write_blocking_internal+0x6a>
10007246:	6d52      	ldr	r2, [r2, #84]	; 0x54
10007248:	2401      	movs	r4, #1
1000724a:	e00e      	b.n	1000726a <i2c_write_blocking_internal+0xe4>
1000724c:	9a03      	ldr	r2, [sp, #12]
1000724e:	2a00      	cmp	r2, #0
10007250:	d1dd      	bne.n	1000720e <i2c_write_blocking_internal+0x88>
10007252:	e00a      	b.n	1000726a <i2c_write_blocking_internal+0xe4>
10007254:	0038      	movs	r0, r7
10007256:	47a8      	blx	r5
10007258:	0003      	movs	r3, r0
1000725a:	4304      	orrs	r4, r0
1000725c:	b2e4      	uxtb	r4, r4
1000725e:	2b00      	cmp	r3, #0
10007260:	d106      	bne.n	10007270 <i2c_write_blocking_internal+0xea>
10007262:	6832      	ldr	r2, [r6, #0]
10007264:	6b52      	ldr	r2, [r2, #52]	; 0x34
10007266:	0592      	lsls	r2, r2, #22
10007268:	d402      	bmi.n	10007270 <i2c_write_blocking_internal+0xea>
1000726a:	2d00      	cmp	r5, #0
1000726c:	d1f2      	bne.n	10007254 <i2c_write_blocking_internal+0xce>
1000726e:	e7f6      	b.n	1000725e <i2c_write_blocking_internal+0xd8>
10007270:	2b00      	cmp	r3, #0
10007272:	d1cc      	bne.n	1000720e <i2c_write_blocking_internal+0x88>
10007274:	6832      	ldr	r2, [r6, #0]
10007276:	6e12      	ldr	r2, [r2, #96]	; 0x60
10007278:	e7c9      	b.n	1000720e <i2c_write_blocking_internal+0x88>
1000727a:	2c00      	cmp	r4, #0
1000727c:	d009      	beq.n	10007292 <i2c_write_blocking_internal+0x10c>
1000727e:	2b00      	cmp	r3, #0
10007280:	d115      	bne.n	100072ae <i2c_write_blocking_internal+0x128>
10007282:	465b      	mov	r3, fp
10007284:	2b00      	cmp	r3, #0
10007286:	d016      	beq.n	100072b6 <i2c_write_blocking_internal+0x130>
10007288:	07db      	lsls	r3, r3, #31
1000728a:	d418      	bmi.n	100072be <i2c_write_blocking_internal+0x138>
1000728c:	465b      	mov	r3, fp
1000728e:	071b      	lsls	r3, r3, #28
10007290:	d509      	bpl.n	100072a6 <i2c_write_blocking_internal+0x120>
10007292:	9b03      	ldr	r3, [sp, #12]
10007294:	7133      	strb	r3, [r6, #4]
10007296:	4640      	mov	r0, r8
10007298:	b005      	add	sp, #20
1000729a:	bcf0      	pop	{r4, r5, r6, r7}
1000729c:	46bb      	mov	fp, r7
1000729e:	46b2      	mov	sl, r6
100072a0:	46a9      	mov	r9, r5
100072a2:	46a0      	mov	r8, r4
100072a4:	bdf0      	pop	{r4, r5, r6, r7, pc}
100072a6:	2302      	movs	r3, #2
100072a8:	425b      	negs	r3, r3
100072aa:	4698      	mov	r8, r3
100072ac:	e7f1      	b.n	10007292 <i2c_write_blocking_internal+0x10c>
100072ae:	2301      	movs	r3, #1
100072b0:	425b      	negs	r3, r3
100072b2:	4698      	mov	r8, r3
100072b4:	e7ed      	b.n	10007292 <i2c_write_blocking_internal+0x10c>
100072b6:	2302      	movs	r3, #2
100072b8:	425b      	negs	r3, r3
100072ba:	4698      	mov	r8, r3
100072bc:	e7e9      	b.n	10007292 <i2c_write_blocking_internal+0x10c>
100072be:	2302      	movs	r3, #2
100072c0:	425b      	negs	r3, r3
100072c2:	4698      	mov	r8, r3
100072c4:	e7e5      	b.n	10007292 <i2c_write_blocking_internal+0x10c>

100072c6 <i2c_read_blocking_internal>:
100072c6:	b5f0      	push	{r4, r5, r6, r7, lr}
100072c8:	46de      	mov	lr, fp
100072ca:	4657      	mov	r7, sl
100072cc:	464e      	mov	r6, r9
100072ce:	4645      	mov	r5, r8
100072d0:	b5e0      	push	{r5, r6, r7, lr}
100072d2:	b083      	sub	sp, #12
100072d4:	0005      	movs	r5, r0
100072d6:	4691      	mov	r9, r2
100072d8:	469a      	mov	sl, r3
100072da:	ab0c      	add	r3, sp, #48	; 0x30
100072dc:	781b      	ldrb	r3, [r3, #0]
100072de:	9301      	str	r3, [sp, #4]
100072e0:	9e0d      	ldr	r6, [sp, #52]	; 0x34
100072e2:	9f0e      	ldr	r7, [sp, #56]	; 0x38
100072e4:	6803      	ldr	r3, [r0, #0]
100072e6:	2200      	movs	r2, #0
100072e8:	66da      	str	r2, [r3, #108]	; 0x6c
100072ea:	6803      	ldr	r3, [r0, #0]
100072ec:	6059      	str	r1, [r3, #4]
100072ee:	6803      	ldr	r3, [r0, #0]
100072f0:	3201      	adds	r2, #1
100072f2:	66da      	str	r2, [r3, #108]	; 0x6c
100072f4:	46d3      	mov	fp, sl
100072f6:	2300      	movs	r3, #0
100072f8:	4698      	mov	r8, r3
100072fa:	2400      	movs	r4, #0
100072fc:	e02a      	b.n	10007354 <i2c_read_blocking_internal+0x8e>
100072fe:	7929      	ldrb	r1, [r5, #4]
10007300:	2900      	cmp	r1, #0
10007302:	d033      	beq.n	1000736c <i2c_read_blocking_internal+0xa6>
10007304:	2101      	movs	r1, #1
10007306:	e031      	b.n	1000736c <i2c_read_blocking_internal+0xa6>
10007308:	9801      	ldr	r0, [sp, #4]
1000730a:	2800      	cmp	r0, #0
1000730c:	d001      	beq.n	10007312 <i2c_read_blocking_internal+0x4c>
1000730e:	2000      	movs	r0, #0
10007310:	e030      	b.n	10007374 <i2c_read_blocking_internal+0xae>
10007312:	2001      	movs	r0, #1
10007314:	e02e      	b.n	10007374 <i2c_read_blocking_internal+0xae>
10007316:	0038      	movs	r0, r7
10007318:	47b0      	blx	r6
1000731a:	0003      	movs	r3, r0
1000731c:	4304      	orrs	r4, r0
1000731e:	b2e4      	uxtb	r4, r4
10007320:	2c00      	cmp	r4, #0
10007322:	d10d      	bne.n	10007340 <i2c_read_blocking_internal+0x7a>
10007324:	682a      	ldr	r2, [r5, #0]
10007326:	6f92      	ldr	r2, [r2, #120]	; 0x78
10007328:	2a00      	cmp	r2, #0
1000732a:	d109      	bne.n	10007340 <i2c_read_blocking_internal+0x7a>
1000732c:	682a      	ldr	r2, [r5, #0]
1000732e:	2180      	movs	r1, #128	; 0x80
10007330:	5851      	ldr	r1, [r2, r1]
10007332:	6d54      	ldr	r4, [r2, #84]	; 0x54
10007334:	1e62      	subs	r2, r4, #1
10007336:	4194      	sbcs	r4, r2
10007338:	b2e4      	uxtb	r4, r4
1000733a:	2e00      	cmp	r6, #0
1000733c:	d1eb      	bne.n	10007316 <i2c_read_blocking_internal+0x50>
1000733e:	e7ef      	b.n	10007320 <i2c_read_blocking_internal+0x5a>
10007340:	2c00      	cmp	r4, #0
10007342:	d11e      	bne.n	10007382 <i2c_read_blocking_internal+0xbc>
10007344:	682a      	ldr	r2, [r5, #0]
10007346:	6912      	ldr	r2, [r2, #16]
10007348:	4649      	mov	r1, r9
1000734a:	700a      	strb	r2, [r1, #0]
1000734c:	2201      	movs	r2, #1
1000734e:	4694      	mov	ip, r2
10007350:	44e0      	add	r8, ip
10007352:	44e1      	add	r9, ip
10007354:	45d8      	cmp	r8, fp
10007356:	da14      	bge.n	10007382 <i2c_read_blocking_internal+0xbc>
10007358:	4652      	mov	r2, sl
1000735a:	1e54      	subs	r4, r2, #1
1000735c:	682a      	ldr	r2, [r5, #0]
1000735e:	6f51      	ldr	r1, [r2, #116]	; 0x74
10007360:	2910      	cmp	r1, #16
10007362:	d0fb      	beq.n	1000735c <i2c_read_blocking_internal+0x96>
10007364:	4641      	mov	r1, r8
10007366:	2900      	cmp	r1, #0
10007368:	d0c9      	beq.n	100072fe <i2c_read_blocking_internal+0x38>
1000736a:	2100      	movs	r1, #0
1000736c:	0289      	lsls	r1, r1, #10
1000736e:	4544      	cmp	r4, r8
10007370:	d0ca      	beq.n	10007308 <i2c_read_blocking_internal+0x42>
10007372:	2000      	movs	r0, #0
10007374:	0240      	lsls	r0, r0, #9
10007376:	4308      	orrs	r0, r1
10007378:	2180      	movs	r1, #128	; 0x80
1000737a:	0049      	lsls	r1, r1, #1
1000737c:	4301      	orrs	r1, r0
1000737e:	6111      	str	r1, [r2, #16]
10007380:	e7d4      	b.n	1000732c <i2c_read_blocking_internal+0x66>
10007382:	2c00      	cmp	r4, #0
10007384:	d004      	beq.n	10007390 <i2c_read_blocking_internal+0xca>
10007386:	2b00      	cmp	r3, #0
10007388:	d00c      	beq.n	100073a4 <i2c_read_blocking_internal+0xde>
1000738a:	2301      	movs	r3, #1
1000738c:	425b      	negs	r3, r3
1000738e:	4698      	mov	r8, r3
10007390:	9b01      	ldr	r3, [sp, #4]
10007392:	712b      	strb	r3, [r5, #4]
10007394:	4640      	mov	r0, r8
10007396:	b003      	add	sp, #12
10007398:	bcf0      	pop	{r4, r5, r6, r7}
1000739a:	46bb      	mov	fp, r7
1000739c:	46b2      	mov	sl, r6
1000739e:	46a9      	mov	r9, r5
100073a0:	46a0      	mov	r8, r4
100073a2:	bdf0      	pop	{r4, r5, r6, r7, pc}
100073a4:	2302      	movs	r3, #2
100073a6:	425b      	negs	r3, r3
100073a8:	4698      	mov	r8, r3
100073aa:	e7f1      	b.n	10007390 <i2c_read_blocking_internal+0xca>

100073ac <i2c_set_baudrate>:
100073ac:	b5f0      	push	{r4, r5, r6, r7, lr}
100073ae:	46d6      	mov	lr, sl
100073b0:	464f      	mov	r7, r9
100073b2:	4646      	mov	r6, r8
100073b4:	b5c0      	push	{r6, r7, lr}
100073b6:	0005      	movs	r5, r0
100073b8:	000c      	movs	r4, r1
100073ba:	2005      	movs	r0, #5
100073bc:	f7fb fa28 	bl	10002810 <clock_get_hz>
100073c0:	0006      	movs	r6, r0
100073c2:	0860      	lsrs	r0, r4, #1
100073c4:	1980      	adds	r0, r0, r6
100073c6:	0021      	movs	r1, r4
100073c8:	f7fc fd10 	bl	10003dec <__wrap___aeabi_uidiv>
100073cc:	0007      	movs	r7, r0
100073ce:	0043      	lsls	r3, r0, #1
100073d0:	4699      	mov	r9, r3
100073d2:	4481      	add	r9, r0
100073d4:	2105      	movs	r1, #5
100073d6:	4648      	mov	r0, r9
100073d8:	f7fc fd08 	bl	10003dec <__wrap___aeabi_uidiv>
100073dc:	4680      	mov	r8, r0
100073de:	1a3b      	subs	r3, r7, r0
100073e0:	469a      	mov	sl, r3
100073e2:	4b28      	ldr	r3, [pc, #160]	; (10007484 <i2c_set_baudrate+0xd8>)
100073e4:	429c      	cmp	r4, r3
100073e6:	d824      	bhi.n	10007432 <i2c_set_baudrate+0x86>
100073e8:	0070      	lsls	r0, r6, #1
100073ea:	1980      	adds	r0, r0, r6
100073ec:	4926      	ldr	r1, [pc, #152]	; (10007488 <i2c_set_baudrate+0xdc>)
100073ee:	f7fc fcfd 	bl	10003dec <__wrap___aeabi_uidiv>
100073f2:	1c44      	adds	r4, r0, #1
100073f4:	4643      	mov	r3, r8
100073f6:	3b02      	subs	r3, #2
100073f8:	42a3      	cmp	r3, r4
100073fa:	d321      	bcc.n	10007440 <i2c_set_baudrate+0x94>
100073fc:	682b      	ldr	r3, [r5, #0]
100073fe:	2200      	movs	r2, #0
10007400:	66da      	str	r2, [r3, #108]	; 0x6c
10007402:	6829      	ldr	r1, [r5, #0]
10007404:	680a      	ldr	r2, [r1, #0]
10007406:	2304      	movs	r3, #4
10007408:	4053      	eors	r3, r2
1000740a:	2206      	movs	r2, #6
1000740c:	401a      	ands	r2, r3
1000740e:	2380      	movs	r3, #128	; 0x80
10007410:	015b      	lsls	r3, r3, #5
10007412:	430b      	orrs	r3, r1
10007414:	601a      	str	r2, [r3, #0]
10007416:	682b      	ldr	r3, [r5, #0]
10007418:	4652      	mov	r2, sl
1000741a:	61da      	str	r2, [r3, #28]
1000741c:	682b      	ldr	r3, [r5, #0]
1000741e:	4642      	mov	r2, r8
10007420:	621a      	str	r2, [r3, #32]
10007422:	464b      	mov	r3, r9
10007424:	2b4f      	cmp	r3, #79	; 0x4f
10007426:	d911      	bls.n	1000744c <i2c_set_baudrate+0xa0>
10007428:	2150      	movs	r1, #80	; 0x50
1000742a:	4648      	mov	r0, r9
1000742c:	f7fc fcde 	bl	10003dec <__wrap___aeabi_uidiv>
10007430:	e00d      	b.n	1000744e <i2c_set_baudrate+0xa2>
10007432:	0070      	lsls	r0, r6, #1
10007434:	1980      	adds	r0, r0, r6
10007436:	4915      	ldr	r1, [pc, #84]	; (1000748c <i2c_set_baudrate+0xe0>)
10007438:	f7fc fcd8 	bl	10003dec <__wrap___aeabi_uidiv>
1000743c:	1c44      	adds	r4, r0, #1
1000743e:	e7d9      	b.n	100073f4 <i2c_set_baudrate+0x48>
10007440:	4b13      	ldr	r3, [pc, #76]	; (10007490 <i2c_set_baudrate+0xe4>)
10007442:	4a14      	ldr	r2, [pc, #80]	; (10007494 <i2c_set_baudrate+0xe8>)
10007444:	215d      	movs	r1, #93	; 0x5d
10007446:	4814      	ldr	r0, [pc, #80]	; (10007498 <i2c_set_baudrate+0xec>)
10007448:	f7fb fb04 	bl	10002a54 <__assert_func>
1000744c:	2001      	movs	r0, #1
1000744e:	23a0      	movs	r3, #160	; 0xa0
10007450:	682a      	ldr	r2, [r5, #0]
10007452:	50d0      	str	r0, [r2, r3]
10007454:	682a      	ldr	r2, [r5, #0]
10007456:	0011      	movs	r1, r2
10007458:	317c      	adds	r1, #124	; 0x7c
1000745a:	6fd0      	ldr	r0, [r2, #124]	; 0x7c
1000745c:	4044      	eors	r4, r0
1000745e:	0424      	lsls	r4, r4, #16
10007460:	0c24      	lsrs	r4, r4, #16
10007462:	2380      	movs	r3, #128	; 0x80
10007464:	015b      	lsls	r3, r3, #5
10007466:	430b      	orrs	r3, r1
10007468:	601c      	str	r4, [r3, #0]
1000746a:	682b      	ldr	r3, [r5, #0]
1000746c:	2201      	movs	r2, #1
1000746e:	66da      	str	r2, [r3, #108]	; 0x6c
10007470:	0039      	movs	r1, r7
10007472:	0030      	movs	r0, r6
10007474:	f7fc fcba 	bl	10003dec <__wrap___aeabi_uidiv>
10007478:	bce0      	pop	{r5, r6, r7}
1000747a:	46ba      	mov	sl, r7
1000747c:	46b1      	mov	r9, r6
1000747e:	46a8      	mov	r8, r5
10007480:	bdf0      	pop	{r4, r5, r6, r7, pc}
10007482:	46c0      	nop			; (mov r8, r8)
10007484:	000f423f 	.word	0x000f423f
10007488:	00989680 	.word	0x00989680
1000748c:	017d7840 	.word	0x017d7840
10007490:	1000a85c 	.word	0x1000a85c
10007494:	1000a8d8 	.word	0x1000a8d8
10007498:	1000a87c 	.word	0x1000a87c

1000749c <i2c_init>:
1000749c:	b510      	push	{r4, lr}
1000749e:	4b11      	ldr	r3, [pc, #68]	; (100074e4 <i2c_init+0x48>)
100074a0:	4298      	cmp	r0, r3
100074a2:	d01c      	beq.n	100074de <i2c_init+0x42>
100074a4:	2210      	movs	r2, #16
100074a6:	4b10      	ldr	r3, [pc, #64]	; (100074e8 <i2c_init+0x4c>)
100074a8:	601a      	str	r2, [r3, #0]
100074aa:	4b10      	ldr	r3, [pc, #64]	; (100074ec <i2c_init+0x50>)
100074ac:	601a      	str	r2, [r3, #0]
100074ae:	4b10      	ldr	r3, [pc, #64]	; (100074f0 <i2c_init+0x54>)
100074b0:	689b      	ldr	r3, [r3, #8]
100074b2:	0014      	movs	r4, r2
100074b4:	439c      	bics	r4, r3
100074b6:	1e23      	subs	r3, r4, #0
100074b8:	d1f9      	bne.n	100074ae <i2c_init+0x12>
100074ba:	7104      	strb	r4, [r0, #4]
100074bc:	6802      	ldr	r2, [r0, #0]
100074be:	66d4      	str	r4, [r2, #108]	; 0x6c
100074c0:	6802      	ldr	r2, [r0, #0]
100074c2:	2466      	movs	r4, #102	; 0x66
100074c4:	34ff      	adds	r4, #255	; 0xff
100074c6:	6014      	str	r4, [r2, #0]
100074c8:	6802      	ldr	r2, [r0, #0]
100074ca:	63d3      	str	r3, [r2, #60]	; 0x3c
100074cc:	6802      	ldr	r2, [r0, #0]
100074ce:	6393      	str	r3, [r2, #56]	; 0x38
100074d0:	3388      	adds	r3, #136	; 0x88
100074d2:	2203      	movs	r2, #3
100074d4:	6804      	ldr	r4, [r0, #0]
100074d6:	50e2      	str	r2, [r4, r3]
100074d8:	f7ff ff68 	bl	100073ac <i2c_set_baudrate>
100074dc:	bd10      	pop	{r4, pc}
100074de:	2208      	movs	r2, #8
100074e0:	e7e1      	b.n	100074a6 <i2c_init+0xa>
100074e2:	46c0      	nop			; (mov r8, r8)
100074e4:	20000ca8 	.word	0x20000ca8
100074e8:	4000e000 	.word	0x4000e000
100074ec:	4000f000 	.word	0x4000f000
100074f0:	4000c000 	.word	0x4000c000

100074f4 <i2c_write_blocking>:
100074f4:	b530      	push	{r4, r5, lr}
100074f6:	b085      	sub	sp, #20
100074f8:	ac08      	add	r4, sp, #32
100074fa:	7825      	ldrb	r5, [r4, #0]
100074fc:	2400      	movs	r4, #0
100074fe:	9402      	str	r4, [sp, #8]
10007500:	9401      	str	r4, [sp, #4]
10007502:	9500      	str	r5, [sp, #0]
10007504:	f7ff fe3f 	bl	10007186 <i2c_write_blocking_internal>
10007508:	b005      	add	sp, #20
1000750a:	bd30      	pop	{r4, r5, pc}

1000750c <i2c_write_blocking_until>:
1000750c:	b5f0      	push	{r4, r5, r6, r7, lr}
1000750e:	46ce      	mov	lr, r9
10007510:	4647      	mov	r7, r8
10007512:	b580      	push	{r7, lr}
10007514:	b089      	sub	sp, #36	; 0x24
10007516:	4681      	mov	r9, r0
10007518:	4688      	mov	r8, r1
1000751a:	0016      	movs	r6, r2
1000751c:	001f      	movs	r7, r3
1000751e:	ab10      	add	r3, sp, #64	; 0x40
10007520:	781c      	ldrb	r4, [r3, #0]
10007522:	ad04      	add	r5, sp, #16
10007524:	9a12      	ldr	r2, [sp, #72]	; 0x48
10007526:	9b13      	ldr	r3, [sp, #76]	; 0x4c
10007528:	0028      	movs	r0, r5
1000752a:	f7fa fc05 	bl	10001d38 <init_single_timeout_until>
1000752e:	9502      	str	r5, [sp, #8]
10007530:	9001      	str	r0, [sp, #4]
10007532:	9400      	str	r4, [sp, #0]
10007534:	003b      	movs	r3, r7
10007536:	0032      	movs	r2, r6
10007538:	4641      	mov	r1, r8
1000753a:	4648      	mov	r0, r9
1000753c:	f7ff fe23 	bl	10007186 <i2c_write_blocking_internal>
10007540:	b009      	add	sp, #36	; 0x24
10007542:	bcc0      	pop	{r6, r7}
10007544:	46b9      	mov	r9, r7
10007546:	46b0      	mov	r8, r6
10007548:	bdf0      	pop	{r4, r5, r6, r7, pc}

1000754a <i2c_read_blocking_until>:
1000754a:	b5f0      	push	{r4, r5, r6, r7, lr}
1000754c:	46ce      	mov	lr, r9
1000754e:	4647      	mov	r7, r8
10007550:	b580      	push	{r7, lr}
10007552:	b089      	sub	sp, #36	; 0x24
10007554:	4681      	mov	r9, r0
10007556:	4688      	mov	r8, r1
10007558:	0016      	movs	r6, r2
1000755a:	001f      	movs	r7, r3
1000755c:	ab10      	add	r3, sp, #64	; 0x40
1000755e:	781c      	ldrb	r4, [r3, #0]
10007560:	ad04      	add	r5, sp, #16
10007562:	9a12      	ldr	r2, [sp, #72]	; 0x48
10007564:	9b13      	ldr	r3, [sp, #76]	; 0x4c
10007566:	0028      	movs	r0, r5
10007568:	f7fa fbe6 	bl	10001d38 <init_single_timeout_until>
1000756c:	9502      	str	r5, [sp, #8]
1000756e:	9001      	str	r0, [sp, #4]
10007570:	9400      	str	r4, [sp, #0]
10007572:	003b      	movs	r3, r7
10007574:	0032      	movs	r2, r6
10007576:	4641      	mov	r1, r8
10007578:	4648      	mov	r0, r9
1000757a:	f7ff fea4 	bl	100072c6 <i2c_read_blocking_internal>
1000757e:	b009      	add	sp, #36	; 0x24
10007580:	bcc0      	pop	{r6, r7}
10007582:	46b9      	mov	r9, r7
10007584:	46b0      	mov	r8, r6
10007586:	bdf0      	pop	{r4, r5, r6, r7, pc}

10007588 <adc_init>:
10007588:	2301      	movs	r3, #1
1000758a:	4a08      	ldr	r2, [pc, #32]	; (100075ac <adc_init+0x24>)
1000758c:	6013      	str	r3, [r2, #0]
1000758e:	4a08      	ldr	r2, [pc, #32]	; (100075b0 <adc_init+0x28>)
10007590:	6013      	str	r3, [r2, #0]
10007592:	4b08      	ldr	r3, [pc, #32]	; (100075b4 <adc_init+0x2c>)
10007594:	689a      	ldr	r2, [r3, #8]
10007596:	2301      	movs	r3, #1
10007598:	4393      	bics	r3, r2
1000759a:	d1fa      	bne.n	10007592 <adc_init+0xa>
1000759c:	4b06      	ldr	r3, [pc, #24]	; (100075b8 <adc_init+0x30>)
1000759e:	2201      	movs	r2, #1
100075a0:	601a      	str	r2, [r3, #0]
100075a2:	4b05      	ldr	r3, [pc, #20]	; (100075b8 <adc_init+0x30>)
100075a4:	681b      	ldr	r3, [r3, #0]
100075a6:	05db      	lsls	r3, r3, #23
100075a8:	d5fb      	bpl.n	100075a2 <adc_init+0x1a>
100075aa:	4770      	bx	lr
100075ac:	4000e000 	.word	0x4000e000
100075b0:	4000f000 	.word	0x4000f000
100075b4:	4000c000 	.word	0x4000c000
100075b8:	4004c000 	.word	0x4004c000

100075bc <prvIsQueueEmpty>:
100075bc:	b510      	push	{r4, lr}
100075be:	0004      	movs	r4, r0
100075c0:	f001 fab0 	bl	10008b24 <vPortEnterCritical>
100075c4:	6ba3      	ldr	r3, [r4, #56]	; 0x38
100075c6:	2b00      	cmp	r3, #0
100075c8:	d104      	bne.n	100075d4 <prvIsQueueEmpty+0x18>
100075ca:	2401      	movs	r4, #1
100075cc:	f001 fab6 	bl	10008b3c <vPortExitCritical>
100075d0:	0020      	movs	r0, r4
100075d2:	bd10      	pop	{r4, pc}
100075d4:	2400      	movs	r4, #0
100075d6:	e7f9      	b.n	100075cc <prvIsQueueEmpty+0x10>

100075d8 <prvCopyDataToQueue>:
100075d8:	b570      	push	{r4, r5, r6, lr}
100075da:	0004      	movs	r4, r0
100075dc:	0015      	movs	r5, r2
100075de:	6b86      	ldr	r6, [r0, #56]	; 0x38
100075e0:	6c02      	ldr	r2, [r0, #64]	; 0x40
100075e2:	2a00      	cmp	r2, #0
100075e4:	d10c      	bne.n	10007600 <prvCopyDataToQueue+0x28>
100075e6:	6803      	ldr	r3, [r0, #0]
100075e8:	2b00      	cmp	r3, #0
100075ea:	d003      	beq.n	100075f4 <prvCopyDataToQueue+0x1c>
100075ec:	2000      	movs	r0, #0
100075ee:	3601      	adds	r6, #1
100075f0:	63a6      	str	r6, [r4, #56]	; 0x38
100075f2:	bd70      	pop	{r4, r5, r6, pc}
100075f4:	6880      	ldr	r0, [r0, #8]
100075f6:	f000 fea1 	bl	1000833c <xTaskPriorityDisinherit>
100075fa:	2300      	movs	r3, #0
100075fc:	60a3      	str	r3, [r4, #8]
100075fe:	e7f6      	b.n	100075ee <prvCopyDataToQueue+0x16>
10007600:	2d00      	cmp	r5, #0
10007602:	d10e      	bne.n	10007622 <prvCopyDataToQueue+0x4a>
10007604:	6840      	ldr	r0, [r0, #4]
10007606:	f7fd f84b 	bl	100046a0 <__wrap___aeabi_memcpy>
1000760a:	6863      	ldr	r3, [r4, #4]
1000760c:	6c22      	ldr	r2, [r4, #64]	; 0x40
1000760e:	4694      	mov	ip, r2
10007610:	4463      	add	r3, ip
10007612:	6063      	str	r3, [r4, #4]
10007614:	68a2      	ldr	r2, [r4, #8]
10007616:	4293      	cmp	r3, r2
10007618:	d31b      	bcc.n	10007652 <prvCopyDataToQueue+0x7a>
1000761a:	6823      	ldr	r3, [r4, #0]
1000761c:	6063      	str	r3, [r4, #4]
1000761e:	0028      	movs	r0, r5
10007620:	e7e5      	b.n	100075ee <prvCopyDataToQueue+0x16>
10007622:	68c0      	ldr	r0, [r0, #12]
10007624:	f7fd f83c 	bl	100046a0 <__wrap___aeabi_memcpy>
10007628:	6c23      	ldr	r3, [r4, #64]	; 0x40
1000762a:	425a      	negs	r2, r3
1000762c:	68e1      	ldr	r1, [r4, #12]
1000762e:	1acb      	subs	r3, r1, r3
10007630:	60e3      	str	r3, [r4, #12]
10007632:	6821      	ldr	r1, [r4, #0]
10007634:	428b      	cmp	r3, r1
10007636:	d203      	bcs.n	10007640 <prvCopyDataToQueue+0x68>
10007638:	68a3      	ldr	r3, [r4, #8]
1000763a:	469c      	mov	ip, r3
1000763c:	4462      	add	r2, ip
1000763e:	60e2      	str	r2, [r4, #12]
10007640:	2d02      	cmp	r5, #2
10007642:	d001      	beq.n	10007648 <prvCopyDataToQueue+0x70>
10007644:	2000      	movs	r0, #0
10007646:	e7d2      	b.n	100075ee <prvCopyDataToQueue+0x16>
10007648:	2e00      	cmp	r6, #0
1000764a:	d004      	beq.n	10007656 <prvCopyDataToQueue+0x7e>
1000764c:	3e01      	subs	r6, #1
1000764e:	2000      	movs	r0, #0
10007650:	e7cd      	b.n	100075ee <prvCopyDataToQueue+0x16>
10007652:	0028      	movs	r0, r5
10007654:	e7cb      	b.n	100075ee <prvCopyDataToQueue+0x16>
10007656:	2000      	movs	r0, #0
10007658:	e7c9      	b.n	100075ee <prvCopyDataToQueue+0x16>

1000765a <prvCopyDataFromQueue>:
1000765a:	b510      	push	{r4, lr}
1000765c:	0003      	movs	r3, r0
1000765e:	0008      	movs	r0, r1
10007660:	6c1a      	ldr	r2, [r3, #64]	; 0x40
10007662:	2a00      	cmp	r2, #0
10007664:	d00a      	beq.n	1000767c <prvCopyDataFromQueue+0x22>
10007666:	68d9      	ldr	r1, [r3, #12]
10007668:	1889      	adds	r1, r1, r2
1000766a:	60d9      	str	r1, [r3, #12]
1000766c:	689c      	ldr	r4, [r3, #8]
1000766e:	42a1      	cmp	r1, r4
10007670:	d301      	bcc.n	10007676 <prvCopyDataFromQueue+0x1c>
10007672:	6819      	ldr	r1, [r3, #0]
10007674:	60d9      	str	r1, [r3, #12]
10007676:	68d9      	ldr	r1, [r3, #12]
10007678:	f7fd f812 	bl	100046a0 <__wrap___aeabi_memcpy>
1000767c:	bd10      	pop	{r4, pc}

1000767e <prvUnlockQueue>:
1000767e:	b570      	push	{r4, r5, r6, lr}
10007680:	0005      	movs	r5, r0
10007682:	f001 fa4f 	bl	10008b24 <vPortEnterCritical>
10007686:	2345      	movs	r3, #69	; 0x45
10007688:	5cec      	ldrb	r4, [r5, r3]
1000768a:	b264      	sxtb	r4, r4
1000768c:	e001      	b.n	10007692 <prvUnlockQueue+0x14>
1000768e:	3c01      	subs	r4, #1
10007690:	b264      	sxtb	r4, r4
10007692:	2c00      	cmp	r4, #0
10007694:	dd0b      	ble.n	100076ae <prvUnlockQueue+0x30>
10007696:	6a6b      	ldr	r3, [r5, #36]	; 0x24
10007698:	2b00      	cmp	r3, #0
1000769a:	d008      	beq.n	100076ae <prvUnlockQueue+0x30>
1000769c:	0028      	movs	r0, r5
1000769e:	3024      	adds	r0, #36	; 0x24
100076a0:	f000 fd7e 	bl	100081a0 <xTaskRemoveFromEventList>
100076a4:	2800      	cmp	r0, #0
100076a6:	d0f2      	beq.n	1000768e <prvUnlockQueue+0x10>
100076a8:	f000 fe30 	bl	1000830c <vTaskMissedYield>
100076ac:	e7ef      	b.n	1000768e <prvUnlockQueue+0x10>
100076ae:	2345      	movs	r3, #69	; 0x45
100076b0:	22ff      	movs	r2, #255	; 0xff
100076b2:	54ea      	strb	r2, [r5, r3]
100076b4:	f001 fa42 	bl	10008b3c <vPortExitCritical>
100076b8:	f001 fa34 	bl	10008b24 <vPortEnterCritical>
100076bc:	2344      	movs	r3, #68	; 0x44
100076be:	5cec      	ldrb	r4, [r5, r3]
100076c0:	b264      	sxtb	r4, r4
100076c2:	e001      	b.n	100076c8 <prvUnlockQueue+0x4a>
100076c4:	3c01      	subs	r4, #1
100076c6:	b264      	sxtb	r4, r4
100076c8:	2c00      	cmp	r4, #0
100076ca:	dd0b      	ble.n	100076e4 <prvUnlockQueue+0x66>
100076cc:	692b      	ldr	r3, [r5, #16]
100076ce:	2b00      	cmp	r3, #0
100076d0:	d008      	beq.n	100076e4 <prvUnlockQueue+0x66>
100076d2:	0028      	movs	r0, r5
100076d4:	3010      	adds	r0, #16
100076d6:	f000 fd63 	bl	100081a0 <xTaskRemoveFromEventList>
100076da:	2800      	cmp	r0, #0
100076dc:	d0f2      	beq.n	100076c4 <prvUnlockQueue+0x46>
100076de:	f000 fe15 	bl	1000830c <vTaskMissedYield>
100076e2:	e7ef      	b.n	100076c4 <prvUnlockQueue+0x46>
100076e4:	2344      	movs	r3, #68	; 0x44
100076e6:	22ff      	movs	r2, #255	; 0xff
100076e8:	54ea      	strb	r2, [r5, r3]
100076ea:	f001 fa27 	bl	10008b3c <vPortExitCritical>
100076ee:	bd70      	pop	{r4, r5, r6, pc}

100076f0 <xQueueGenericReset>:
100076f0:	b5f8      	push	{r3, r4, r5, r6, r7, lr}
100076f2:	0004      	movs	r4, r0
100076f4:	000d      	movs	r5, r1
100076f6:	2800      	cmp	r0, #0
100076f8:	d00f      	beq.n	1000771a <xQueueGenericReset+0x2a>
100076fa:	6bc3      	ldr	r3, [r0, #60]	; 0x3c
100076fc:	2b00      	cmp	r3, #0
100076fe:	d00a      	beq.n	10007716 <xQueueGenericReset+0x26>
10007700:	6c02      	ldr	r2, [r0, #64]	; 0x40
10007702:	2600      	movs	r6, #0
10007704:	0c17      	lsrs	r7, r2, #16
10007706:	0c19      	lsrs	r1, r3, #16
10007708:	2f00      	cmp	r7, #0
1000770a:	d10a      	bne.n	10007722 <xQueueGenericReset+0x32>
1000770c:	b288      	uxth	r0, r1
1000770e:	2800      	cmp	r0, #0
10007710:	d105      	bne.n	1000771e <xQueueGenericReset+0x2e>
10007712:	2e00      	cmp	r6, #0
10007714:	d016      	beq.n	10007744 <xQueueGenericReset+0x54>
10007716:	b672      	cpsid	i
10007718:	e7fe      	b.n	10007718 <xQueueGenericReset+0x28>
1000771a:	b672      	cpsid	i
1000771c:	e7fe      	b.n	1000771c <xQueueGenericReset+0x2c>
1000771e:	1c10      	adds	r0, r2, #0
10007720:	e004      	b.n	1000772c <xQueueGenericReset+0x3c>
10007722:	b289      	uxth	r1, r1
10007724:	2900      	cmp	r1, #0
10007726:	d10b      	bne.n	10007740 <xQueueGenericReset+0x50>
10007728:	1c39      	adds	r1, r7, #0
1000772a:	1c18      	adds	r0, r3, #0
1000772c:	b292      	uxth	r2, r2
1000772e:	b29b      	uxth	r3, r3
10007730:	4353      	muls	r3, r2
10007732:	b280      	uxth	r0, r0
10007734:	b289      	uxth	r1, r1
10007736:	4341      	muls	r1, r0
10007738:	0c1b      	lsrs	r3, r3, #16
1000773a:	18cb      	adds	r3, r1, r3
1000773c:	0c1b      	lsrs	r3, r3, #16
1000773e:	d0e8      	beq.n	10007712 <xQueueGenericReset+0x22>
10007740:	2601      	movs	r6, #1
10007742:	e7e6      	b.n	10007712 <xQueueGenericReset+0x22>
10007744:	f001 f9ee 	bl	10008b24 <vPortEnterCritical>
10007748:	6822      	ldr	r2, [r4, #0]
1000774a:	6be3      	ldr	r3, [r4, #60]	; 0x3c
1000774c:	6c20      	ldr	r0, [r4, #64]	; 0x40
1000774e:	0001      	movs	r1, r0
10007750:	4359      	muls	r1, r3
10007752:	1851      	adds	r1, r2, r1
10007754:	60a1      	str	r1, [r4, #8]
10007756:	2100      	movs	r1, #0
10007758:	63a1      	str	r1, [r4, #56]	; 0x38
1000775a:	6062      	str	r2, [r4, #4]
1000775c:	3b01      	subs	r3, #1
1000775e:	4343      	muls	r3, r0
10007760:	18d3      	adds	r3, r2, r3
10007762:	60e3      	str	r3, [r4, #12]
10007764:	23ff      	movs	r3, #255	; 0xff
10007766:	2244      	movs	r2, #68	; 0x44
10007768:	54a3      	strb	r3, [r4, r2]
1000776a:	3201      	adds	r2, #1
1000776c:	54a3      	strb	r3, [r4, r2]
1000776e:	2d00      	cmp	r5, #0
10007770:	d10f      	bne.n	10007792 <xQueueGenericReset+0xa2>
10007772:	6923      	ldr	r3, [r4, #16]
10007774:	2b00      	cmp	r3, #0
10007776:	d103      	bne.n	10007780 <xQueueGenericReset+0x90>
10007778:	f001 f9e0 	bl	10008b3c <vPortExitCritical>
1000777c:	2001      	movs	r0, #1
1000777e:	bdf8      	pop	{r3, r4, r5, r6, r7, pc}
10007780:	0020      	movs	r0, r4
10007782:	3010      	adds	r0, #16
10007784:	f000 fd0c 	bl	100081a0 <xTaskRemoveFromEventList>
10007788:	2800      	cmp	r0, #0
1000778a:	d0f5      	beq.n	10007778 <xQueueGenericReset+0x88>
1000778c:	f001 f976 	bl	10008a7c <vPortYield>
10007790:	e7f2      	b.n	10007778 <xQueueGenericReset+0x88>
10007792:	0020      	movs	r0, r4
10007794:	3010      	adds	r0, #16
10007796:	f001 f905 	bl	100089a4 <vListInitialise>
1000779a:	0020      	movs	r0, r4
1000779c:	3024      	adds	r0, #36	; 0x24
1000779e:	f001 f901 	bl	100089a4 <vListInitialise>
100077a2:	e7e9      	b.n	10007778 <xQueueGenericReset+0x88>

100077a4 <prvInitialiseNewQueue>:
100077a4:	b510      	push	{r4, lr}
100077a6:	0003      	movs	r3, r0
100077a8:	9802      	ldr	r0, [sp, #8]
100077aa:	2900      	cmp	r1, #0
100077ac:	d106      	bne.n	100077bc <prvInitialiseNewQueue+0x18>
100077ae:	6000      	str	r0, [r0, #0]
100077b0:	63c3      	str	r3, [r0, #60]	; 0x3c
100077b2:	6401      	str	r1, [r0, #64]	; 0x40
100077b4:	2101      	movs	r1, #1
100077b6:	f7ff ff9b 	bl	100076f0 <xQueueGenericReset>
100077ba:	bd10      	pop	{r4, pc}
100077bc:	6002      	str	r2, [r0, #0]
100077be:	e7f7      	b.n	100077b0 <prvInitialiseNewQueue+0xc>

100077c0 <xQueueGenericCreate>:
100077c0:	b5f0      	push	{r4, r5, r6, r7, lr}
100077c2:	b083      	sub	sp, #12
100077c4:	0004      	movs	r4, r0
100077c6:	000d      	movs	r5, r1
100077c8:	0016      	movs	r6, r2
100077ca:	2800      	cmp	r0, #0
100077cc:	d00e      	beq.n	100077ec <xQueueGenericCreate+0x2c>
100077ce:	2200      	movs	r2, #0
100077d0:	0c08      	lsrs	r0, r1, #16
100077d2:	0c23      	lsrs	r3, r4, #16
100077d4:	2800      	cmp	r0, #0
100077d6:	d118      	bne.n	1000780a <xQueueGenericCreate+0x4a>
100077d8:	b299      	uxth	r1, r3
100077da:	2900      	cmp	r1, #0
100077dc:	d108      	bne.n	100077f0 <xQueueGenericCreate+0x30>
100077de:	2a00      	cmp	r2, #0
100077e0:	d104      	bne.n	100077ec <xQueueGenericCreate+0x2c>
100077e2:	0028      	movs	r0, r5
100077e4:	4360      	muls	r0, r4
100077e6:	0003      	movs	r3, r0
100077e8:	3349      	adds	r3, #73	; 0x49
100077ea:	d914      	bls.n	10007816 <xQueueGenericCreate+0x56>
100077ec:	b672      	cpsid	i
100077ee:	e7fe      	b.n	100077ee <xQueueGenericCreate+0x2e>
100077f0:	1c28      	adds	r0, r5, #0
100077f2:	b2af      	uxth	r7, r5
100077f4:	b2a1      	uxth	r1, r4
100077f6:	4379      	muls	r1, r7
100077f8:	b280      	uxth	r0, r0
100077fa:	b29b      	uxth	r3, r3
100077fc:	4343      	muls	r3, r0
100077fe:	0c09      	lsrs	r1, r1, #16
10007800:	185b      	adds	r3, r3, r1
10007802:	0c1b      	lsrs	r3, r3, #16
10007804:	d0eb      	beq.n	100077de <xQueueGenericCreate+0x1e>
10007806:	2201      	movs	r2, #1
10007808:	e7e9      	b.n	100077de <xQueueGenericCreate+0x1e>
1000780a:	b29b      	uxth	r3, r3
1000780c:	2b00      	cmp	r3, #0
1000780e:	d1fa      	bne.n	10007806 <xQueueGenericCreate+0x46>
10007810:	1c03      	adds	r3, r0, #0
10007812:	1c20      	adds	r0, r4, #0
10007814:	e7ed      	b.n	100077f2 <xQueueGenericCreate+0x32>
10007816:	3048      	adds	r0, #72	; 0x48
10007818:	f000 fff2 	bl	10008800 <pvPortMalloc>
1000781c:	1e07      	subs	r7, r0, #0
1000781e:	d007      	beq.n	10007830 <xQueueGenericCreate+0x70>
10007820:	0002      	movs	r2, r0
10007822:	3248      	adds	r2, #72	; 0x48
10007824:	9000      	str	r0, [sp, #0]
10007826:	0033      	movs	r3, r6
10007828:	0029      	movs	r1, r5
1000782a:	0020      	movs	r0, r4
1000782c:	f7ff ffba 	bl	100077a4 <prvInitialiseNewQueue>
10007830:	0038      	movs	r0, r7
10007832:	b003      	add	sp, #12
10007834:	bdf0      	pop	{r4, r5, r6, r7, pc}

10007836 <xQueueGenericSendFromISR>:
10007836:	b5f0      	push	{r4, r5, r6, r7, lr}
10007838:	46c6      	mov	lr, r8
1000783a:	b500      	push	{lr}
1000783c:	b082      	sub	sp, #8
1000783e:	0004      	movs	r4, r0
10007840:	000f      	movs	r7, r1
10007842:	9201      	str	r2, [sp, #4]
10007844:	001d      	movs	r5, r3
10007846:	2800      	cmp	r0, #0
10007848:	d008      	beq.n	1000785c <xQueueGenericSendFromISR+0x26>
1000784a:	2900      	cmp	r1, #0
1000784c:	d008      	beq.n	10007860 <xQueueGenericSendFromISR+0x2a>
1000784e:	2d02      	cmp	r5, #2
10007850:	d10b      	bne.n	1000786a <xQueueGenericSendFromISR+0x34>
10007852:	6be3      	ldr	r3, [r4, #60]	; 0x3c
10007854:	2b01      	cmp	r3, #1
10007856:	d008      	beq.n	1000786a <xQueueGenericSendFromISR+0x34>
10007858:	b672      	cpsid	i
1000785a:	e7fe      	b.n	1000785a <xQueueGenericSendFromISR+0x24>
1000785c:	b672      	cpsid	i
1000785e:	e7fe      	b.n	1000785e <xQueueGenericSendFromISR+0x28>
10007860:	6c03      	ldr	r3, [r0, #64]	; 0x40
10007862:	2b00      	cmp	r3, #0
10007864:	d0f3      	beq.n	1000784e <xQueueGenericSendFromISR+0x18>
10007866:	b672      	cpsid	i
10007868:	e7fe      	b.n	10007868 <xQueueGenericSendFromISR+0x32>
1000786a:	f001 f977 	bl	10008b5c <ulSetInterruptMaskFromISR>
1000786e:	0006      	movs	r6, r0
10007870:	6ba3      	ldr	r3, [r4, #56]	; 0x38
10007872:	6be2      	ldr	r2, [r4, #60]	; 0x3c
10007874:	4293      	cmp	r3, r2
10007876:	d30a      	bcc.n	1000788e <xQueueGenericSendFromISR+0x58>
10007878:	2d02      	cmp	r5, #2
1000787a:	d008      	beq.n	1000788e <xQueueGenericSendFromISR+0x58>
1000787c:	2400      	movs	r4, #0
1000787e:	0030      	movs	r0, r6
10007880:	f001 f970 	bl	10008b64 <vClearInterruptMaskFromISR>
10007884:	0020      	movs	r0, r4
10007886:	b002      	add	sp, #8
10007888:	bc80      	pop	{r7}
1000788a:	46b8      	mov	r8, r7
1000788c:	bdf0      	pop	{r4, r5, r6, r7, pc}
1000788e:	2345      	movs	r3, #69	; 0x45
10007890:	5ce3      	ldrb	r3, [r4, r3]
10007892:	b25b      	sxtb	r3, r3
10007894:	4698      	mov	r8, r3
10007896:	6ba3      	ldr	r3, [r4, #56]	; 0x38
10007898:	002a      	movs	r2, r5
1000789a:	0039      	movs	r1, r7
1000789c:	0020      	movs	r0, r4
1000789e:	f7ff fe9b 	bl	100075d8 <prvCopyDataToQueue>
100078a2:	4643      	mov	r3, r8
100078a4:	3301      	adds	r3, #1
100078a6:	d111      	bne.n	100078cc <xQueueGenericSendFromISR+0x96>
100078a8:	6a63      	ldr	r3, [r4, #36]	; 0x24
100078aa:	2b00      	cmp	r3, #0
100078ac:	d101      	bne.n	100078b2 <xQueueGenericSendFromISR+0x7c>
100078ae:	2401      	movs	r4, #1
100078b0:	e7e5      	b.n	1000787e <xQueueGenericSendFromISR+0x48>
100078b2:	0020      	movs	r0, r4
100078b4:	3024      	adds	r0, #36	; 0x24
100078b6:	f000 fc73 	bl	100081a0 <xTaskRemoveFromEventList>
100078ba:	2800      	cmp	r0, #0
100078bc:	d015      	beq.n	100078ea <xQueueGenericSendFromISR+0xb4>
100078be:	9a01      	ldr	r2, [sp, #4]
100078c0:	2a00      	cmp	r2, #0
100078c2:	d014      	beq.n	100078ee <xQueueGenericSendFromISR+0xb8>
100078c4:	2301      	movs	r3, #1
100078c6:	6013      	str	r3, [r2, #0]
100078c8:	2401      	movs	r4, #1
100078ca:	e7d8      	b.n	1000787e <xQueueGenericSendFromISR+0x48>
100078cc:	f000 fa7e 	bl	10007dcc <uxTaskGetNumberOfTasks>
100078d0:	4580      	cmp	r8, r0
100078d2:	d20e      	bcs.n	100078f2 <xQueueGenericSendFromISR+0xbc>
100078d4:	4643      	mov	r3, r8
100078d6:	2b7f      	cmp	r3, #127	; 0x7f
100078d8:	d005      	beq.n	100078e6 <xQueueGenericSendFromISR+0xb0>
100078da:	3301      	adds	r3, #1
100078dc:	b25b      	sxtb	r3, r3
100078de:	2245      	movs	r2, #69	; 0x45
100078e0:	54a3      	strb	r3, [r4, r2]
100078e2:	2401      	movs	r4, #1
100078e4:	e7cb      	b.n	1000787e <xQueueGenericSendFromISR+0x48>
100078e6:	b672      	cpsid	i
100078e8:	e7fe      	b.n	100078e8 <xQueueGenericSendFromISR+0xb2>
100078ea:	2401      	movs	r4, #1
100078ec:	e7c7      	b.n	1000787e <xQueueGenericSendFromISR+0x48>
100078ee:	2401      	movs	r4, #1
100078f0:	e7c5      	b.n	1000787e <xQueueGenericSendFromISR+0x48>
100078f2:	2401      	movs	r4, #1
100078f4:	e7c3      	b.n	1000787e <xQueueGenericSendFromISR+0x48>

100078f6 <xQueueReceive>:
100078f6:	b5f0      	push	{r4, r5, r6, r7, lr}
100078f8:	b085      	sub	sp, #20
100078fa:	0004      	movs	r4, r0
100078fc:	000f      	movs	r7, r1
100078fe:	9201      	str	r2, [sp, #4]
10007900:	2800      	cmp	r0, #0
10007902:	d00a      	beq.n	1000791a <xQueueReceive+0x24>
10007904:	2900      	cmp	r1, #0
10007906:	d00a      	beq.n	1000791e <xQueueReceive+0x28>
10007908:	f000 fd06 	bl	10008318 <xTaskGetSchedulerState>
1000790c:	1e06      	subs	r6, r0, #0
1000790e:	d10b      	bne.n	10007928 <xQueueReceive+0x32>
10007910:	9b01      	ldr	r3, [sp, #4]
10007912:	2b00      	cmp	r3, #0
10007914:	d042      	beq.n	1000799c <xQueueReceive+0xa6>
10007916:	b672      	cpsid	i
10007918:	e7fe      	b.n	10007918 <xQueueReceive+0x22>
1000791a:	b672      	cpsid	i
1000791c:	e7fe      	b.n	1000791c <xQueueReceive+0x26>
1000791e:	6c03      	ldr	r3, [r0, #64]	; 0x40
10007920:	2b00      	cmp	r3, #0
10007922:	d0f1      	beq.n	10007908 <xQueueReceive+0x12>
10007924:	b672      	cpsid	i
10007926:	e7fe      	b.n	10007926 <xQueueReceive+0x30>
10007928:	2600      	movs	r6, #0
1000792a:	e037      	b.n	1000799c <xQueueReceive+0xa6>
1000792c:	0039      	movs	r1, r7
1000792e:	0020      	movs	r0, r4
10007930:	f7ff fe93 	bl	1000765a <prvCopyDataFromQueue>
10007934:	3d01      	subs	r5, #1
10007936:	63a5      	str	r5, [r4, #56]	; 0x38
10007938:	6923      	ldr	r3, [r4, #16]
1000793a:	2b00      	cmp	r3, #0
1000793c:	d104      	bne.n	10007948 <xQueueReceive+0x52>
1000793e:	f001 f8fd 	bl	10008b3c <vPortExitCritical>
10007942:	2001      	movs	r0, #1
10007944:	b005      	add	sp, #20
10007946:	bdf0      	pop	{r4, r5, r6, r7, pc}
10007948:	0020      	movs	r0, r4
1000794a:	3010      	adds	r0, #16
1000794c:	f000 fc28 	bl	100081a0 <xTaskRemoveFromEventList>
10007950:	2800      	cmp	r0, #0
10007952:	d0f4      	beq.n	1000793e <xQueueReceive+0x48>
10007954:	f001 f892 	bl	10008a7c <vPortYield>
10007958:	e7f1      	b.n	1000793e <xQueueReceive+0x48>
1000795a:	f001 f8ef 	bl	10008b3c <vPortExitCritical>
1000795e:	2000      	movs	r0, #0
10007960:	e7f0      	b.n	10007944 <xQueueReceive+0x4e>
10007962:	a802      	add	r0, sp, #8
10007964:	f000 fc90 	bl	10008288 <vTaskInternalSetTimeOutState>
10007968:	3601      	adds	r6, #1
1000796a:	e021      	b.n	100079b0 <xQueueReceive+0xba>
1000796c:	2344      	movs	r3, #68	; 0x44
1000796e:	2200      	movs	r2, #0
10007970:	54e2      	strb	r2, [r4, r3]
10007972:	e028      	b.n	100079c6 <xQueueReceive+0xd0>
10007974:	2345      	movs	r3, #69	; 0x45
10007976:	2200      	movs	r2, #0
10007978:	54e2      	strb	r2, [r4, r3]
1000797a:	e029      	b.n	100079d0 <xQueueReceive+0xda>
1000797c:	0020      	movs	r0, r4
1000797e:	f7ff fe7e 	bl	1000767e <prvUnlockQueue>
10007982:	f000 fadb 	bl	10007f3c <xTaskResumeAll>
10007986:	e009      	b.n	1000799c <xQueueReceive+0xa6>
10007988:	0020      	movs	r0, r4
1000798a:	f7ff fe78 	bl	1000767e <prvUnlockQueue>
1000798e:	f000 fad5 	bl	10007f3c <xTaskResumeAll>
10007992:	0020      	movs	r0, r4
10007994:	f7ff fe12 	bl	100075bc <prvIsQueueEmpty>
10007998:	2800      	cmp	r0, #0
1000799a:	d135      	bne.n	10007a08 <xQueueReceive+0x112>
1000799c:	f001 f8c2 	bl	10008b24 <vPortEnterCritical>
100079a0:	6ba5      	ldr	r5, [r4, #56]	; 0x38
100079a2:	2d00      	cmp	r5, #0
100079a4:	d1c2      	bne.n	1000792c <xQueueReceive+0x36>
100079a6:	9b01      	ldr	r3, [sp, #4]
100079a8:	2b00      	cmp	r3, #0
100079aa:	d0d6      	beq.n	1000795a <xQueueReceive+0x64>
100079ac:	2e00      	cmp	r6, #0
100079ae:	d0d8      	beq.n	10007962 <xQueueReceive+0x6c>
100079b0:	f001 f8c4 	bl	10008b3c <vPortExitCritical>
100079b4:	f000 f9fc 	bl	10007db0 <vTaskSuspendAll>
100079b8:	f001 f8b4 	bl	10008b24 <vPortEnterCritical>
100079bc:	2344      	movs	r3, #68	; 0x44
100079be:	5ce3      	ldrb	r3, [r4, r3]
100079c0:	b25b      	sxtb	r3, r3
100079c2:	3301      	adds	r3, #1
100079c4:	d0d2      	beq.n	1000796c <xQueueReceive+0x76>
100079c6:	2345      	movs	r3, #69	; 0x45
100079c8:	5ce3      	ldrb	r3, [r4, r3]
100079ca:	b25b      	sxtb	r3, r3
100079cc:	3301      	adds	r3, #1
100079ce:	d0d1      	beq.n	10007974 <xQueueReceive+0x7e>
100079d0:	f001 f8b4 	bl	10008b3c <vPortExitCritical>
100079d4:	a901      	add	r1, sp, #4
100079d6:	a802      	add	r0, sp, #8
100079d8:	f000 fc62 	bl	100082a0 <xTaskCheckForTimeOut>
100079dc:	2800      	cmp	r0, #0
100079de:	d1d3      	bne.n	10007988 <xQueueReceive+0x92>
100079e0:	0020      	movs	r0, r4
100079e2:	f7ff fdeb 	bl	100075bc <prvIsQueueEmpty>
100079e6:	2800      	cmp	r0, #0
100079e8:	d0c8      	beq.n	1000797c <xQueueReceive+0x86>
100079ea:	0020      	movs	r0, r4
100079ec:	3024      	adds	r0, #36	; 0x24
100079ee:	9901      	ldr	r1, [sp, #4]
100079f0:	f000 fba0 	bl	10008134 <vTaskPlaceOnEventList>
100079f4:	0020      	movs	r0, r4
100079f6:	f7ff fe42 	bl	1000767e <prvUnlockQueue>
100079fa:	f000 fa9f 	bl	10007f3c <xTaskResumeAll>
100079fe:	2800      	cmp	r0, #0
10007a00:	d1cc      	bne.n	1000799c <xQueueReceive+0xa6>
10007a02:	f001 f83b 	bl	10008a7c <vPortYield>
10007a06:	e7c9      	b.n	1000799c <xQueueReceive+0xa6>
10007a08:	2000      	movs	r0, #0
10007a0a:	e79b      	b.n	10007944 <xQueueReceive+0x4e>

10007a0c <vQueueWaitForMessageRestricted>:
10007a0c:	b570      	push	{r4, r5, r6, lr}
10007a0e:	0004      	movs	r4, r0
10007a10:	000d      	movs	r5, r1
10007a12:	0016      	movs	r6, r2
10007a14:	f001 f886 	bl	10008b24 <vPortEnterCritical>
10007a18:	2344      	movs	r3, #68	; 0x44
10007a1a:	5ce3      	ldrb	r3, [r4, r3]
10007a1c:	b25b      	sxtb	r3, r3
10007a1e:	3301      	adds	r3, #1
10007a20:	d00d      	beq.n	10007a3e <vQueueWaitForMessageRestricted+0x32>
10007a22:	2345      	movs	r3, #69	; 0x45
10007a24:	5ce3      	ldrb	r3, [r4, r3]
10007a26:	b25b      	sxtb	r3, r3
10007a28:	3301      	adds	r3, #1
10007a2a:	d00c      	beq.n	10007a46 <vQueueWaitForMessageRestricted+0x3a>
10007a2c:	f001 f886 	bl	10008b3c <vPortExitCritical>
10007a30:	6ba3      	ldr	r3, [r4, #56]	; 0x38
10007a32:	2b00      	cmp	r3, #0
10007a34:	d00b      	beq.n	10007a4e <vQueueWaitForMessageRestricted+0x42>
10007a36:	0020      	movs	r0, r4
10007a38:	f7ff fe21 	bl	1000767e <prvUnlockQueue>
10007a3c:	bd70      	pop	{r4, r5, r6, pc}
10007a3e:	2344      	movs	r3, #68	; 0x44
10007a40:	2200      	movs	r2, #0
10007a42:	54e2      	strb	r2, [r4, r3]
10007a44:	e7ed      	b.n	10007a22 <vQueueWaitForMessageRestricted+0x16>
10007a46:	2345      	movs	r3, #69	; 0x45
10007a48:	2200      	movs	r2, #0
10007a4a:	54e2      	strb	r2, [r4, r3]
10007a4c:	e7ee      	b.n	10007a2c <vQueueWaitForMessageRestricted+0x20>
10007a4e:	0020      	movs	r0, r4
10007a50:	3024      	adds	r0, #36	; 0x24
10007a52:	0032      	movs	r2, r6
10007a54:	0029      	movs	r1, r5
10007a56:	f000 fb7f 	bl	10008158 <vTaskPlaceOnEventListRestricted>
10007a5a:	e7ec      	b.n	10007a36 <vQueueWaitForMessageRestricted+0x2a>

10007a5c <prvResetNextTaskUnblockTime>:
10007a5c:	4b08      	ldr	r3, [pc, #32]	; (10007a80 <prvResetNextTaskUnblockTime+0x24>)
10007a5e:	681b      	ldr	r3, [r3, #0]
10007a60:	681b      	ldr	r3, [r3, #0]
10007a62:	2b00      	cmp	r3, #0
10007a64:	d104      	bne.n	10007a70 <prvResetNextTaskUnblockTime+0x14>
10007a66:	4b07      	ldr	r3, [pc, #28]	; (10007a84 <prvResetNextTaskUnblockTime+0x28>)
10007a68:	2201      	movs	r2, #1
10007a6a:	4252      	negs	r2, r2
10007a6c:	601a      	str	r2, [r3, #0]
10007a6e:	4770      	bx	lr
10007a70:	4b03      	ldr	r3, [pc, #12]	; (10007a80 <prvResetNextTaskUnblockTime+0x24>)
10007a72:	681b      	ldr	r3, [r3, #0]
10007a74:	68db      	ldr	r3, [r3, #12]
10007a76:	681a      	ldr	r2, [r3, #0]
10007a78:	4b02      	ldr	r3, [pc, #8]	; (10007a84 <prvResetNextTaskUnblockTime+0x28>)
10007a7a:	601a      	str	r2, [r3, #0]
10007a7c:	e7f7      	b.n	10007a6e <prvResetNextTaskUnblockTime+0x12>
10007a7e:	46c0      	nop			; (mov r8, r8)
10007a80:	20001c60 	.word	0x20001c60
10007a84:	20011f9c 	.word	0x20011f9c

10007a88 <prvInitialiseNewTask>:
10007a88:	b5f8      	push	{r3, r4, r5, r6, r7, lr}
10007a8a:	0004      	movs	r4, r0
10007a8c:	001d      	movs	r5, r3
10007a8e:	9e08      	ldr	r6, [sp, #32]
10007a90:	4b1c      	ldr	r3, [pc, #112]	; (10007b04 <prvInitialiseNewTask+0x7c>)
10007a92:	469c      	mov	ip, r3
10007a94:	4462      	add	r2, ip
10007a96:	0097      	lsls	r7, r2, #2
10007a98:	6b33      	ldr	r3, [r6, #48]	; 0x30
10007a9a:	469c      	mov	ip, r3
10007a9c:	4467      	add	r7, ip
10007a9e:	2307      	movs	r3, #7
10007aa0:	439f      	bics	r7, r3
10007aa2:	2900      	cmp	r1, #0
10007aa4:	d00e      	beq.n	10007ac4 <prvInitialiseNewTask+0x3c>
10007aa6:	2200      	movs	r2, #0
10007aa8:	2a0f      	cmp	r2, #15
10007aaa:	d808      	bhi.n	10007abe <prvInitialiseNewTask+0x36>
10007aac:	5c88      	ldrb	r0, [r1, r2]
10007aae:	18b3      	adds	r3, r6, r2
10007ab0:	3334      	adds	r3, #52	; 0x34
10007ab2:	7018      	strb	r0, [r3, #0]
10007ab4:	5c8b      	ldrb	r3, [r1, r2]
10007ab6:	2b00      	cmp	r3, #0
10007ab8:	d001      	beq.n	10007abe <prvInitialiseNewTask+0x36>
10007aba:	3201      	adds	r2, #1
10007abc:	e7f4      	b.n	10007aa8 <prvInitialiseNewTask+0x20>
10007abe:	2343      	movs	r3, #67	; 0x43
10007ac0:	2200      	movs	r2, #0
10007ac2:	54f2      	strb	r2, [r6, r3]
10007ac4:	9b06      	ldr	r3, [sp, #24]
10007ac6:	2b04      	cmp	r3, #4
10007ac8:	d901      	bls.n	10007ace <prvInitialiseNewTask+0x46>
10007aca:	b672      	cpsid	i
10007acc:	e7fe      	b.n	10007acc <prvInitialiseNewTask+0x44>
10007ace:	9b06      	ldr	r3, [sp, #24]
10007ad0:	62f3      	str	r3, [r6, #44]	; 0x2c
10007ad2:	6473      	str	r3, [r6, #68]	; 0x44
10007ad4:	1d30      	adds	r0, r6, #4
10007ad6:	f000 ff70 	bl	100089ba <vListInitialiseItem>
10007ada:	0030      	movs	r0, r6
10007adc:	3018      	adds	r0, #24
10007ade:	f000 ff6c 	bl	100089ba <vListInitialiseItem>
10007ae2:	6136      	str	r6, [r6, #16]
10007ae4:	2305      	movs	r3, #5
10007ae6:	9a06      	ldr	r2, [sp, #24]
10007ae8:	1a9b      	subs	r3, r3, r2
10007aea:	61b3      	str	r3, [r6, #24]
10007aec:	6276      	str	r6, [r6, #36]	; 0x24
10007aee:	002a      	movs	r2, r5
10007af0:	0021      	movs	r1, r4
10007af2:	0038      	movs	r0, r7
10007af4:	f000 ffb2 	bl	10008a5c <pxPortInitialiseStack>
10007af8:	6030      	str	r0, [r6, #0]
10007afa:	9b07      	ldr	r3, [sp, #28]
10007afc:	2b00      	cmp	r3, #0
10007afe:	d000      	beq.n	10007b02 <prvInitialiseNewTask+0x7a>
10007b00:	601e      	str	r6, [r3, #0]
10007b02:	bdf8      	pop	{r3, r4, r5, r6, r7, pc}
10007b04:	3fffffff 	.word	0x3fffffff

10007b08 <prvIdleTask>:
10007b08:	b510      	push	{r4, lr}
10007b0a:	4b03      	ldr	r3, [pc, #12]	; (10007b18 <prvIdleTask+0x10>)
10007b0c:	681b      	ldr	r3, [r3, #0]
10007b0e:	2b01      	cmp	r3, #1
10007b10:	d9fb      	bls.n	10007b0a <prvIdleTask+0x2>
10007b12:	f000 ffb3 	bl	10008a7c <vPortYield>
10007b16:	e7f8      	b.n	10007b0a <prvIdleTask+0x2>
10007b18:	20001c70 	.word	0x20001c70

10007b1c <prvInitialiseTaskLists>:
10007b1c:	b570      	push	{r4, r5, r6, lr}
10007b1e:	2400      	movs	r4, #0
10007b20:	e007      	b.n	10007b32 <prvInitialiseTaskLists+0x16>
10007b22:	00a3      	lsls	r3, r4, #2
10007b24:	191b      	adds	r3, r3, r4
10007b26:	009a      	lsls	r2, r3, #2
10007b28:	480c      	ldr	r0, [pc, #48]	; (10007b5c <prvInitialiseTaskLists+0x40>)
10007b2a:	1880      	adds	r0, r0, r2
10007b2c:	f000 ff3a 	bl	100089a4 <vListInitialise>
10007b30:	3401      	adds	r4, #1
10007b32:	2c04      	cmp	r4, #4
10007b34:	d9f5      	bls.n	10007b22 <prvInitialiseTaskLists+0x6>
10007b36:	4d0a      	ldr	r5, [pc, #40]	; (10007b60 <prvInitialiseTaskLists+0x44>)
10007b38:	0028      	movs	r0, r5
10007b3a:	f000 ff33 	bl	100089a4 <vListInitialise>
10007b3e:	4c09      	ldr	r4, [pc, #36]	; (10007b64 <prvInitialiseTaskLists+0x48>)
10007b40:	0020      	movs	r0, r4
10007b42:	f000 ff2f 	bl	100089a4 <vListInitialise>
10007b46:	4808      	ldr	r0, [pc, #32]	; (10007b68 <prvInitialiseTaskLists+0x4c>)
10007b48:	f000 ff2c 	bl	100089a4 <vListInitialise>
10007b4c:	4807      	ldr	r0, [pc, #28]	; (10007b6c <prvInitialiseTaskLists+0x50>)
10007b4e:	f000 ff29 	bl	100089a4 <vListInitialise>
10007b52:	4b07      	ldr	r3, [pc, #28]	; (10007b70 <prvInitialiseTaskLists+0x54>)
10007b54:	601d      	str	r5, [r3, #0]
10007b56:	4b07      	ldr	r3, [pc, #28]	; (10007b74 <prvInitialiseTaskLists+0x58>)
10007b58:	601c      	str	r4, [r3, #0]
10007b5a:	bd70      	pop	{r4, r5, r6, pc}
10007b5c:	20001c70 	.word	0x20001c70
10007b60:	20011f60 	.word	0x20011f60
10007b64:	20011f74 	.word	0x20011f74
10007b68:	20011fb0 	.word	0x20011fb0
10007b6c:	20011fd0 	.word	0x20011fd0
10007b70:	20001c60 	.word	0x20001c60
10007b74:	20001c68 	.word	0x20001c68

10007b78 <prvAddNewTaskToReadyList>:
10007b78:	b510      	push	{r4, lr}
10007b7a:	0004      	movs	r4, r0
10007b7c:	f000 ffd2 	bl	10008b24 <vPortEnterCritical>
10007b80:	4a28      	ldr	r2, [pc, #160]	; (10007c24 <prvAddNewTaskToReadyList+0xac>)
10007b82:	6813      	ldr	r3, [r2, #0]
10007b84:	3301      	adds	r3, #1
10007b86:	6013      	str	r3, [r2, #0]
10007b88:	4b27      	ldr	r3, [pc, #156]	; (10007c28 <prvAddNewTaskToReadyList+0xb0>)
10007b8a:	681b      	ldr	r3, [r3, #0]
10007b8c:	2b00      	cmp	r3, #0
10007b8e:	d00c      	beq.n	10007baa <prvAddNewTaskToReadyList+0x32>
10007b90:	4b26      	ldr	r3, [pc, #152]	; (10007c2c <prvAddNewTaskToReadyList+0xb4>)
10007b92:	681b      	ldr	r3, [r3, #0]
10007b94:	2b00      	cmp	r3, #0
10007b96:	d10d      	bne.n	10007bb4 <prvAddNewTaskToReadyList+0x3c>
10007b98:	4b23      	ldr	r3, [pc, #140]	; (10007c28 <prvAddNewTaskToReadyList+0xb0>)
10007b9a:	681b      	ldr	r3, [r3, #0]
10007b9c:	6adb      	ldr	r3, [r3, #44]	; 0x2c
10007b9e:	6ae2      	ldr	r2, [r4, #44]	; 0x2c
10007ba0:	4293      	cmp	r3, r2
10007ba2:	d807      	bhi.n	10007bb4 <prvAddNewTaskToReadyList+0x3c>
10007ba4:	4b20      	ldr	r3, [pc, #128]	; (10007c28 <prvAddNewTaskToReadyList+0xb0>)
10007ba6:	601c      	str	r4, [r3, #0]
10007ba8:	e004      	b.n	10007bb4 <prvAddNewTaskToReadyList+0x3c>
10007baa:	4b1f      	ldr	r3, [pc, #124]	; (10007c28 <prvAddNewTaskToReadyList+0xb0>)
10007bac:	601c      	str	r4, [r3, #0]
10007bae:	6813      	ldr	r3, [r2, #0]
10007bb0:	2b01      	cmp	r3, #1
10007bb2:	d030      	beq.n	10007c16 <prvAddNewTaskToReadyList+0x9e>
10007bb4:	4a1e      	ldr	r2, [pc, #120]	; (10007c30 <prvAddNewTaskToReadyList+0xb8>)
10007bb6:	6813      	ldr	r3, [r2, #0]
10007bb8:	3301      	adds	r3, #1
10007bba:	6013      	str	r3, [r2, #0]
10007bbc:	6ae2      	ldr	r2, [r4, #44]	; 0x2c
10007bbe:	4b1d      	ldr	r3, [pc, #116]	; (10007c34 <prvAddNewTaskToReadyList+0xbc>)
10007bc0:	681b      	ldr	r3, [r3, #0]
10007bc2:	429a      	cmp	r2, r3
10007bc4:	d901      	bls.n	10007bca <prvAddNewTaskToReadyList+0x52>
10007bc6:	4b1b      	ldr	r3, [pc, #108]	; (10007c34 <prvAddNewTaskToReadyList+0xbc>)
10007bc8:	601a      	str	r2, [r3, #0]
10007bca:	491b      	ldr	r1, [pc, #108]	; (10007c38 <prvAddNewTaskToReadyList+0xc0>)
10007bcc:	0093      	lsls	r3, r2, #2
10007bce:	189b      	adds	r3, r3, r2
10007bd0:	009b      	lsls	r3, r3, #2
10007bd2:	18cb      	adds	r3, r1, r3
10007bd4:	685b      	ldr	r3, [r3, #4]
10007bd6:	60a3      	str	r3, [r4, #8]
10007bd8:	6898      	ldr	r0, [r3, #8]
10007bda:	60e0      	str	r0, [r4, #12]
10007bdc:	1d22      	adds	r2, r4, #4
10007bde:	6042      	str	r2, [r0, #4]
10007be0:	609a      	str	r2, [r3, #8]
10007be2:	6ae0      	ldr	r0, [r4, #44]	; 0x2c
10007be4:	0083      	lsls	r3, r0, #2
10007be6:	181a      	adds	r2, r3, r0
10007be8:	0092      	lsls	r2, r2, #2
10007bea:	188a      	adds	r2, r1, r2
10007bec:	6162      	str	r2, [r4, #20]
10007bee:	181a      	adds	r2, r3, r0
10007bf0:	0092      	lsls	r2, r2, #2
10007bf2:	5852      	ldr	r2, [r2, r1]
10007bf4:	3201      	adds	r2, #1
10007bf6:	181b      	adds	r3, r3, r0
10007bf8:	009b      	lsls	r3, r3, #2
10007bfa:	505a      	str	r2, [r3, r1]
10007bfc:	f000 ff9e 	bl	10008b3c <vPortExitCritical>
10007c00:	4b0a      	ldr	r3, [pc, #40]	; (10007c2c <prvAddNewTaskToReadyList+0xb4>)
10007c02:	681b      	ldr	r3, [r3, #0]
10007c04:	2b00      	cmp	r3, #0
10007c06:	d005      	beq.n	10007c14 <prvAddNewTaskToReadyList+0x9c>
10007c08:	4b07      	ldr	r3, [pc, #28]	; (10007c28 <prvAddNewTaskToReadyList+0xb0>)
10007c0a:	681b      	ldr	r3, [r3, #0]
10007c0c:	6ada      	ldr	r2, [r3, #44]	; 0x2c
10007c0e:	6ae3      	ldr	r3, [r4, #44]	; 0x2c
10007c10:	429a      	cmp	r2, r3
10007c12:	d303      	bcc.n	10007c1c <prvAddNewTaskToReadyList+0xa4>
10007c14:	bd10      	pop	{r4, pc}
10007c16:	f7ff ff81 	bl	10007b1c <prvInitialiseTaskLists>
10007c1a:	e7cb      	b.n	10007bb4 <prvAddNewTaskToReadyList+0x3c>
10007c1c:	f000 ff2e 	bl	10008a7c <vPortYield>
10007c20:	e7f8      	b.n	10007c14 <prvAddNewTaskToReadyList+0x9c>
10007c22:	46c0      	nop			; (mov r8, r8)
10007c24:	20011f28 	.word	0x20011f28
10007c28:	20001c58 	.word	0x20001c58
10007c2c:	20011fc4 	.word	0x20011fc4
10007c30:	20011f30 	.word	0x20011f30
10007c34:	20011f34 	.word	0x20011f34
10007c38:	20001c70 	.word	0x20001c70

10007c3c <prvAddCurrentTaskToDelayedList>:
10007c3c:	b570      	push	{r4, r5, r6, lr}
10007c3e:	0004      	movs	r4, r0
10007c40:	000d      	movs	r5, r1
10007c42:	4b1d      	ldr	r3, [pc, #116]	; (10007cb8 <prvAddCurrentTaskToDelayedList+0x7c>)
10007c44:	681e      	ldr	r6, [r3, #0]
10007c46:	4b1d      	ldr	r3, [pc, #116]	; (10007cbc <prvAddCurrentTaskToDelayedList+0x80>)
10007c48:	6818      	ldr	r0, [r3, #0]
10007c4a:	3004      	adds	r0, #4
10007c4c:	f000 fecf 	bl	100089ee <uxListRemove>
10007c50:	1c63      	adds	r3, r4, #1
10007c52:	d00d      	beq.n	10007c70 <prvAddCurrentTaskToDelayedList+0x34>
10007c54:	1934      	adds	r4, r6, r4
10007c56:	4b19      	ldr	r3, [pc, #100]	; (10007cbc <prvAddCurrentTaskToDelayedList+0x80>)
10007c58:	681b      	ldr	r3, [r3, #0]
10007c5a:	605c      	str	r4, [r3, #4]
10007c5c:	42a6      	cmp	r6, r4
10007c5e:	d91d      	bls.n	10007c9c <prvAddCurrentTaskToDelayedList+0x60>
10007c60:	4b17      	ldr	r3, [pc, #92]	; (10007cc0 <prvAddCurrentTaskToDelayedList+0x84>)
10007c62:	6818      	ldr	r0, [r3, #0]
10007c64:	4b15      	ldr	r3, [pc, #84]	; (10007cbc <prvAddCurrentTaskToDelayedList+0x80>)
10007c66:	6819      	ldr	r1, [r3, #0]
10007c68:	3104      	adds	r1, #4
10007c6a:	f000 fea9 	bl	100089c0 <vListInsert>
10007c6e:	bd70      	pop	{r4, r5, r6, pc}
10007c70:	2d00      	cmp	r5, #0
10007c72:	d0ef      	beq.n	10007c54 <prvAddCurrentTaskToDelayedList+0x18>
10007c74:	4a13      	ldr	r2, [pc, #76]	; (10007cc4 <prvAddCurrentTaskToDelayedList+0x88>)
10007c76:	6851      	ldr	r1, [r2, #4]
10007c78:	4b10      	ldr	r3, [pc, #64]	; (10007cbc <prvAddCurrentTaskToDelayedList+0x80>)
10007c7a:	6818      	ldr	r0, [r3, #0]
10007c7c:	6081      	str	r1, [r0, #8]
10007c7e:	6818      	ldr	r0, [r3, #0]
10007c80:	688c      	ldr	r4, [r1, #8]
10007c82:	60c4      	str	r4, [r0, #12]
10007c84:	6818      	ldr	r0, [r3, #0]
10007c86:	3004      	adds	r0, #4
10007c88:	6060      	str	r0, [r4, #4]
10007c8a:	6818      	ldr	r0, [r3, #0]
10007c8c:	3004      	adds	r0, #4
10007c8e:	6088      	str	r0, [r1, #8]
10007c90:	681b      	ldr	r3, [r3, #0]
10007c92:	615a      	str	r2, [r3, #20]
10007c94:	6813      	ldr	r3, [r2, #0]
10007c96:	3301      	adds	r3, #1
10007c98:	6013      	str	r3, [r2, #0]
10007c9a:	e7e8      	b.n	10007c6e <prvAddCurrentTaskToDelayedList+0x32>
10007c9c:	4b0a      	ldr	r3, [pc, #40]	; (10007cc8 <prvAddCurrentTaskToDelayedList+0x8c>)
10007c9e:	6818      	ldr	r0, [r3, #0]
10007ca0:	4b06      	ldr	r3, [pc, #24]	; (10007cbc <prvAddCurrentTaskToDelayedList+0x80>)
10007ca2:	6819      	ldr	r1, [r3, #0]
10007ca4:	3104      	adds	r1, #4
10007ca6:	f000 fe8b 	bl	100089c0 <vListInsert>
10007caa:	4b08      	ldr	r3, [pc, #32]	; (10007ccc <prvAddCurrentTaskToDelayedList+0x90>)
10007cac:	681b      	ldr	r3, [r3, #0]
10007cae:	42a3      	cmp	r3, r4
10007cb0:	d9dd      	bls.n	10007c6e <prvAddCurrentTaskToDelayedList+0x32>
10007cb2:	4b06      	ldr	r3, [pc, #24]	; (10007ccc <prvAddCurrentTaskToDelayedList+0x90>)
10007cb4:	601c      	str	r4, [r3, #0]
10007cb6:	e7da      	b.n	10007c6e <prvAddCurrentTaskToDelayedList+0x32>
10007cb8:	20011fe4 	.word	0x20011fe4
10007cbc:	20001c58 	.word	0x20001c58
10007cc0:	20001c68 	.word	0x20001c68
10007cc4:	20011fd0 	.word	0x20011fd0
10007cc8:	20001c60 	.word	0x20001c60
10007ccc:	20011f9c 	.word	0x20011f9c

10007cd0 <xTaskCreate>:
10007cd0:	b5f0      	push	{r4, r5, r6, r7, lr}
10007cd2:	b087      	sub	sp, #28
10007cd4:	9004      	str	r0, [sp, #16]
10007cd6:	9105      	str	r1, [sp, #20]
10007cd8:	0016      	movs	r6, r2
10007cda:	001f      	movs	r7, r3
10007cdc:	0090      	lsls	r0, r2, #2
10007cde:	f000 fd8f 	bl	10008800 <pvPortMalloc>
10007ce2:	1e04      	subs	r4, r0, #0
10007ce4:	d021      	beq.n	10007d2a <xTaskCreate+0x5a>
10007ce6:	2054      	movs	r0, #84	; 0x54
10007ce8:	f000 fd8a 	bl	10008800 <pvPortMalloc>
10007cec:	1e05      	subs	r5, r0, #0
10007cee:	d018      	beq.n	10007d22 <xTaskCreate+0x52>
10007cf0:	2254      	movs	r2, #84	; 0x54
10007cf2:	2100      	movs	r1, #0
10007cf4:	f7fc fcce 	bl	10004694 <__wrap_memset>
10007cf8:	632c      	str	r4, [r5, #48]	; 0x30
10007cfa:	2d00      	cmp	r5, #0
10007cfc:	d019      	beq.n	10007d32 <xTaskCreate+0x62>
10007cfe:	2300      	movs	r3, #0
10007d00:	9303      	str	r3, [sp, #12]
10007d02:	9502      	str	r5, [sp, #8]
10007d04:	9b0d      	ldr	r3, [sp, #52]	; 0x34
10007d06:	9301      	str	r3, [sp, #4]
10007d08:	9b0c      	ldr	r3, [sp, #48]	; 0x30
10007d0a:	9300      	str	r3, [sp, #0]
10007d0c:	003b      	movs	r3, r7
10007d0e:	0032      	movs	r2, r6
10007d10:	9905      	ldr	r1, [sp, #20]
10007d12:	9804      	ldr	r0, [sp, #16]
10007d14:	f7ff feb8 	bl	10007a88 <prvInitialiseNewTask>
10007d18:	0028      	movs	r0, r5
10007d1a:	f7ff ff2d 	bl	10007b78 <prvAddNewTaskToReadyList>
10007d1e:	2001      	movs	r0, #1
10007d20:	e005      	b.n	10007d2e <xTaskCreate+0x5e>
10007d22:	0020      	movs	r0, r4
10007d24:	f000 fe02 	bl	1000892c <vPortFree>
10007d28:	e7e7      	b.n	10007cfa <xTaskCreate+0x2a>
10007d2a:	2001      	movs	r0, #1
10007d2c:	4240      	negs	r0, r0
10007d2e:	b007      	add	sp, #28
10007d30:	bdf0      	pop	{r4, r5, r6, r7, pc}
10007d32:	2001      	movs	r0, #1
10007d34:	4240      	negs	r0, r0
10007d36:	e7fa      	b.n	10007d2e <xTaskCreate+0x5e>

10007d38 <prvCreateIdleTasks>:
10007d38:	b500      	push	{lr}
10007d3a:	b083      	sub	sp, #12
10007d3c:	2280      	movs	r2, #128	; 0x80
10007d3e:	4b05      	ldr	r3, [pc, #20]	; (10007d54 <prvCreateIdleTasks+0x1c>)
10007d40:	9301      	str	r3, [sp, #4]
10007d42:	2300      	movs	r3, #0
10007d44:	9300      	str	r3, [sp, #0]
10007d46:	0052      	lsls	r2, r2, #1
10007d48:	4903      	ldr	r1, [pc, #12]	; (10007d58 <prvCreateIdleTasks+0x20>)
10007d4a:	4804      	ldr	r0, [pc, #16]	; (10007d5c <prvCreateIdleTasks+0x24>)
10007d4c:	f7ff ffc0 	bl	10007cd0 <xTaskCreate>
10007d50:	b003      	add	sp, #12
10007d52:	bd00      	pop	{pc}
10007d54:	20011f90 	.word	0x20011f90
10007d58:	1000a8ec 	.word	0x1000a8ec
10007d5c:	10007b09 	.word	0x10007b09

10007d60 <vTaskStartScheduler>:
10007d60:	b510      	push	{r4, lr}
10007d62:	f7ff ffe9 	bl	10007d38 <prvCreateIdleTasks>
10007d66:	2801      	cmp	r0, #1
10007d68:	d006      	beq.n	10007d78 <vTaskStartScheduler+0x18>
10007d6a:	2801      	cmp	r0, #1
10007d6c:	d007      	beq.n	10007d7e <vTaskStartScheduler+0x1e>
10007d6e:	1c43      	adds	r3, r0, #1
10007d70:	d013      	beq.n	10007d9a <vTaskStartScheduler+0x3a>
10007d72:	4b0b      	ldr	r3, [pc, #44]	; (10007da0 <vTaskStartScheduler+0x40>)
10007d74:	681b      	ldr	r3, [r3, #0]
10007d76:	bd10      	pop	{r4, pc}
10007d78:	f000 fca8 	bl	100086cc <xTimerCreateTimerTask>
10007d7c:	e7f5      	b.n	10007d6a <vTaskStartScheduler+0xa>
10007d7e:	b672      	cpsid	i
10007d80:	4b08      	ldr	r3, [pc, #32]	; (10007da4 <vTaskStartScheduler+0x44>)
10007d82:	2201      	movs	r2, #1
10007d84:	4252      	negs	r2, r2
10007d86:	601a      	str	r2, [r3, #0]
10007d88:	4b07      	ldr	r3, [pc, #28]	; (10007da8 <vTaskStartScheduler+0x48>)
10007d8a:	3202      	adds	r2, #2
10007d8c:	601a      	str	r2, [r3, #0]
10007d8e:	4b07      	ldr	r3, [pc, #28]	; (10007dac <vTaskStartScheduler+0x4c>)
10007d90:	2200      	movs	r2, #0
10007d92:	601a      	str	r2, [r3, #0]
10007d94:	f000 ff4a 	bl	10008c2c <xPortStartScheduler>
10007d98:	e7eb      	b.n	10007d72 <vTaskStartScheduler+0x12>
10007d9a:	b672      	cpsid	i
10007d9c:	e7fe      	b.n	10007d9c <vTaskStartScheduler+0x3c>
10007d9e:	46c0      	nop			; (mov r8, r8)
10007da0:	20000cb8 	.word	0x20000cb8
10007da4:	20011f9c 	.word	0x20011f9c
10007da8:	20011fc4 	.word	0x20011fc4
10007dac:	20011fe4 	.word	0x20011fe4

10007db0 <vTaskSuspendAll>:
10007db0:	4a02      	ldr	r2, [pc, #8]	; (10007dbc <vTaskSuspendAll+0xc>)
10007db2:	6813      	ldr	r3, [r2, #0]
10007db4:	3301      	adds	r3, #1
10007db6:	6013      	str	r3, [r2, #0]
10007db8:	4770      	bx	lr
10007dba:	46c0      	nop			; (mov r8, r8)
10007dbc:	20011f2c 	.word	0x20011f2c

10007dc0 <xTaskGetTickCount>:
10007dc0:	4b01      	ldr	r3, [pc, #4]	; (10007dc8 <xTaskGetTickCount+0x8>)
10007dc2:	6818      	ldr	r0, [r3, #0]
10007dc4:	4770      	bx	lr
10007dc6:	46c0      	nop			; (mov r8, r8)
10007dc8:	20011fe4 	.word	0x20011fe4

10007dcc <uxTaskGetNumberOfTasks>:
10007dcc:	4b01      	ldr	r3, [pc, #4]	; (10007dd4 <uxTaskGetNumberOfTasks+0x8>)
10007dce:	6818      	ldr	r0, [r3, #0]
10007dd0:	4770      	bx	lr
10007dd2:	46c0      	nop			; (mov r8, r8)
10007dd4:	20011f28 	.word	0x20011f28

10007dd8 <xTaskIncrementTick>:
10007dd8:	b5f8      	push	{r3, r4, r5, r6, r7, lr}
10007dda:	4b4d      	ldr	r3, [pc, #308]	; (10007f10 <xTaskIncrementTick+0x138>)
10007ddc:	681b      	ldr	r3, [r3, #0]
10007dde:	2b00      	cmp	r3, #0
10007de0:	d000      	beq.n	10007de4 <xTaskIncrementTick+0xc>
10007de2:	e08f      	b.n	10007f04 <xTaskIncrementTick+0x12c>
10007de4:	4b4b      	ldr	r3, [pc, #300]	; (10007f14 <xTaskIncrementTick+0x13c>)
10007de6:	681e      	ldr	r6, [r3, #0]
10007de8:	3601      	adds	r6, #1
10007dea:	601e      	str	r6, [r3, #0]
10007dec:	2e00      	cmp	r6, #0
10007dee:	d112      	bne.n	10007e16 <xTaskIncrementTick+0x3e>
10007df0:	4b49      	ldr	r3, [pc, #292]	; (10007f18 <xTaskIncrementTick+0x140>)
10007df2:	681b      	ldr	r3, [r3, #0]
10007df4:	681b      	ldr	r3, [r3, #0]
10007df6:	2b00      	cmp	r3, #0
10007df8:	d001      	beq.n	10007dfe <xTaskIncrementTick+0x26>
10007dfa:	b672      	cpsid	i
10007dfc:	e7fe      	b.n	10007dfc <xTaskIncrementTick+0x24>
10007dfe:	4a46      	ldr	r2, [pc, #280]	; (10007f18 <xTaskIncrementTick+0x140>)
10007e00:	6811      	ldr	r1, [r2, #0]
10007e02:	4b46      	ldr	r3, [pc, #280]	; (10007f1c <xTaskIncrementTick+0x144>)
10007e04:	6818      	ldr	r0, [r3, #0]
10007e06:	6010      	str	r0, [r2, #0]
10007e08:	6019      	str	r1, [r3, #0]
10007e0a:	4a45      	ldr	r2, [pc, #276]	; (10007f20 <xTaskIncrementTick+0x148>)
10007e0c:	6813      	ldr	r3, [r2, #0]
10007e0e:	3301      	adds	r3, #1
10007e10:	6013      	str	r3, [r2, #0]
10007e12:	f7ff fe23 	bl	10007a5c <prvResetNextTaskUnblockTime>
10007e16:	4b43      	ldr	r3, [pc, #268]	; (10007f24 <xTaskIncrementTick+0x14c>)
10007e18:	681b      	ldr	r3, [r3, #0]
10007e1a:	42b3      	cmp	r3, r6
10007e1c:	d911      	bls.n	10007e42 <xTaskIncrementTick+0x6a>
10007e1e:	2000      	movs	r0, #0
10007e20:	4b41      	ldr	r3, [pc, #260]	; (10007f28 <xTaskIncrementTick+0x150>)
10007e22:	681b      	ldr	r3, [r3, #0]
10007e24:	6ada      	ldr	r2, [r3, #44]	; 0x2c
10007e26:	0093      	lsls	r3, r2, #2
10007e28:	189b      	adds	r3, r3, r2
10007e2a:	009a      	lsls	r2, r3, #2
10007e2c:	4b3f      	ldr	r3, [pc, #252]	; (10007f2c <xTaskIncrementTick+0x154>)
10007e2e:	58d3      	ldr	r3, [r2, r3]
10007e30:	2b01      	cmp	r3, #1
10007e32:	d900      	bls.n	10007e36 <xTaskIncrementTick+0x5e>
10007e34:	2001      	movs	r0, #1
10007e36:	4b3e      	ldr	r3, [pc, #248]	; (10007f30 <xTaskIncrementTick+0x158>)
10007e38:	681b      	ldr	r3, [r3, #0]
10007e3a:	2b00      	cmp	r3, #0
10007e3c:	d067      	beq.n	10007f0e <xTaskIncrementTick+0x136>
10007e3e:	2001      	movs	r0, #1
10007e40:	e065      	b.n	10007f0e <xTaskIncrementTick+0x136>
10007e42:	2000      	movs	r0, #0
10007e44:	e033      	b.n	10007eae <xTaskIncrementTick+0xd6>
10007e46:	4b37      	ldr	r3, [pc, #220]	; (10007f24 <xTaskIncrementTick+0x14c>)
10007e48:	2201      	movs	r2, #1
10007e4a:	4252      	negs	r2, r2
10007e4c:	601a      	str	r2, [r3, #0]
10007e4e:	e7e7      	b.n	10007e20 <xTaskIncrementTick+0x48>
10007e50:	4b34      	ldr	r3, [pc, #208]	; (10007f24 <xTaskIncrementTick+0x14c>)
10007e52:	601a      	str	r2, [r3, #0]
10007e54:	e7e4      	b.n	10007e20 <xTaskIncrementTick+0x48>
10007e56:	68d9      	ldr	r1, [r3, #12]
10007e58:	6051      	str	r1, [r2, #4]
10007e5a:	e03e      	b.n	10007eda <xTaskIncrementTick+0x102>
10007e5c:	2100      	movs	r1, #0
10007e5e:	6299      	str	r1, [r3, #40]	; 0x28
10007e60:	6811      	ldr	r1, [r2, #0]
10007e62:	3901      	subs	r1, #1
10007e64:	6011      	str	r1, [r2, #0]
10007e66:	6ada      	ldr	r2, [r3, #44]	; 0x2c
10007e68:	4932      	ldr	r1, [pc, #200]	; (10007f34 <xTaskIncrementTick+0x15c>)
10007e6a:	6809      	ldr	r1, [r1, #0]
10007e6c:	428a      	cmp	r2, r1
10007e6e:	d901      	bls.n	10007e74 <xTaskIncrementTick+0x9c>
10007e70:	4930      	ldr	r1, [pc, #192]	; (10007f34 <xTaskIncrementTick+0x15c>)
10007e72:	600a      	str	r2, [r1, #0]
10007e74:	492d      	ldr	r1, [pc, #180]	; (10007f2c <xTaskIncrementTick+0x154>)
10007e76:	0094      	lsls	r4, r2, #2
10007e78:	18a4      	adds	r4, r4, r2
10007e7a:	00a2      	lsls	r2, r4, #2
10007e7c:	188a      	adds	r2, r1, r2
10007e7e:	6852      	ldr	r2, [r2, #4]
10007e80:	609a      	str	r2, [r3, #8]
10007e82:	6894      	ldr	r4, [r2, #8]
10007e84:	60dc      	str	r4, [r3, #12]
10007e86:	6065      	str	r5, [r4, #4]
10007e88:	6095      	str	r5, [r2, #8]
10007e8a:	6adc      	ldr	r4, [r3, #44]	; 0x2c
10007e8c:	00a2      	lsls	r2, r4, #2
10007e8e:	1917      	adds	r7, r2, r4
10007e90:	00bd      	lsls	r5, r7, #2
10007e92:	194d      	adds	r5, r1, r5
10007e94:	615d      	str	r5, [r3, #20]
10007e96:	00bd      	lsls	r5, r7, #2
10007e98:	586d      	ldr	r5, [r5, r1]
10007e9a:	3501      	adds	r5, #1
10007e9c:	00bc      	lsls	r4, r7, #2
10007e9e:	5065      	str	r5, [r4, r1]
10007ea0:	6ada      	ldr	r2, [r3, #44]	; 0x2c
10007ea2:	4b21      	ldr	r3, [pc, #132]	; (10007f28 <xTaskIncrementTick+0x150>)
10007ea4:	681b      	ldr	r3, [r3, #0]
10007ea6:	6adb      	ldr	r3, [r3, #44]	; 0x2c
10007ea8:	429a      	cmp	r2, r3
10007eaa:	d900      	bls.n	10007eae <xTaskIncrementTick+0xd6>
10007eac:	2001      	movs	r0, #1
10007eae:	4b1a      	ldr	r3, [pc, #104]	; (10007f18 <xTaskIncrementTick+0x140>)
10007eb0:	681b      	ldr	r3, [r3, #0]
10007eb2:	681b      	ldr	r3, [r3, #0]
10007eb4:	2b00      	cmp	r3, #0
10007eb6:	d0c6      	beq.n	10007e46 <xTaskIncrementTick+0x6e>
10007eb8:	4b17      	ldr	r3, [pc, #92]	; (10007f18 <xTaskIncrementTick+0x140>)
10007eba:	681b      	ldr	r3, [r3, #0]
10007ebc:	68db      	ldr	r3, [r3, #12]
10007ebe:	68db      	ldr	r3, [r3, #12]
10007ec0:	685a      	ldr	r2, [r3, #4]
10007ec2:	4296      	cmp	r6, r2
10007ec4:	d3c4      	bcc.n	10007e50 <xTaskIncrementTick+0x78>
10007ec6:	695a      	ldr	r2, [r3, #20]
10007ec8:	689c      	ldr	r4, [r3, #8]
10007eca:	68d9      	ldr	r1, [r3, #12]
10007ecc:	60a1      	str	r1, [r4, #8]
10007ece:	689c      	ldr	r4, [r3, #8]
10007ed0:	604c      	str	r4, [r1, #4]
10007ed2:	1d1d      	adds	r5, r3, #4
10007ed4:	6851      	ldr	r1, [r2, #4]
10007ed6:	42a9      	cmp	r1, r5
10007ed8:	d0bd      	beq.n	10007e56 <xTaskIncrementTick+0x7e>
10007eda:	2100      	movs	r1, #0
10007edc:	6159      	str	r1, [r3, #20]
10007ede:	6811      	ldr	r1, [r2, #0]
10007ee0:	3901      	subs	r1, #1
10007ee2:	6011      	str	r1, [r2, #0]
10007ee4:	6a9a      	ldr	r2, [r3, #40]	; 0x28
10007ee6:	2a00      	cmp	r2, #0
10007ee8:	d0bd      	beq.n	10007e66 <xTaskIncrementTick+0x8e>
10007eea:	69dc      	ldr	r4, [r3, #28]
10007eec:	6a19      	ldr	r1, [r3, #32]
10007eee:	60a1      	str	r1, [r4, #8]
10007ef0:	69dc      	ldr	r4, [r3, #28]
10007ef2:	604c      	str	r4, [r1, #4]
10007ef4:	0019      	movs	r1, r3
10007ef6:	3118      	adds	r1, #24
10007ef8:	6854      	ldr	r4, [r2, #4]
10007efa:	428c      	cmp	r4, r1
10007efc:	d1ae      	bne.n	10007e5c <xTaskIncrementTick+0x84>
10007efe:	6a19      	ldr	r1, [r3, #32]
10007f00:	6051      	str	r1, [r2, #4]
10007f02:	e7ab      	b.n	10007e5c <xTaskIncrementTick+0x84>
10007f04:	4a0c      	ldr	r2, [pc, #48]	; (10007f38 <xTaskIncrementTick+0x160>)
10007f06:	6813      	ldr	r3, [r2, #0]
10007f08:	3301      	adds	r3, #1
10007f0a:	6013      	str	r3, [r2, #0]
10007f0c:	2000      	movs	r0, #0
10007f0e:	bdf8      	pop	{r3, r4, r5, r6, r7, pc}
10007f10:	20011f2c 	.word	0x20011f2c
10007f14:	20011fe4 	.word	0x20011fe4
10007f18:	20001c60 	.word	0x20001c60
10007f1c:	20001c68 	.word	0x20001c68
10007f20:	20011fa0 	.word	0x20011fa0
10007f24:	20011f9c 	.word	0x20011f9c
10007f28:	20001c58 	.word	0x20001c58
10007f2c:	20001c70 	.word	0x20001c70
10007f30:	20011ff0 	.word	0x20011ff0
10007f34:	20011f34 	.word	0x20011f34
10007f38:	20011fac 	.word	0x20011fac

10007f3c <xTaskResumeAll>:
10007f3c:	b510      	push	{r4, lr}
10007f3e:	f000 fdf1 	bl	10008b24 <vPortEnterCritical>
10007f42:	4b46      	ldr	r3, [pc, #280]	; (1000805c <xTaskResumeAll+0x120>)
10007f44:	681b      	ldr	r3, [r3, #0]
10007f46:	2b00      	cmp	r3, #0
10007f48:	d101      	bne.n	10007f4e <xTaskResumeAll+0x12>
10007f4a:	b672      	cpsid	i
10007f4c:	e7fe      	b.n	10007f4c <xTaskResumeAll+0x10>
10007f4e:	4b43      	ldr	r3, [pc, #268]	; (1000805c <xTaskResumeAll+0x120>)
10007f50:	681a      	ldr	r2, [r3, #0]
10007f52:	3a01      	subs	r2, #1
10007f54:	601a      	str	r2, [r3, #0]
10007f56:	681b      	ldr	r3, [r3, #0]
10007f58:	2b00      	cmp	r3, #0
10007f5a:	d17a      	bne.n	10008052 <xTaskResumeAll+0x116>
10007f5c:	4b40      	ldr	r3, [pc, #256]	; (10008060 <xTaskResumeAll+0x124>)
10007f5e:	681b      	ldr	r3, [r3, #0]
10007f60:	2b00      	cmp	r3, #0
10007f62:	d107      	bne.n	10007f74 <xTaskResumeAll+0x38>
10007f64:	2400      	movs	r4, #0
10007f66:	e075      	b.n	10008054 <xTaskResumeAll+0x118>
10007f68:	6a19      	ldr	r1, [r3, #32]
10007f6a:	6051      	str	r1, [r2, #4]
10007f6c:	e015      	b.n	10007f9a <xTaskResumeAll+0x5e>
10007f6e:	68d9      	ldr	r1, [r3, #12]
10007f70:	6051      	str	r1, [r2, #4]
10007f72:	e021      	b.n	10007fb8 <xTaskResumeAll+0x7c>
10007f74:	2300      	movs	r3, #0
10007f76:	4a3b      	ldr	r2, [pc, #236]	; (10008064 <xTaskResumeAll+0x128>)
10007f78:	6812      	ldr	r2, [r2, #0]
10007f7a:	2a00      	cmp	r2, #0
10007f7c:	d04a      	beq.n	10008014 <xTaskResumeAll+0xd8>
10007f7e:	4b39      	ldr	r3, [pc, #228]	; (10008064 <xTaskResumeAll+0x128>)
10007f80:	68db      	ldr	r3, [r3, #12]
10007f82:	68db      	ldr	r3, [r3, #12]
10007f84:	6a9a      	ldr	r2, [r3, #40]	; 0x28
10007f86:	69d8      	ldr	r0, [r3, #28]
10007f88:	6a19      	ldr	r1, [r3, #32]
10007f8a:	6081      	str	r1, [r0, #8]
10007f8c:	69d8      	ldr	r0, [r3, #28]
10007f8e:	6048      	str	r0, [r1, #4]
10007f90:	0019      	movs	r1, r3
10007f92:	3118      	adds	r1, #24
10007f94:	6850      	ldr	r0, [r2, #4]
10007f96:	4288      	cmp	r0, r1
10007f98:	d0e6      	beq.n	10007f68 <xTaskResumeAll+0x2c>
10007f9a:	2100      	movs	r1, #0
10007f9c:	6299      	str	r1, [r3, #40]	; 0x28
10007f9e:	6811      	ldr	r1, [r2, #0]
10007fa0:	3901      	subs	r1, #1
10007fa2:	6011      	str	r1, [r2, #0]
10007fa4:	695a      	ldr	r2, [r3, #20]
10007fa6:	6898      	ldr	r0, [r3, #8]
10007fa8:	68d9      	ldr	r1, [r3, #12]
10007faa:	6081      	str	r1, [r0, #8]
10007fac:	6898      	ldr	r0, [r3, #8]
10007fae:	6048      	str	r0, [r1, #4]
10007fb0:	1d1c      	adds	r4, r3, #4
10007fb2:	6851      	ldr	r1, [r2, #4]
10007fb4:	42a1      	cmp	r1, r4
10007fb6:	d0da      	beq.n	10007f6e <xTaskResumeAll+0x32>
10007fb8:	2100      	movs	r1, #0
10007fba:	6159      	str	r1, [r3, #20]
10007fbc:	6811      	ldr	r1, [r2, #0]
10007fbe:	3901      	subs	r1, #1
10007fc0:	6011      	str	r1, [r2, #0]
10007fc2:	6ad9      	ldr	r1, [r3, #44]	; 0x2c
10007fc4:	4a28      	ldr	r2, [pc, #160]	; (10008068 <xTaskResumeAll+0x12c>)
10007fc6:	6812      	ldr	r2, [r2, #0]
10007fc8:	4291      	cmp	r1, r2
10007fca:	d901      	bls.n	10007fd0 <xTaskResumeAll+0x94>
10007fcc:	4a26      	ldr	r2, [pc, #152]	; (10008068 <xTaskResumeAll+0x12c>)
10007fce:	6011      	str	r1, [r2, #0]
10007fd0:	4826      	ldr	r0, [pc, #152]	; (1000806c <xTaskResumeAll+0x130>)
10007fd2:	008a      	lsls	r2, r1, #2
10007fd4:	1852      	adds	r2, r2, r1
10007fd6:	0092      	lsls	r2, r2, #2
10007fd8:	1882      	adds	r2, r0, r2
10007fda:	6852      	ldr	r2, [r2, #4]
10007fdc:	609a      	str	r2, [r3, #8]
10007fde:	6891      	ldr	r1, [r2, #8]
10007fe0:	60d9      	str	r1, [r3, #12]
10007fe2:	604c      	str	r4, [r1, #4]
10007fe4:	6094      	str	r4, [r2, #8]
10007fe6:	6adc      	ldr	r4, [r3, #44]	; 0x2c
10007fe8:	00a2      	lsls	r2, r4, #2
10007fea:	1911      	adds	r1, r2, r4
10007fec:	0089      	lsls	r1, r1, #2
10007fee:	1841      	adds	r1, r0, r1
10007ff0:	6159      	str	r1, [r3, #20]
10007ff2:	1911      	adds	r1, r2, r4
10007ff4:	0089      	lsls	r1, r1, #2
10007ff6:	5809      	ldr	r1, [r1, r0]
10007ff8:	3101      	adds	r1, #1
10007ffa:	1912      	adds	r2, r2, r4
10007ffc:	0092      	lsls	r2, r2, #2
10007ffe:	5011      	str	r1, [r2, r0]
10008000:	4a1b      	ldr	r2, [pc, #108]	; (10008070 <xTaskResumeAll+0x134>)
10008002:	6812      	ldr	r2, [r2, #0]
10008004:	6ad2      	ldr	r2, [r2, #44]	; 0x2c
10008006:	6ad9      	ldr	r1, [r3, #44]	; 0x2c
10008008:	4291      	cmp	r1, r2
1000800a:	d9b4      	bls.n	10007f76 <xTaskResumeAll+0x3a>
1000800c:	4a19      	ldr	r2, [pc, #100]	; (10008074 <xTaskResumeAll+0x138>)
1000800e:	2101      	movs	r1, #1
10008010:	6011      	str	r1, [r2, #0]
10008012:	e7b0      	b.n	10007f76 <xTaskResumeAll+0x3a>
10008014:	2b00      	cmp	r3, #0
10008016:	d001      	beq.n	1000801c <xTaskResumeAll+0xe0>
10008018:	f7ff fd20 	bl	10007a5c <prvResetNextTaskUnblockTime>
1000801c:	4b16      	ldr	r3, [pc, #88]	; (10008078 <xTaskResumeAll+0x13c>)
1000801e:	681c      	ldr	r4, [r3, #0]
10008020:	2c00      	cmp	r4, #0
10008022:	d10a      	bne.n	1000803a <xTaskResumeAll+0xfe>
10008024:	4b13      	ldr	r3, [pc, #76]	; (10008074 <xTaskResumeAll+0x138>)
10008026:	681c      	ldr	r4, [r3, #0]
10008028:	2c00      	cmp	r4, #0
1000802a:	d013      	beq.n	10008054 <xTaskResumeAll+0x118>
1000802c:	f000 fd26 	bl	10008a7c <vPortYield>
10008030:	2401      	movs	r4, #1
10008032:	e00f      	b.n	10008054 <xTaskResumeAll+0x118>
10008034:	3c01      	subs	r4, #1
10008036:	2c00      	cmp	r4, #0
10008038:	d007      	beq.n	1000804a <xTaskResumeAll+0x10e>
1000803a:	f7ff fecd 	bl	10007dd8 <xTaskIncrementTick>
1000803e:	2800      	cmp	r0, #0
10008040:	d0f8      	beq.n	10008034 <xTaskResumeAll+0xf8>
10008042:	4b0c      	ldr	r3, [pc, #48]	; (10008074 <xTaskResumeAll+0x138>)
10008044:	2201      	movs	r2, #1
10008046:	601a      	str	r2, [r3, #0]
10008048:	e7f4      	b.n	10008034 <xTaskResumeAll+0xf8>
1000804a:	4b0b      	ldr	r3, [pc, #44]	; (10008078 <xTaskResumeAll+0x13c>)
1000804c:	2200      	movs	r2, #0
1000804e:	601a      	str	r2, [r3, #0]
10008050:	e7e8      	b.n	10008024 <xTaskResumeAll+0xe8>
10008052:	2400      	movs	r4, #0
10008054:	f000 fd72 	bl	10008b3c <vPortExitCritical>
10008058:	0020      	movs	r0, r4
1000805a:	bd10      	pop	{r4, pc}
1000805c:	20011f2c 	.word	0x20011f2c
10008060:	20011f28 	.word	0x20011f28
10008064:	20011fb0 	.word	0x20011fb0
10008068:	20011f34 	.word	0x20011f34
1000806c:	20001c70 	.word	0x20001c70
10008070:	20001c58 	.word	0x20001c58
10008074:	20011ff0 	.word	0x20011ff0
10008078:	20011fac 	.word	0x20011fac

1000807c <vTaskDelay>:
1000807c:	b510      	push	{r4, lr}
1000807e:	1e04      	subs	r4, r0, #0
10008080:	d00f      	beq.n	100080a2 <vTaskDelay+0x26>
10008082:	f7ff fe95 	bl	10007db0 <vTaskSuspendAll>
10008086:	4b08      	ldr	r3, [pc, #32]	; (100080a8 <vTaskDelay+0x2c>)
10008088:	681b      	ldr	r3, [r3, #0]
1000808a:	2b01      	cmp	r3, #1
1000808c:	d001      	beq.n	10008092 <vTaskDelay+0x16>
1000808e:	b672      	cpsid	i
10008090:	e7fe      	b.n	10008090 <vTaskDelay+0x14>
10008092:	2100      	movs	r1, #0
10008094:	0020      	movs	r0, r4
10008096:	f7ff fdd1 	bl	10007c3c <prvAddCurrentTaskToDelayedList>
1000809a:	f7ff ff4f 	bl	10007f3c <xTaskResumeAll>
1000809e:	2800      	cmp	r0, #0
100080a0:	d101      	bne.n	100080a6 <vTaskDelay+0x2a>
100080a2:	f000 fceb 	bl	10008a7c <vPortYield>
100080a6:	bd10      	pop	{r4, pc}
100080a8:	20011f2c 	.word	0x20011f2c

100080ac <vTaskSwitchContext>:
100080ac:	b510      	push	{r4, lr}
100080ae:	4b1c      	ldr	r3, [pc, #112]	; (10008120 <vTaskSwitchContext+0x74>)
100080b0:	681b      	ldr	r3, [r3, #0]
100080b2:	2b00      	cmp	r3, #0
100080b4:	d003      	beq.n	100080be <vTaskSwitchContext+0x12>
100080b6:	4b1b      	ldr	r3, [pc, #108]	; (10008124 <vTaskSwitchContext+0x78>)
100080b8:	2201      	movs	r2, #1
100080ba:	601a      	str	r2, [r3, #0]
100080bc:	bd10      	pop	{r4, pc}
100080be:	4b19      	ldr	r3, [pc, #100]	; (10008124 <vTaskSwitchContext+0x78>)
100080c0:	2200      	movs	r2, #0
100080c2:	601a      	str	r2, [r3, #0]
100080c4:	4b18      	ldr	r3, [pc, #96]	; (10008128 <vTaskSwitchContext+0x7c>)
100080c6:	681b      	ldr	r3, [r3, #0]
100080c8:	009a      	lsls	r2, r3, #2
100080ca:	18d2      	adds	r2, r2, r3
100080cc:	0091      	lsls	r1, r2, #2
100080ce:	4a17      	ldr	r2, [pc, #92]	; (1000812c <vTaskSwitchContext+0x80>)
100080d0:	588a      	ldr	r2, [r1, r2]
100080d2:	2a00      	cmp	r2, #0
100080d4:	d105      	bne.n	100080e2 <vTaskSwitchContext+0x36>
100080d6:	2b00      	cmp	r3, #0
100080d8:	d001      	beq.n	100080de <vTaskSwitchContext+0x32>
100080da:	3b01      	subs	r3, #1
100080dc:	e7f4      	b.n	100080c8 <vTaskSwitchContext+0x1c>
100080de:	b672      	cpsid	i
100080e0:	e7fe      	b.n	100080e0 <vTaskSwitchContext+0x34>
100080e2:	4812      	ldr	r0, [pc, #72]	; (1000812c <vTaskSwitchContext+0x80>)
100080e4:	009a      	lsls	r2, r3, #2
100080e6:	1841      	adds	r1, r0, r1
100080e8:	684c      	ldr	r4, [r1, #4]
100080ea:	6864      	ldr	r4, [r4, #4]
100080ec:	604c      	str	r4, [r1, #4]
100080ee:	18d2      	adds	r2, r2, r3
100080f0:	0091      	lsls	r1, r2, #2
100080f2:	3108      	adds	r1, #8
100080f4:	1840      	adds	r0, r0, r1
100080f6:	4284      	cmp	r4, r0
100080f8:	d00b      	beq.n	10008112 <vTaskSwitchContext+0x66>
100080fa:	009a      	lsls	r2, r3, #2
100080fc:	18d2      	adds	r2, r2, r3
100080fe:	0091      	lsls	r1, r2, #2
10008100:	4a0a      	ldr	r2, [pc, #40]	; (1000812c <vTaskSwitchContext+0x80>)
10008102:	1852      	adds	r2, r2, r1
10008104:	6852      	ldr	r2, [r2, #4]
10008106:	68d1      	ldr	r1, [r2, #12]
10008108:	4a09      	ldr	r2, [pc, #36]	; (10008130 <vTaskSwitchContext+0x84>)
1000810a:	6011      	str	r1, [r2, #0]
1000810c:	4a06      	ldr	r2, [pc, #24]	; (10008128 <vTaskSwitchContext+0x7c>)
1000810e:	6013      	str	r3, [r2, #0]
10008110:	e7d4      	b.n	100080bc <vTaskSwitchContext+0x10>
10008112:	0090      	lsls	r0, r2, #2
10008114:	4a05      	ldr	r2, [pc, #20]	; (1000812c <vTaskSwitchContext+0x80>)
10008116:	1812      	adds	r2, r2, r0
10008118:	68d1      	ldr	r1, [r2, #12]
1000811a:	6051      	str	r1, [r2, #4]
1000811c:	e7ed      	b.n	100080fa <vTaskSwitchContext+0x4e>
1000811e:	46c0      	nop			; (mov r8, r8)
10008120:	20011f2c 	.word	0x20011f2c
10008124:	20011ff0 	.word	0x20011ff0
10008128:	20011f34 	.word	0x20011f34
1000812c:	20001c70 	.word	0x20001c70
10008130:	20001c58 	.word	0x20001c58

10008134 <vTaskPlaceOnEventList>:
10008134:	b510      	push	{r4, lr}
10008136:	000c      	movs	r4, r1
10008138:	2800      	cmp	r0, #0
1000813a:	d009      	beq.n	10008150 <vTaskPlaceOnEventList+0x1c>
1000813c:	4b05      	ldr	r3, [pc, #20]	; (10008154 <vTaskPlaceOnEventList+0x20>)
1000813e:	6819      	ldr	r1, [r3, #0]
10008140:	3118      	adds	r1, #24
10008142:	f000 fc3d 	bl	100089c0 <vListInsert>
10008146:	2101      	movs	r1, #1
10008148:	0020      	movs	r0, r4
1000814a:	f7ff fd77 	bl	10007c3c <prvAddCurrentTaskToDelayedList>
1000814e:	bd10      	pop	{r4, pc}
10008150:	b672      	cpsid	i
10008152:	e7fe      	b.n	10008152 <vTaskPlaceOnEventList+0x1e>
10008154:	20001c58 	.word	0x20001c58

10008158 <vTaskPlaceOnEventListRestricted>:
10008158:	b570      	push	{r4, r5, r6, lr}
1000815a:	0003      	movs	r3, r0
1000815c:	0008      	movs	r0, r1
1000815e:	0011      	movs	r1, r2
10008160:	2b00      	cmp	r3, #0
10008162:	d018      	beq.n	10008196 <vTaskPlaceOnEventListRestricted+0x3e>
10008164:	685c      	ldr	r4, [r3, #4]
10008166:	4a0d      	ldr	r2, [pc, #52]	; (1000819c <vTaskPlaceOnEventListRestricted+0x44>)
10008168:	6815      	ldr	r5, [r2, #0]
1000816a:	61ec      	str	r4, [r5, #28]
1000816c:	6815      	ldr	r5, [r2, #0]
1000816e:	68a6      	ldr	r6, [r4, #8]
10008170:	622e      	str	r6, [r5, #32]
10008172:	6815      	ldr	r5, [r2, #0]
10008174:	3518      	adds	r5, #24
10008176:	6075      	str	r5, [r6, #4]
10008178:	6815      	ldr	r5, [r2, #0]
1000817a:	3518      	adds	r5, #24
1000817c:	60a5      	str	r5, [r4, #8]
1000817e:	6812      	ldr	r2, [r2, #0]
10008180:	6293      	str	r3, [r2, #40]	; 0x28
10008182:	681a      	ldr	r2, [r3, #0]
10008184:	3201      	adds	r2, #1
10008186:	601a      	str	r2, [r3, #0]
10008188:	2900      	cmp	r1, #0
1000818a:	d001      	beq.n	10008190 <vTaskPlaceOnEventListRestricted+0x38>
1000818c:	2001      	movs	r0, #1
1000818e:	4240      	negs	r0, r0
10008190:	f7ff fd54 	bl	10007c3c <prvAddCurrentTaskToDelayedList>
10008194:	bd70      	pop	{r4, r5, r6, pc}
10008196:	b672      	cpsid	i
10008198:	e7fe      	b.n	10008198 <vTaskPlaceOnEventListRestricted+0x40>
1000819a:	46c0      	nop			; (mov r8, r8)
1000819c:	20001c58 	.word	0x20001c58

100081a0 <xTaskRemoveFromEventList>:
100081a0:	b510      	push	{r4, lr}
100081a2:	68c3      	ldr	r3, [r0, #12]
100081a4:	68db      	ldr	r3, [r3, #12]
100081a6:	2b00      	cmp	r3, #0
100081a8:	d04c      	beq.n	10008244 <xTaskRemoveFromEventList+0xa4>
100081aa:	6a9a      	ldr	r2, [r3, #40]	; 0x28
100081ac:	69d8      	ldr	r0, [r3, #28]
100081ae:	6a19      	ldr	r1, [r3, #32]
100081b0:	6081      	str	r1, [r0, #8]
100081b2:	69d8      	ldr	r0, [r3, #28]
100081b4:	6048      	str	r0, [r1, #4]
100081b6:	0018      	movs	r0, r3
100081b8:	3018      	adds	r0, #24
100081ba:	6851      	ldr	r1, [r2, #4]
100081bc:	4281      	cmp	r1, r0
100081be:	d043      	beq.n	10008248 <xTaskRemoveFromEventList+0xa8>
100081c0:	2100      	movs	r1, #0
100081c2:	6299      	str	r1, [r3, #40]	; 0x28
100081c4:	6811      	ldr	r1, [r2, #0]
100081c6:	3901      	subs	r1, #1
100081c8:	6011      	str	r1, [r2, #0]
100081ca:	4a29      	ldr	r2, [pc, #164]	; (10008270 <xTaskRemoveFromEventList+0xd0>)
100081cc:	6812      	ldr	r2, [r2, #0]
100081ce:	2a00      	cmp	r2, #0
100081d0:	d140      	bne.n	10008254 <xTaskRemoveFromEventList+0xb4>
100081d2:	695a      	ldr	r2, [r3, #20]
100081d4:	6898      	ldr	r0, [r3, #8]
100081d6:	68d9      	ldr	r1, [r3, #12]
100081d8:	6081      	str	r1, [r0, #8]
100081da:	6898      	ldr	r0, [r3, #8]
100081dc:	6048      	str	r0, [r1, #4]
100081de:	1d1c      	adds	r4, r3, #4
100081e0:	6851      	ldr	r1, [r2, #4]
100081e2:	42a1      	cmp	r1, r4
100081e4:	d033      	beq.n	1000824e <xTaskRemoveFromEventList+0xae>
100081e6:	2100      	movs	r1, #0
100081e8:	6159      	str	r1, [r3, #20]
100081ea:	6811      	ldr	r1, [r2, #0]
100081ec:	3901      	subs	r1, #1
100081ee:	6011      	str	r1, [r2, #0]
100081f0:	6ad9      	ldr	r1, [r3, #44]	; 0x2c
100081f2:	4a20      	ldr	r2, [pc, #128]	; (10008274 <xTaskRemoveFromEventList+0xd4>)
100081f4:	6812      	ldr	r2, [r2, #0]
100081f6:	4291      	cmp	r1, r2
100081f8:	d901      	bls.n	100081fe <xTaskRemoveFromEventList+0x5e>
100081fa:	4a1e      	ldr	r2, [pc, #120]	; (10008274 <xTaskRemoveFromEventList+0xd4>)
100081fc:	6011      	str	r1, [r2, #0]
100081fe:	481e      	ldr	r0, [pc, #120]	; (10008278 <xTaskRemoveFromEventList+0xd8>)
10008200:	008a      	lsls	r2, r1, #2
10008202:	1852      	adds	r2, r2, r1
10008204:	0092      	lsls	r2, r2, #2
10008206:	1882      	adds	r2, r0, r2
10008208:	6852      	ldr	r2, [r2, #4]
1000820a:	609a      	str	r2, [r3, #8]
1000820c:	6891      	ldr	r1, [r2, #8]
1000820e:	60d9      	str	r1, [r3, #12]
10008210:	604c      	str	r4, [r1, #4]
10008212:	6094      	str	r4, [r2, #8]
10008214:	6adc      	ldr	r4, [r3, #44]	; 0x2c
10008216:	00a2      	lsls	r2, r4, #2
10008218:	1911      	adds	r1, r2, r4
1000821a:	0089      	lsls	r1, r1, #2
1000821c:	1841      	adds	r1, r0, r1
1000821e:	6159      	str	r1, [r3, #20]
10008220:	1911      	adds	r1, r2, r4
10008222:	0089      	lsls	r1, r1, #2
10008224:	5809      	ldr	r1, [r1, r0]
10008226:	3101      	adds	r1, #1
10008228:	1912      	adds	r2, r2, r4
1000822a:	0092      	lsls	r2, r2, #2
1000822c:	5011      	str	r1, [r2, r0]
1000822e:	6ada      	ldr	r2, [r3, #44]	; 0x2c
10008230:	4b12      	ldr	r3, [pc, #72]	; (1000827c <xTaskRemoveFromEventList+0xdc>)
10008232:	681b      	ldr	r3, [r3, #0]
10008234:	6adb      	ldr	r3, [r3, #44]	; 0x2c
10008236:	429a      	cmp	r2, r3
10008238:	d918      	bls.n	1000826c <xTaskRemoveFromEventList+0xcc>
1000823a:	4b11      	ldr	r3, [pc, #68]	; (10008280 <xTaskRemoveFromEventList+0xe0>)
1000823c:	2201      	movs	r2, #1
1000823e:	601a      	str	r2, [r3, #0]
10008240:	2001      	movs	r0, #1
10008242:	bd10      	pop	{r4, pc}
10008244:	b672      	cpsid	i
10008246:	e7fe      	b.n	10008246 <xTaskRemoveFromEventList+0xa6>
10008248:	6a19      	ldr	r1, [r3, #32]
1000824a:	6051      	str	r1, [r2, #4]
1000824c:	e7b8      	b.n	100081c0 <xTaskRemoveFromEventList+0x20>
1000824e:	68d9      	ldr	r1, [r3, #12]
10008250:	6051      	str	r1, [r2, #4]
10008252:	e7c8      	b.n	100081e6 <xTaskRemoveFromEventList+0x46>
10008254:	4a0b      	ldr	r2, [pc, #44]	; (10008284 <xTaskRemoveFromEventList+0xe4>)
10008256:	6851      	ldr	r1, [r2, #4]
10008258:	61d9      	str	r1, [r3, #28]
1000825a:	688c      	ldr	r4, [r1, #8]
1000825c:	621c      	str	r4, [r3, #32]
1000825e:	6060      	str	r0, [r4, #4]
10008260:	6088      	str	r0, [r1, #8]
10008262:	629a      	str	r2, [r3, #40]	; 0x28
10008264:	6811      	ldr	r1, [r2, #0]
10008266:	3101      	adds	r1, #1
10008268:	6011      	str	r1, [r2, #0]
1000826a:	e7e0      	b.n	1000822e <xTaskRemoveFromEventList+0x8e>
1000826c:	2000      	movs	r0, #0
1000826e:	e7e8      	b.n	10008242 <xTaskRemoveFromEventList+0xa2>
10008270:	20011f2c 	.word	0x20011f2c
10008274:	20011f34 	.word	0x20011f34
10008278:	20001c70 	.word	0x20001c70
1000827c:	20001c58 	.word	0x20001c58
10008280:	20011ff0 	.word	0x20011ff0
10008284:	20011fb0 	.word	0x20011fb0

10008288 <vTaskInternalSetTimeOutState>:
10008288:	4b03      	ldr	r3, [pc, #12]	; (10008298 <vTaskInternalSetTimeOutState+0x10>)
1000828a:	681b      	ldr	r3, [r3, #0]
1000828c:	6003      	str	r3, [r0, #0]
1000828e:	4b03      	ldr	r3, [pc, #12]	; (1000829c <vTaskInternalSetTimeOutState+0x14>)
10008290:	681b      	ldr	r3, [r3, #0]
10008292:	6043      	str	r3, [r0, #4]
10008294:	4770      	bx	lr
10008296:	46c0      	nop			; (mov r8, r8)
10008298:	20011fa0 	.word	0x20011fa0
1000829c:	20011fe4 	.word	0x20011fe4

100082a0 <xTaskCheckForTimeOut>:
100082a0:	b5f8      	push	{r3, r4, r5, r6, r7, lr}
100082a2:	0004      	movs	r4, r0
100082a4:	000d      	movs	r5, r1
100082a6:	2800      	cmp	r0, #0
100082a8:	d015      	beq.n	100082d6 <xTaskCheckForTimeOut+0x36>
100082aa:	2900      	cmp	r1, #0
100082ac:	d015      	beq.n	100082da <xTaskCheckForTimeOut+0x3a>
100082ae:	f000 fc39 	bl	10008b24 <vPortEnterCritical>
100082b2:	4b14      	ldr	r3, [pc, #80]	; (10008304 <xTaskCheckForTimeOut+0x64>)
100082b4:	6819      	ldr	r1, [r3, #0]
100082b6:	6863      	ldr	r3, [r4, #4]
100082b8:	1ac8      	subs	r0, r1, r3
100082ba:	682a      	ldr	r2, [r5, #0]
100082bc:	1c56      	adds	r6, r2, #1
100082be:	d01c      	beq.n	100082fa <xTaskCheckForTimeOut+0x5a>
100082c0:	4e11      	ldr	r6, [pc, #68]	; (10008308 <xTaskCheckForTimeOut+0x68>)
100082c2:	6836      	ldr	r6, [r6, #0]
100082c4:	6827      	ldr	r7, [r4, #0]
100082c6:	42b7      	cmp	r7, r6
100082c8:	d009      	beq.n	100082de <xTaskCheckForTimeOut+0x3e>
100082ca:	428b      	cmp	r3, r1
100082cc:	d807      	bhi.n	100082de <xTaskCheckForTimeOut+0x3e>
100082ce:	2300      	movs	r3, #0
100082d0:	602b      	str	r3, [r5, #0]
100082d2:	2401      	movs	r4, #1
100082d4:	e012      	b.n	100082fc <xTaskCheckForTimeOut+0x5c>
100082d6:	b672      	cpsid	i
100082d8:	e7fe      	b.n	100082d8 <xTaskCheckForTimeOut+0x38>
100082da:	b672      	cpsid	i
100082dc:	e7fe      	b.n	100082dc <xTaskCheckForTimeOut+0x3c>
100082de:	4282      	cmp	r2, r0
100082e0:	d803      	bhi.n	100082ea <xTaskCheckForTimeOut+0x4a>
100082e2:	2300      	movs	r3, #0
100082e4:	602b      	str	r3, [r5, #0]
100082e6:	2401      	movs	r4, #1
100082e8:	e008      	b.n	100082fc <xTaskCheckForTimeOut+0x5c>
100082ea:	1a5b      	subs	r3, r3, r1
100082ec:	189b      	adds	r3, r3, r2
100082ee:	602b      	str	r3, [r5, #0]
100082f0:	0020      	movs	r0, r4
100082f2:	f7ff ffc9 	bl	10008288 <vTaskInternalSetTimeOutState>
100082f6:	2400      	movs	r4, #0
100082f8:	e000      	b.n	100082fc <xTaskCheckForTimeOut+0x5c>
100082fa:	2400      	movs	r4, #0
100082fc:	f000 fc1e 	bl	10008b3c <vPortExitCritical>
10008300:	0020      	movs	r0, r4
10008302:	bdf8      	pop	{r3, r4, r5, r6, r7, pc}
10008304:	20011fe4 	.word	0x20011fe4
10008308:	20011fa0 	.word	0x20011fa0

1000830c <vTaskMissedYield>:
1000830c:	4b01      	ldr	r3, [pc, #4]	; (10008314 <vTaskMissedYield+0x8>)
1000830e:	2201      	movs	r2, #1
10008310:	601a      	str	r2, [r3, #0]
10008312:	4770      	bx	lr
10008314:	20011ff0 	.word	0x20011ff0

10008318 <xTaskGetSchedulerState>:
10008318:	4b06      	ldr	r3, [pc, #24]	; (10008334 <xTaskGetSchedulerState+0x1c>)
1000831a:	681b      	ldr	r3, [r3, #0]
1000831c:	2b00      	cmp	r3, #0
1000831e:	d007      	beq.n	10008330 <xTaskGetSchedulerState+0x18>
10008320:	4b05      	ldr	r3, [pc, #20]	; (10008338 <xTaskGetSchedulerState+0x20>)
10008322:	681b      	ldr	r3, [r3, #0]
10008324:	2b00      	cmp	r3, #0
10008326:	d001      	beq.n	1000832c <xTaskGetSchedulerState+0x14>
10008328:	2000      	movs	r0, #0
1000832a:	e002      	b.n	10008332 <xTaskGetSchedulerState+0x1a>
1000832c:	2002      	movs	r0, #2
1000832e:	e000      	b.n	10008332 <xTaskGetSchedulerState+0x1a>
10008330:	2001      	movs	r0, #1
10008332:	4770      	bx	lr
10008334:	20011fc4 	.word	0x20011fc4
10008338:	20011f2c 	.word	0x20011f2c

1000833c <xTaskPriorityDisinherit>:
1000833c:	b570      	push	{r4, r5, r6, lr}
1000833e:	1e04      	subs	r4, r0, #0
10008340:	d03d      	beq.n	100083be <xTaskPriorityDisinherit+0x82>
10008342:	4b21      	ldr	r3, [pc, #132]	; (100083c8 <xTaskPriorityDisinherit+0x8c>)
10008344:	681b      	ldr	r3, [r3, #0]
10008346:	4283      	cmp	r3, r0
10008348:	d001      	beq.n	1000834e <xTaskPriorityDisinherit+0x12>
1000834a:	b672      	cpsid	i
1000834c:	e7fe      	b.n	1000834c <xTaskPriorityDisinherit+0x10>
1000834e:	6c83      	ldr	r3, [r0, #72]	; 0x48
10008350:	2b00      	cmp	r3, #0
10008352:	d101      	bne.n	10008358 <xTaskPriorityDisinherit+0x1c>
10008354:	b672      	cpsid	i
10008356:	e7fe      	b.n	10008356 <xTaskPriorityDisinherit+0x1a>
10008358:	3b01      	subs	r3, #1
1000835a:	6483      	str	r3, [r0, #72]	; 0x48
1000835c:	6ac2      	ldr	r2, [r0, #44]	; 0x2c
1000835e:	6c41      	ldr	r1, [r0, #68]	; 0x44
10008360:	428a      	cmp	r2, r1
10008362:	d02e      	beq.n	100083c2 <xTaskPriorityDisinherit+0x86>
10008364:	2b00      	cmp	r3, #0
10008366:	d001      	beq.n	1000836c <xTaskPriorityDisinherit+0x30>
10008368:	2000      	movs	r0, #0
1000836a:	e029      	b.n	100083c0 <xTaskPriorityDisinherit+0x84>
1000836c:	1d05      	adds	r5, r0, #4
1000836e:	0028      	movs	r0, r5
10008370:	f000 fb3d 	bl	100089ee <uxListRemove>
10008374:	6c62      	ldr	r2, [r4, #68]	; 0x44
10008376:	62e2      	str	r2, [r4, #44]	; 0x2c
10008378:	2305      	movs	r3, #5
1000837a:	1a9b      	subs	r3, r3, r2
1000837c:	61a3      	str	r3, [r4, #24]
1000837e:	4b13      	ldr	r3, [pc, #76]	; (100083cc <xTaskPriorityDisinherit+0x90>)
10008380:	681b      	ldr	r3, [r3, #0]
10008382:	429a      	cmp	r2, r3
10008384:	d901      	bls.n	1000838a <xTaskPriorityDisinherit+0x4e>
10008386:	4b11      	ldr	r3, [pc, #68]	; (100083cc <xTaskPriorityDisinherit+0x90>)
10008388:	601a      	str	r2, [r3, #0]
1000838a:	4911      	ldr	r1, [pc, #68]	; (100083d0 <xTaskPriorityDisinherit+0x94>)
1000838c:	0093      	lsls	r3, r2, #2
1000838e:	189b      	adds	r3, r3, r2
10008390:	009b      	lsls	r3, r3, #2
10008392:	18cb      	adds	r3, r1, r3
10008394:	685b      	ldr	r3, [r3, #4]
10008396:	60a3      	str	r3, [r4, #8]
10008398:	689a      	ldr	r2, [r3, #8]
1000839a:	60e2      	str	r2, [r4, #12]
1000839c:	6055      	str	r5, [r2, #4]
1000839e:	609d      	str	r5, [r3, #8]
100083a0:	6ae0      	ldr	r0, [r4, #44]	; 0x2c
100083a2:	0083      	lsls	r3, r0, #2
100083a4:	181a      	adds	r2, r3, r0
100083a6:	0092      	lsls	r2, r2, #2
100083a8:	188a      	adds	r2, r1, r2
100083aa:	6162      	str	r2, [r4, #20]
100083ac:	181a      	adds	r2, r3, r0
100083ae:	0092      	lsls	r2, r2, #2
100083b0:	5852      	ldr	r2, [r2, r1]
100083b2:	3201      	adds	r2, #1
100083b4:	181b      	adds	r3, r3, r0
100083b6:	009b      	lsls	r3, r3, #2
100083b8:	505a      	str	r2, [r3, r1]
100083ba:	2001      	movs	r0, #1
100083bc:	e000      	b.n	100083c0 <xTaskPriorityDisinherit+0x84>
100083be:	2000      	movs	r0, #0
100083c0:	bd70      	pop	{r4, r5, r6, pc}
100083c2:	2000      	movs	r0, #0
100083c4:	e7fc      	b.n	100083c0 <xTaskPriorityDisinherit+0x84>
100083c6:	46c0      	nop			; (mov r8, r8)
100083c8:	20001c58 	.word	0x20001c58
100083cc:	20011f34 	.word	0x20011f34
100083d0:	20001c70 	.word	0x20001c70

100083d4 <prvGetNextExpireTime>:
100083d4:	4b07      	ldr	r3, [pc, #28]	; (100083f4 <prvGetNextExpireTime+0x20>)
100083d6:	681a      	ldr	r2, [r3, #0]
100083d8:	6813      	ldr	r3, [r2, #0]
100083da:	2b00      	cmp	r3, #0
100083dc:	d106      	bne.n	100083ec <prvGetNextExpireTime+0x18>
100083de:	3301      	adds	r3, #1
100083e0:	6003      	str	r3, [r0, #0]
100083e2:	2b00      	cmp	r3, #0
100083e4:	d104      	bne.n	100083f0 <prvGetNextExpireTime+0x1c>
100083e6:	68d3      	ldr	r3, [r2, #12]
100083e8:	6818      	ldr	r0, [r3, #0]
100083ea:	4770      	bx	lr
100083ec:	2300      	movs	r3, #0
100083ee:	e7f7      	b.n	100083e0 <prvGetNextExpireTime+0xc>
100083f0:	2000      	movs	r0, #0
100083f2:	e7fa      	b.n	100083ea <prvGetNextExpireTime+0x16>
100083f4:	20001c5c 	.word	0x20001c5c

100083f8 <prvInsertTimerInActiveList>:
100083f8:	b510      	push	{r4, lr}
100083fa:	6041      	str	r1, [r0, #4]
100083fc:	6100      	str	r0, [r0, #16]
100083fe:	4291      	cmp	r1, r2
10008400:	d80c      	bhi.n	1000841c <prvInsertTimerInActiveList+0x24>
10008402:	1ad2      	subs	r2, r2, r3
10008404:	6983      	ldr	r3, [r0, #24]
10008406:	429a      	cmp	r2, r3
10008408:	d301      	bcc.n	1000840e <prvInsertTimerInActiveList+0x16>
1000840a:	2001      	movs	r0, #1
1000840c:	bd10      	pop	{r4, pc}
1000840e:	1d01      	adds	r1, r0, #4
10008410:	4b09      	ldr	r3, [pc, #36]	; (10008438 <prvInsertTimerInActiveList+0x40>)
10008412:	6818      	ldr	r0, [r3, #0]
10008414:	f000 fad4 	bl	100089c0 <vListInsert>
10008418:	2000      	movs	r0, #0
1000841a:	e7f7      	b.n	1000840c <prvInsertTimerInActiveList+0x14>
1000841c:	429a      	cmp	r2, r3
1000841e:	d201      	bcs.n	10008424 <prvInsertTimerInActiveList+0x2c>
10008420:	4299      	cmp	r1, r3
10008422:	d206      	bcs.n	10008432 <prvInsertTimerInActiveList+0x3a>
10008424:	1d01      	adds	r1, r0, #4
10008426:	4b05      	ldr	r3, [pc, #20]	; (1000843c <prvInsertTimerInActiveList+0x44>)
10008428:	6818      	ldr	r0, [r3, #0]
1000842a:	f000 fac9 	bl	100089c0 <vListInsert>
1000842e:	2000      	movs	r0, #0
10008430:	e7ec      	b.n	1000840c <prvInsertTimerInActiveList+0x14>
10008432:	2001      	movs	r0, #1
10008434:	e7ea      	b.n	1000840c <prvInsertTimerInActiveList+0x14>
10008436:	46c0      	nop			; (mov r8, r8)
10008438:	20001c6c 	.word	0x20001c6c
1000843c:	20001c5c 	.word	0x20001c5c

10008440 <prvReloadTimer>:
10008440:	b570      	push	{r4, r5, r6, lr}
10008442:	0004      	movs	r4, r0
10008444:	000d      	movs	r5, r1
10008446:	0016      	movs	r6, r2
10008448:	e005      	b.n	10008456 <prvReloadTimer+0x16>
1000844a:	69a3      	ldr	r3, [r4, #24]
1000844c:	469c      	mov	ip, r3
1000844e:	4465      	add	r5, ip
10008450:	0020      	movs	r0, r4
10008452:	6a23      	ldr	r3, [r4, #32]
10008454:	4798      	blx	r3
10008456:	69a3      	ldr	r3, [r4, #24]
10008458:	1959      	adds	r1, r3, r5
1000845a:	002b      	movs	r3, r5
1000845c:	0032      	movs	r2, r6
1000845e:	0020      	movs	r0, r4
10008460:	f7ff ffca 	bl	100083f8 <prvInsertTimerInActiveList>
10008464:	2800      	cmp	r0, #0
10008466:	d1f0      	bne.n	1000844a <prvReloadTimer+0xa>
10008468:	bd70      	pop	{r4, r5, r6, pc}
	...

1000846c <prvProcessExpiredTimer>:
1000846c:	b570      	push	{r4, r5, r6, lr}
1000846e:	0005      	movs	r5, r0
10008470:	000e      	movs	r6, r1
10008472:	4b0c      	ldr	r3, [pc, #48]	; (100084a4 <prvProcessExpiredTimer+0x38>)
10008474:	681b      	ldr	r3, [r3, #0]
10008476:	68db      	ldr	r3, [r3, #12]
10008478:	68dc      	ldr	r4, [r3, #12]
1000847a:	1d20      	adds	r0, r4, #4
1000847c:	f000 fab7 	bl	100089ee <uxListRemove>
10008480:	2324      	movs	r3, #36	; 0x24
10008482:	5ce3      	ldrb	r3, [r4, r3]
10008484:	075a      	lsls	r2, r3, #29
10008486:	d407      	bmi.n	10008498 <prvProcessExpiredTimer+0x2c>
10008488:	2201      	movs	r2, #1
1000848a:	4393      	bics	r3, r2
1000848c:	3223      	adds	r2, #35	; 0x23
1000848e:	54a3      	strb	r3, [r4, r2]
10008490:	6a23      	ldr	r3, [r4, #32]
10008492:	0020      	movs	r0, r4
10008494:	4798      	blx	r3
10008496:	bd70      	pop	{r4, r5, r6, pc}
10008498:	0032      	movs	r2, r6
1000849a:	0029      	movs	r1, r5
1000849c:	0020      	movs	r0, r4
1000849e:	f7ff ffcf 	bl	10008440 <prvReloadTimer>
100084a2:	e7f5      	b.n	10008490 <prvProcessExpiredTimer+0x24>
100084a4:	20001c5c 	.word	0x20001c5c

100084a8 <prvSwitchTimerLists>:
100084a8:	b510      	push	{r4, lr}
100084aa:	e005      	b.n	100084b8 <prvSwitchTimerLists+0x10>
100084ac:	68db      	ldr	r3, [r3, #12]
100084ae:	6818      	ldr	r0, [r3, #0]
100084b0:	2101      	movs	r1, #1
100084b2:	4249      	negs	r1, r1
100084b4:	f7ff ffda 	bl	1000846c <prvProcessExpiredTimer>
100084b8:	4b05      	ldr	r3, [pc, #20]	; (100084d0 <prvSwitchTimerLists+0x28>)
100084ba:	681b      	ldr	r3, [r3, #0]
100084bc:	681a      	ldr	r2, [r3, #0]
100084be:	2a00      	cmp	r2, #0
100084c0:	d1f4      	bne.n	100084ac <prvSwitchTimerLists+0x4>
100084c2:	4a04      	ldr	r2, [pc, #16]	; (100084d4 <prvSwitchTimerLists+0x2c>)
100084c4:	4902      	ldr	r1, [pc, #8]	; (100084d0 <prvSwitchTimerLists+0x28>)
100084c6:	6810      	ldr	r0, [r2, #0]
100084c8:	6008      	str	r0, [r1, #0]
100084ca:	6013      	str	r3, [r2, #0]
100084cc:	bd10      	pop	{r4, pc}
100084ce:	46c0      	nop			; (mov r8, r8)
100084d0:	20001c5c 	.word	0x20001c5c
100084d4:	20001c6c 	.word	0x20001c6c

100084d8 <prvSampleTimeNow>:
100084d8:	b570      	push	{r4, r5, r6, lr}
100084da:	0005      	movs	r5, r0
100084dc:	f7ff fc70 	bl	10007dc0 <xTaskGetTickCount>
100084e0:	0004      	movs	r4, r0
100084e2:	4b07      	ldr	r3, [pc, #28]	; (10008500 <prvSampleTimeNow+0x28>)
100084e4:	681b      	ldr	r3, [r3, #0]
100084e6:	4283      	cmp	r3, r0
100084e8:	d805      	bhi.n	100084f6 <prvSampleTimeNow+0x1e>
100084ea:	2300      	movs	r3, #0
100084ec:	602b      	str	r3, [r5, #0]
100084ee:	4b04      	ldr	r3, [pc, #16]	; (10008500 <prvSampleTimeNow+0x28>)
100084f0:	601c      	str	r4, [r3, #0]
100084f2:	0020      	movs	r0, r4
100084f4:	bd70      	pop	{r4, r5, r6, pc}
100084f6:	f7ff ffd7 	bl	100084a8 <prvSwitchTimerLists>
100084fa:	2301      	movs	r3, #1
100084fc:	602b      	str	r3, [r5, #0]
100084fe:	e7f6      	b.n	100084ee <prvSampleTimeNow+0x16>
10008500:	20011f94 	.word	0x20011f94

10008504 <prvProcessTimerOrBlockTask>:
10008504:	b570      	push	{r4, r5, r6, lr}
10008506:	b082      	sub	sp, #8
10008508:	0004      	movs	r4, r0
1000850a:	000d      	movs	r5, r1
1000850c:	f7ff fc50 	bl	10007db0 <vTaskSuspendAll>
10008510:	a801      	add	r0, sp, #4
10008512:	f7ff ffe1 	bl	100084d8 <prvSampleTimeNow>
10008516:	0006      	movs	r6, r0
10008518:	9b01      	ldr	r3, [sp, #4]
1000851a:	2b00      	cmp	r3, #0
1000851c:	d123      	bne.n	10008566 <prvProcessTimerOrBlockTask+0x62>
1000851e:	2d00      	cmp	r5, #0
10008520:	d101      	bne.n	10008526 <prvProcessTimerOrBlockTask+0x22>
10008522:	42a0      	cmp	r0, r4
10008524:	d213      	bcs.n	1000854e <prvProcessTimerOrBlockTask+0x4a>
10008526:	2d00      	cmp	r5, #0
10008528:	d005      	beq.n	10008536 <prvProcessTimerOrBlockTask+0x32>
1000852a:	4a10      	ldr	r2, [pc, #64]	; (1000856c <prvProcessTimerOrBlockTask+0x68>)
1000852c:	6812      	ldr	r2, [r2, #0]
1000852e:	6812      	ldr	r2, [r2, #0]
10008530:	2a00      	cmp	r2, #0
10008532:	d113      	bne.n	1000855c <prvProcessTimerOrBlockTask+0x58>
10008534:	2501      	movs	r5, #1
10008536:	1ba1      	subs	r1, r4, r6
10008538:	4b0d      	ldr	r3, [pc, #52]	; (10008570 <prvProcessTimerOrBlockTask+0x6c>)
1000853a:	6818      	ldr	r0, [r3, #0]
1000853c:	002a      	movs	r2, r5
1000853e:	f7ff fa65 	bl	10007a0c <vQueueWaitForMessageRestricted>
10008542:	f7ff fcfb 	bl	10007f3c <xTaskResumeAll>
10008546:	2800      	cmp	r0, #0
10008548:	d00a      	beq.n	10008560 <prvProcessTimerOrBlockTask+0x5c>
1000854a:	b002      	add	sp, #8
1000854c:	bd70      	pop	{r4, r5, r6, pc}
1000854e:	f7ff fcf5 	bl	10007f3c <xTaskResumeAll>
10008552:	0031      	movs	r1, r6
10008554:	0020      	movs	r0, r4
10008556:	f7ff ff89 	bl	1000846c <prvProcessExpiredTimer>
1000855a:	e7f6      	b.n	1000854a <prvProcessTimerOrBlockTask+0x46>
1000855c:	001d      	movs	r5, r3
1000855e:	e7ea      	b.n	10008536 <prvProcessTimerOrBlockTask+0x32>
10008560:	f000 fa8c 	bl	10008a7c <vPortYield>
10008564:	e7f1      	b.n	1000854a <prvProcessTimerOrBlockTask+0x46>
10008566:	f7ff fce9 	bl	10007f3c <xTaskResumeAll>
1000856a:	e7ee      	b.n	1000854a <prvProcessTimerOrBlockTask+0x46>
1000856c:	20001c6c 	.word	0x20001c6c
10008570:	20011fe8 	.word	0x20011fe8

10008574 <prvProcessReceivedCommands>:
10008574:	b530      	push	{r4, r5, lr}
10008576:	b087      	sub	sp, #28
10008578:	e002      	b.n	10008580 <prvProcessReceivedCommands+0xc>
1000857a:	9b02      	ldr	r3, [sp, #8]
1000857c:	2b00      	cmp	r3, #0
1000857e:	da0f      	bge.n	100085a0 <prvProcessReceivedCommands+0x2c>
10008580:	4b36      	ldr	r3, [pc, #216]	; (1000865c <prvProcessReceivedCommands+0xe8>)
10008582:	6818      	ldr	r0, [r3, #0]
10008584:	2200      	movs	r2, #0
10008586:	a902      	add	r1, sp, #8
10008588:	f7ff f9b5 	bl	100078f6 <xQueueReceive>
1000858c:	2800      	cmp	r0, #0
1000858e:	d063      	beq.n	10008658 <prvProcessReceivedCommands+0xe4>
10008590:	9b02      	ldr	r3, [sp, #8]
10008592:	2b00      	cmp	r3, #0
10008594:	daf1      	bge.n	1000857a <prvProcessReceivedCommands+0x6>
10008596:	9b03      	ldr	r3, [sp, #12]
10008598:	9905      	ldr	r1, [sp, #20]
1000859a:	9804      	ldr	r0, [sp, #16]
1000859c:	4798      	blx	r3
1000859e:	e7ec      	b.n	1000857a <prvProcessReceivedCommands+0x6>
100085a0:	9c04      	ldr	r4, [sp, #16]
100085a2:	6963      	ldr	r3, [r4, #20]
100085a4:	2b00      	cmp	r3, #0
100085a6:	d002      	beq.n	100085ae <prvProcessReceivedCommands+0x3a>
100085a8:	1d20      	adds	r0, r4, #4
100085aa:	f000 fa20 	bl	100089ee <uxListRemove>
100085ae:	a801      	add	r0, sp, #4
100085b0:	f7ff ff92 	bl	100084d8 <prvSampleTimeNow>
100085b4:	0005      	movs	r5, r0
100085b6:	9b02      	ldr	r3, [sp, #8]
100085b8:	2b09      	cmp	r3, #9
100085ba:	d8e1      	bhi.n	10008580 <prvProcessReceivedCommands+0xc>
100085bc:	009b      	lsls	r3, r3, #2
100085be:	4a28      	ldr	r2, [pc, #160]	; (10008660 <prvProcessReceivedCommands+0xec>)
100085c0:	58d3      	ldr	r3, [r2, r3]
100085c2:	469f      	mov	pc, r3
100085c4:	2224      	movs	r2, #36	; 0x24
100085c6:	5ca3      	ldrb	r3, [r4, r2]
100085c8:	2101      	movs	r1, #1
100085ca:	430b      	orrs	r3, r1
100085cc:	54a3      	strb	r3, [r4, r2]
100085ce:	9903      	ldr	r1, [sp, #12]
100085d0:	69a3      	ldr	r3, [r4, #24]
100085d2:	469c      	mov	ip, r3
100085d4:	4461      	add	r1, ip
100085d6:	9b03      	ldr	r3, [sp, #12]
100085d8:	0002      	movs	r2, r0
100085da:	0020      	movs	r0, r4
100085dc:	f7ff ff0c 	bl	100083f8 <prvInsertTimerInActiveList>
100085e0:	2800      	cmp	r0, #0
100085e2:	d0cd      	beq.n	10008580 <prvProcessReceivedCommands+0xc>
100085e4:	2324      	movs	r3, #36	; 0x24
100085e6:	5ce3      	ldrb	r3, [r4, r3]
100085e8:	075a      	lsls	r2, r3, #29
100085ea:	d407      	bmi.n	100085fc <prvProcessReceivedCommands+0x88>
100085ec:	2201      	movs	r2, #1
100085ee:	4393      	bics	r3, r2
100085f0:	3223      	adds	r2, #35	; 0x23
100085f2:	54a3      	strb	r3, [r4, r2]
100085f4:	6a23      	ldr	r3, [r4, #32]
100085f6:	0020      	movs	r0, r4
100085f8:	4798      	blx	r3
100085fa:	e7c1      	b.n	10008580 <prvProcessReceivedCommands+0xc>
100085fc:	9903      	ldr	r1, [sp, #12]
100085fe:	69a3      	ldr	r3, [r4, #24]
10008600:	469c      	mov	ip, r3
10008602:	4461      	add	r1, ip
10008604:	002a      	movs	r2, r5
10008606:	0020      	movs	r0, r4
10008608:	f7ff ff1a 	bl	10008440 <prvReloadTimer>
1000860c:	e7f2      	b.n	100085f4 <prvProcessReceivedCommands+0x80>
1000860e:	2224      	movs	r2, #36	; 0x24
10008610:	5ca3      	ldrb	r3, [r4, r2]
10008612:	2101      	movs	r1, #1
10008614:	438b      	bics	r3, r1
10008616:	54a3      	strb	r3, [r4, r2]
10008618:	e7b2      	b.n	10008580 <prvProcessReceivedCommands+0xc>
1000861a:	2224      	movs	r2, #36	; 0x24
1000861c:	5ca3      	ldrb	r3, [r4, r2]
1000861e:	2101      	movs	r1, #1
10008620:	430b      	orrs	r3, r1
10008622:	54a3      	strb	r3, [r4, r2]
10008624:	9903      	ldr	r1, [sp, #12]
10008626:	61a1      	str	r1, [r4, #24]
10008628:	2900      	cmp	r1, #0
1000862a:	d006      	beq.n	1000863a <prvProcessReceivedCommands+0xc6>
1000862c:	1809      	adds	r1, r1, r0
1000862e:	0003      	movs	r3, r0
10008630:	0002      	movs	r2, r0
10008632:	0020      	movs	r0, r4
10008634:	f7ff fee0 	bl	100083f8 <prvInsertTimerInActiveList>
10008638:	e7a2      	b.n	10008580 <prvProcessReceivedCommands+0xc>
1000863a:	b672      	cpsid	i
1000863c:	e7fe      	b.n	1000863c <prvProcessReceivedCommands+0xc8>
1000863e:	2324      	movs	r3, #36	; 0x24
10008640:	5ce3      	ldrb	r3, [r4, r3]
10008642:	079a      	lsls	r2, r3, #30
10008644:	d504      	bpl.n	10008650 <prvProcessReceivedCommands+0xdc>
10008646:	2201      	movs	r2, #1
10008648:	4393      	bics	r3, r2
1000864a:	3223      	adds	r2, #35	; 0x23
1000864c:	54a3      	strb	r3, [r4, r2]
1000864e:	e797      	b.n	10008580 <prvProcessReceivedCommands+0xc>
10008650:	0020      	movs	r0, r4
10008652:	f000 f96b 	bl	1000892c <vPortFree>
10008656:	e793      	b.n	10008580 <prvProcessReceivedCommands+0xc>
10008658:	b007      	add	sp, #28
1000865a:	bd30      	pop	{r4, r5, pc}
1000865c:	20011fe8 	.word	0x20011fe8
10008660:	1000a8f4 	.word	0x1000a8f4

10008664 <prvTimerTask>:
10008664:	b500      	push	{lr}
10008666:	b083      	sub	sp, #12
10008668:	a801      	add	r0, sp, #4
1000866a:	f7ff feb3 	bl	100083d4 <prvGetNextExpireTime>
1000866e:	9901      	ldr	r1, [sp, #4]
10008670:	f7ff ff48 	bl	10008504 <prvProcessTimerOrBlockTask>
10008674:	f7ff ff7e 	bl	10008574 <prvProcessReceivedCommands>
10008678:	e7f6      	b.n	10008668 <prvTimerTask+0x4>
	...

1000867c <prvCheckForValidListAndQueue>:
1000867c:	b570      	push	{r4, r5, r6, lr}
1000867e:	f000 fa51 	bl	10008b24 <vPortEnterCritical>
10008682:	4b0d      	ldr	r3, [pc, #52]	; (100086b8 <prvCheckForValidListAndQueue+0x3c>)
10008684:	681b      	ldr	r3, [r3, #0]
10008686:	2b00      	cmp	r3, #0
10008688:	d002      	beq.n	10008690 <prvCheckForValidListAndQueue+0x14>
1000868a:	f000 fa57 	bl	10008b3c <vPortExitCritical>
1000868e:	bd70      	pop	{r4, r5, r6, pc}
10008690:	4d0a      	ldr	r5, [pc, #40]	; (100086bc <prvCheckForValidListAndQueue+0x40>)
10008692:	0028      	movs	r0, r5
10008694:	f000 f986 	bl	100089a4 <vListInitialise>
10008698:	4c09      	ldr	r4, [pc, #36]	; (100086c0 <prvCheckForValidListAndQueue+0x44>)
1000869a:	0020      	movs	r0, r4
1000869c:	f000 f982 	bl	100089a4 <vListInitialise>
100086a0:	4b08      	ldr	r3, [pc, #32]	; (100086c4 <prvCheckForValidListAndQueue+0x48>)
100086a2:	601d      	str	r5, [r3, #0]
100086a4:	4b08      	ldr	r3, [pc, #32]	; (100086c8 <prvCheckForValidListAndQueue+0x4c>)
100086a6:	601c      	str	r4, [r3, #0]
100086a8:	2200      	movs	r2, #0
100086aa:	2110      	movs	r1, #16
100086ac:	200a      	movs	r0, #10
100086ae:	f7ff f887 	bl	100077c0 <xQueueGenericCreate>
100086b2:	4b01      	ldr	r3, [pc, #4]	; (100086b8 <prvCheckForValidListAndQueue+0x3c>)
100086b4:	6018      	str	r0, [r3, #0]
100086b6:	e7e8      	b.n	1000868a <prvCheckForValidListAndQueue+0xe>
100086b8:	20011fe8 	.word	0x20011fe8
100086bc:	20011f38 	.word	0x20011f38
100086c0:	20011f4c 	.word	0x20011f4c
100086c4:	20001c5c 	.word	0x20001c5c
100086c8:	20001c6c 	.word	0x20001c6c

100086cc <xTimerCreateTimerTask>:
100086cc:	b500      	push	{lr}
100086ce:	b083      	sub	sp, #12
100086d0:	f7ff ffd4 	bl	1000867c <prvCheckForValidListAndQueue>
100086d4:	4b0a      	ldr	r3, [pc, #40]	; (10008700 <xTimerCreateTimerTask+0x34>)
100086d6:	681b      	ldr	r3, [r3, #0]
100086d8:	2b00      	cmp	r3, #0
100086da:	d00c      	beq.n	100086f6 <xTimerCreateTimerTask+0x2a>
100086dc:	2280      	movs	r2, #128	; 0x80
100086de:	4b09      	ldr	r3, [pc, #36]	; (10008704 <xTimerCreateTimerTask+0x38>)
100086e0:	9301      	str	r3, [sp, #4]
100086e2:	2304      	movs	r3, #4
100086e4:	9300      	str	r3, [sp, #0]
100086e6:	2300      	movs	r3, #0
100086e8:	00d2      	lsls	r2, r2, #3
100086ea:	4907      	ldr	r1, [pc, #28]	; (10008708 <xTimerCreateTimerTask+0x3c>)
100086ec:	4807      	ldr	r0, [pc, #28]	; (1000870c <xTimerCreateTimerTask+0x40>)
100086ee:	f7ff faef 	bl	10007cd0 <xTaskCreate>
100086f2:	2800      	cmp	r0, #0
100086f4:	d101      	bne.n	100086fa <xTimerCreateTimerTask+0x2e>
100086f6:	b672      	cpsid	i
100086f8:	e7fe      	b.n	100086f8 <xTimerCreateTimerTask+0x2c>
100086fa:	b003      	add	sp, #12
100086fc:	bd00      	pop	{pc}
100086fe:	46c0      	nop			; (mov r8, r8)
10008700:	20011fe8 	.word	0x20011fe8
10008704:	20011fec 	.word	0x20011fec
10008708:	1000a91c 	.word	0x1000a91c
1000870c:	10008665 	.word	0x10008665

10008710 <xTimerPendFunctionCallFromISR>:
10008710:	b510      	push	{r4, lr}
10008712:	b084      	sub	sp, #16
10008714:	0014      	movs	r4, r2
10008716:	001a      	movs	r2, r3
10008718:	2302      	movs	r3, #2
1000871a:	425b      	negs	r3, r3
1000871c:	9300      	str	r3, [sp, #0]
1000871e:	9001      	str	r0, [sp, #4]
10008720:	9102      	str	r1, [sp, #8]
10008722:	9403      	str	r4, [sp, #12]
10008724:	4b03      	ldr	r3, [pc, #12]	; (10008734 <xTimerPendFunctionCallFromISR+0x24>)
10008726:	6818      	ldr	r0, [r3, #0]
10008728:	2300      	movs	r3, #0
1000872a:	4669      	mov	r1, sp
1000872c:	f7ff f883 	bl	10007836 <xQueueGenericSendFromISR>
10008730:	b004      	add	sp, #16
10008732:	bd10      	pop	{r4, pc}
10008734:	20011fe8 	.word	0x20011fe8

10008738 <prvHeapInit>:
10008738:	4a10      	ldr	r2, [pc, #64]	; (1000877c <prvHeapInit+0x44>)
1000873a:	0753      	lsls	r3, r2, #29
1000873c:	d01b      	beq.n	10008776 <prvHeapInit+0x3e>
1000873e:	1dd1      	adds	r1, r2, #7
10008740:	2307      	movs	r3, #7
10008742:	4399      	bics	r1, r3
10008744:	2380      	movs	r3, #128	; 0x80
10008746:	025b      	lsls	r3, r3, #9
10008748:	1a5b      	subs	r3, r3, r1
1000874a:	189b      	adds	r3, r3, r2
1000874c:	000a      	movs	r2, r1
1000874e:	480c      	ldr	r0, [pc, #48]	; (10008780 <prvHeapInit+0x48>)
10008750:	6002      	str	r2, [r0, #0]
10008752:	2100      	movs	r1, #0
10008754:	6041      	str	r1, [r0, #4]
10008756:	18d3      	adds	r3, r2, r3
10008758:	3b08      	subs	r3, #8
1000875a:	2007      	movs	r0, #7
1000875c:	4383      	bics	r3, r0
1000875e:	4809      	ldr	r0, [pc, #36]	; (10008784 <prvHeapInit+0x4c>)
10008760:	6003      	str	r3, [r0, #0]
10008762:	6059      	str	r1, [r3, #4]
10008764:	6019      	str	r1, [r3, #0]
10008766:	1a99      	subs	r1, r3, r2
10008768:	6051      	str	r1, [r2, #4]
1000876a:	6013      	str	r3, [r2, #0]
1000876c:	4b06      	ldr	r3, [pc, #24]	; (10008788 <prvHeapInit+0x50>)
1000876e:	6019      	str	r1, [r3, #0]
10008770:	4b06      	ldr	r3, [pc, #24]	; (1000878c <prvHeapInit+0x54>)
10008772:	6019      	str	r1, [r3, #0]
10008774:	4770      	bx	lr
10008776:	2380      	movs	r3, #128	; 0x80
10008778:	025b      	lsls	r3, r3, #9
1000877a:	e7e8      	b.n	1000874e <prvHeapInit+0x16>
1000877c:	20001f08 	.word	0x20001f08
10008780:	20011fc8 	.word	0x20011fc8
10008784:	20001c64 	.word	0x20001c64
10008788:	20011f98 	.word	0x20011f98
1000878c:	20011f8c 	.word	0x20011f8c

10008790 <prvInsertBlockIntoFreeList>:
10008790:	b510      	push	{r4, lr}
10008792:	4b17      	ldr	r3, [pc, #92]	; (100087f0 <prvInsertBlockIntoFreeList+0x60>)
10008794:	0019      	movs	r1, r3
10008796:	681b      	ldr	r3, [r3, #0]
10008798:	4283      	cmp	r3, r0
1000879a:	d3fb      	bcc.n	10008794 <prvInsertBlockIntoFreeList+0x4>
1000879c:	4a14      	ldr	r2, [pc, #80]	; (100087f0 <prvInsertBlockIntoFreeList+0x60>)
1000879e:	4291      	cmp	r1, r2
100087a0:	d007      	beq.n	100087b2 <prvInsertBlockIntoFreeList+0x22>
100087a2:	4a14      	ldr	r2, [pc, #80]	; (100087f4 <prvInsertBlockIntoFreeList+0x64>)
100087a4:	4291      	cmp	r1, r2
100087a6:	d302      	bcc.n	100087ae <prvInsertBlockIntoFreeList+0x1e>
100087a8:	4a13      	ldr	r2, [pc, #76]	; (100087f8 <prvInsertBlockIntoFreeList+0x68>)
100087aa:	4291      	cmp	r1, r2
100087ac:	d901      	bls.n	100087b2 <prvInsertBlockIntoFreeList+0x22>
100087ae:	b672      	cpsid	i
100087b0:	e7fe      	b.n	100087b0 <prvInsertBlockIntoFreeList+0x20>
100087b2:	684a      	ldr	r2, [r1, #4]
100087b4:	188c      	adds	r4, r1, r2
100087b6:	4284      	cmp	r4, r0
100087b8:	d008      	beq.n	100087cc <prvInsertBlockIntoFreeList+0x3c>
100087ba:	6842      	ldr	r2, [r0, #4]
100087bc:	1884      	adds	r4, r0, r2
100087be:	42a3      	cmp	r3, r4
100087c0:	d009      	beq.n	100087d6 <prvInsertBlockIntoFreeList+0x46>
100087c2:	6003      	str	r3, [r0, #0]
100087c4:	4288      	cmp	r0, r1
100087c6:	d000      	beq.n	100087ca <prvInsertBlockIntoFreeList+0x3a>
100087c8:	6008      	str	r0, [r1, #0]
100087ca:	bd10      	pop	{r4, pc}
100087cc:	6840      	ldr	r0, [r0, #4]
100087ce:	1812      	adds	r2, r2, r0
100087d0:	604a      	str	r2, [r1, #4]
100087d2:	0008      	movs	r0, r1
100087d4:	e7f1      	b.n	100087ba <prvInsertBlockIntoFreeList+0x2a>
100087d6:	4c09      	ldr	r4, [pc, #36]	; (100087fc <prvInsertBlockIntoFreeList+0x6c>)
100087d8:	6824      	ldr	r4, [r4, #0]
100087da:	42a3      	cmp	r3, r4
100087dc:	d006      	beq.n	100087ec <prvInsertBlockIntoFreeList+0x5c>
100087de:	685b      	ldr	r3, [r3, #4]
100087e0:	18d2      	adds	r2, r2, r3
100087e2:	6042      	str	r2, [r0, #4]
100087e4:	680b      	ldr	r3, [r1, #0]
100087e6:	681b      	ldr	r3, [r3, #0]
100087e8:	6003      	str	r3, [r0, #0]
100087ea:	e7eb      	b.n	100087c4 <prvInsertBlockIntoFreeList+0x34>
100087ec:	6004      	str	r4, [r0, #0]
100087ee:	e7e9      	b.n	100087c4 <prvInsertBlockIntoFreeList+0x34>
100087f0:	20011fc8 	.word	0x20011fc8
100087f4:	20001f08 	.word	0x20001f08
100087f8:	20011f07 	.word	0x20011f07
100087fc:	20001c64 	.word	0x20001c64

10008800 <pvPortMalloc>:
10008800:	b5f8      	push	{r3, r4, r5, r6, r7, lr}
10008802:	1e04      	subs	r4, r0, #0
10008804:	d010      	beq.n	10008828 <pvPortMalloc+0x28>
10008806:	0003      	movs	r3, r0
10008808:	3309      	adds	r3, #9
1000880a:	d80c      	bhi.n	10008826 <pvPortMalloc+0x26>
1000880c:	3408      	adds	r4, #8
1000880e:	2307      	movs	r3, #7
10008810:	001a      	movs	r2, r3
10008812:	4022      	ands	r2, r4
10008814:	4223      	tst	r3, r4
10008816:	d007      	beq.n	10008828 <pvPortMalloc+0x28>
10008818:	3301      	adds	r3, #1
1000881a:	1a9b      	subs	r3, r3, r2
1000881c:	43da      	mvns	r2, r3
1000881e:	42a2      	cmp	r2, r4
10008820:	d319      	bcc.n	10008856 <pvPortMalloc+0x56>
10008822:	18e4      	adds	r4, r4, r3
10008824:	e000      	b.n	10008828 <pvPortMalloc+0x28>
10008826:	2400      	movs	r4, #0
10008828:	f7ff fac2 	bl	10007db0 <vTaskSuspendAll>
1000882c:	4b38      	ldr	r3, [pc, #224]	; (10008910 <pvPortMalloc+0x110>)
1000882e:	681b      	ldr	r3, [r3, #0]
10008830:	2b00      	cmp	r3, #0
10008832:	d012      	beq.n	1000885a <pvPortMalloc+0x5a>
10008834:	2c00      	cmp	r4, #0
10008836:	db5c      	blt.n	100088f2 <pvPortMalloc+0xf2>
10008838:	d05d      	beq.n	100088f6 <pvPortMalloc+0xf6>
1000883a:	4b36      	ldr	r3, [pc, #216]	; (10008914 <pvPortMalloc+0x114>)
1000883c:	6818      	ldr	r0, [r3, #0]
1000883e:	42a0      	cmp	r0, r4
10008840:	d360      	bcc.n	10008904 <pvPortMalloc+0x104>
10008842:	4b35      	ldr	r3, [pc, #212]	; (10008918 <pvPortMalloc+0x118>)
10008844:	681b      	ldr	r3, [r3, #0]
10008846:	4a35      	ldr	r2, [pc, #212]	; (1000891c <pvPortMalloc+0x11c>)
10008848:	4293      	cmp	r3, r2
1000884a:	d302      	bcc.n	10008852 <pvPortMalloc+0x52>
1000884c:	4a34      	ldr	r2, [pc, #208]	; (10008920 <pvPortMalloc+0x120>)
1000884e:	4293      	cmp	r3, r2
10008850:	d908      	bls.n	10008864 <pvPortMalloc+0x64>
10008852:	b672      	cpsid	i
10008854:	e7fe      	b.n	10008854 <pvPortMalloc+0x54>
10008856:	2400      	movs	r4, #0
10008858:	e7e6      	b.n	10008828 <pvPortMalloc+0x28>
1000885a:	f7ff ff6d 	bl	10008738 <prvHeapInit>
1000885e:	e7e9      	b.n	10008834 <pvPortMalloc+0x34>
10008860:	b672      	cpsid	i
10008862:	e7fe      	b.n	10008862 <pvPortMalloc+0x62>
10008864:	492c      	ldr	r1, [pc, #176]	; (10008918 <pvPortMalloc+0x118>)
10008866:	685a      	ldr	r2, [r3, #4]
10008868:	42a2      	cmp	r2, r4
1000886a:	d20b      	bcs.n	10008884 <pvPortMalloc+0x84>
1000886c:	681a      	ldr	r2, [r3, #0]
1000886e:	2a00      	cmp	r2, #0
10008870:	d008      	beq.n	10008884 <pvPortMalloc+0x84>
10008872:	492a      	ldr	r1, [pc, #168]	; (1000891c <pvPortMalloc+0x11c>)
10008874:	428a      	cmp	r2, r1
10008876:	d3f3      	bcc.n	10008860 <pvPortMalloc+0x60>
10008878:	0019      	movs	r1, r3
1000887a:	4b29      	ldr	r3, [pc, #164]	; (10008920 <pvPortMalloc+0x120>)
1000887c:	429a      	cmp	r2, r3
1000887e:	d8ef      	bhi.n	10008860 <pvPortMalloc+0x60>
10008880:	0013      	movs	r3, r2
10008882:	e7f0      	b.n	10008866 <pvPortMalloc+0x66>
10008884:	4a22      	ldr	r2, [pc, #136]	; (10008910 <pvPortMalloc+0x110>)
10008886:	6812      	ldr	r2, [r2, #0]
10008888:	429a      	cmp	r2, r3
1000888a:	d03d      	beq.n	10008908 <pvPortMalloc+0x108>
1000888c:	680d      	ldr	r5, [r1, #0]
1000888e:	3508      	adds	r5, #8
10008890:	4a22      	ldr	r2, [pc, #136]	; (1000891c <pvPortMalloc+0x11c>)
10008892:	4295      	cmp	r5, r2
10008894:	d302      	bcc.n	1000889c <pvPortMalloc+0x9c>
10008896:	4a22      	ldr	r2, [pc, #136]	; (10008920 <pvPortMalloc+0x120>)
10008898:	4295      	cmp	r5, r2
1000889a:	d901      	bls.n	100088a0 <pvPortMalloc+0xa0>
1000889c:	b672      	cpsid	i
1000889e:	e7fe      	b.n	1000889e <pvPortMalloc+0x9e>
100088a0:	681a      	ldr	r2, [r3, #0]
100088a2:	600a      	str	r2, [r1, #0]
100088a4:	685a      	ldr	r2, [r3, #4]
100088a6:	42a2      	cmp	r2, r4
100088a8:	d307      	bcc.n	100088ba <pvPortMalloc+0xba>
100088aa:	1b12      	subs	r2, r2, r4
100088ac:	2a10      	cmp	r2, #16
100088ae:	d90b      	bls.n	100088c8 <pvPortMalloc+0xc8>
100088b0:	191e      	adds	r6, r3, r4
100088b2:	0777      	lsls	r7, r6, #29
100088b4:	d003      	beq.n	100088be <pvPortMalloc+0xbe>
100088b6:	b672      	cpsid	i
100088b8:	e7fe      	b.n	100088b8 <pvPortMalloc+0xb8>
100088ba:	b672      	cpsid	i
100088bc:	e7fe      	b.n	100088bc <pvPortMalloc+0xbc>
100088be:	6072      	str	r2, [r6, #4]
100088c0:	605c      	str	r4, [r3, #4]
100088c2:	680a      	ldr	r2, [r1, #0]
100088c4:	6032      	str	r2, [r6, #0]
100088c6:	600e      	str	r6, [r1, #0]
100088c8:	6859      	ldr	r1, [r3, #4]
100088ca:	1a40      	subs	r0, r0, r1
100088cc:	4a11      	ldr	r2, [pc, #68]	; (10008914 <pvPortMalloc+0x114>)
100088ce:	6010      	str	r0, [r2, #0]
100088d0:	4a14      	ldr	r2, [pc, #80]	; (10008924 <pvPortMalloc+0x124>)
100088d2:	6812      	ldr	r2, [r2, #0]
100088d4:	4290      	cmp	r0, r2
100088d6:	d201      	bcs.n	100088dc <pvPortMalloc+0xdc>
100088d8:	4a12      	ldr	r2, [pc, #72]	; (10008924 <pvPortMalloc+0x124>)
100088da:	6010      	str	r0, [r2, #0]
100088dc:	2280      	movs	r2, #128	; 0x80
100088de:	0612      	lsls	r2, r2, #24
100088e0:	430a      	orrs	r2, r1
100088e2:	605a      	str	r2, [r3, #4]
100088e4:	2200      	movs	r2, #0
100088e6:	601a      	str	r2, [r3, #0]
100088e8:	4a0f      	ldr	r2, [pc, #60]	; (10008928 <pvPortMalloc+0x128>)
100088ea:	6813      	ldr	r3, [r2, #0]
100088ec:	3301      	adds	r3, #1
100088ee:	6013      	str	r3, [r2, #0]
100088f0:	e002      	b.n	100088f8 <pvPortMalloc+0xf8>
100088f2:	2500      	movs	r5, #0
100088f4:	e000      	b.n	100088f8 <pvPortMalloc+0xf8>
100088f6:	2500      	movs	r5, #0
100088f8:	f7ff fb20 	bl	10007f3c <xTaskResumeAll>
100088fc:	076b      	lsls	r3, r5, #29
100088fe:	d005      	beq.n	1000890c <pvPortMalloc+0x10c>
10008900:	b672      	cpsid	i
10008902:	e7fe      	b.n	10008902 <pvPortMalloc+0x102>
10008904:	2500      	movs	r5, #0
10008906:	e7f7      	b.n	100088f8 <pvPortMalloc+0xf8>
10008908:	2500      	movs	r5, #0
1000890a:	e7f5      	b.n	100088f8 <pvPortMalloc+0xf8>
1000890c:	0028      	movs	r0, r5
1000890e:	bdf8      	pop	{r3, r4, r5, r6, r7, pc}
10008910:	20001c64 	.word	0x20001c64
10008914:	20011f8c 	.word	0x20011f8c
10008918:	20011fc8 	.word	0x20011fc8
1000891c:	20001f08 	.word	0x20001f08
10008920:	20011f07 	.word	0x20011f07
10008924:	20011f98 	.word	0x20011f98
10008928:	20011fa4 	.word	0x20011fa4

1000892c <vPortFree>:
1000892c:	b570      	push	{r4, r5, r6, lr}
1000892e:	2800      	cmp	r0, #0
10008930:	d017      	beq.n	10008962 <vPortFree+0x36>
10008932:	0005      	movs	r5, r0
10008934:	3d08      	subs	r5, #8
10008936:	4b17      	ldr	r3, [pc, #92]	; (10008994 <vPortFree+0x68>)
10008938:	429d      	cmp	r5, r3
1000893a:	d307      	bcc.n	1000894c <vPortFree+0x20>
1000893c:	4b16      	ldr	r3, [pc, #88]	; (10008998 <vPortFree+0x6c>)
1000893e:	429d      	cmp	r5, r3
10008940:	d804      	bhi.n	1000894c <vPortFree+0x20>
10008942:	686b      	ldr	r3, [r5, #4]
10008944:	2b00      	cmp	r3, #0
10008946:	db03      	blt.n	10008950 <vPortFree+0x24>
10008948:	b672      	cpsid	i
1000894a:	e7fe      	b.n	1000894a <vPortFree+0x1e>
1000894c:	b672      	cpsid	i
1000894e:	e7fe      	b.n	1000894e <vPortFree+0x22>
10008950:	0002      	movs	r2, r0
10008952:	3a08      	subs	r2, #8
10008954:	6812      	ldr	r2, [r2, #0]
10008956:	2a00      	cmp	r2, #0
10008958:	d001      	beq.n	1000895e <vPortFree+0x32>
1000895a:	b672      	cpsid	i
1000895c:	e7fe      	b.n	1000895c <vPortFree+0x30>
1000895e:	2b00      	cmp	r3, #0
10008960:	db00      	blt.n	10008964 <vPortFree+0x38>
10008962:	bd70      	pop	{r4, r5, r6, pc}
10008964:	3808      	subs	r0, #8
10008966:	0004      	movs	r4, r0
10008968:	005b      	lsls	r3, r3, #1
1000896a:	085b      	lsrs	r3, r3, #1
1000896c:	6043      	str	r3, [r0, #4]
1000896e:	f7ff fa1f 	bl	10007db0 <vTaskSuspendAll>
10008972:	6863      	ldr	r3, [r4, #4]
10008974:	4a09      	ldr	r2, [pc, #36]	; (1000899c <vPortFree+0x70>)
10008976:	6811      	ldr	r1, [r2, #0]
10008978:	468c      	mov	ip, r1
1000897a:	4463      	add	r3, ip
1000897c:	6013      	str	r3, [r2, #0]
1000897e:	0028      	movs	r0, r5
10008980:	f7ff ff06 	bl	10008790 <prvInsertBlockIntoFreeList>
10008984:	4a06      	ldr	r2, [pc, #24]	; (100089a0 <vPortFree+0x74>)
10008986:	6813      	ldr	r3, [r2, #0]
10008988:	3301      	adds	r3, #1
1000898a:	6013      	str	r3, [r2, #0]
1000898c:	f7ff fad6 	bl	10007f3c <xTaskResumeAll>
10008990:	e7e7      	b.n	10008962 <vPortFree+0x36>
10008992:	46c0      	nop			; (mov r8, r8)
10008994:	20001f08 	.word	0x20001f08
10008998:	20011f07 	.word	0x20011f07
1000899c:	20011f8c 	.word	0x20011f8c
100089a0:	20011fa8 	.word	0x20011fa8

100089a4 <vListInitialise>:
100089a4:	0003      	movs	r3, r0
100089a6:	3308      	adds	r3, #8
100089a8:	6043      	str	r3, [r0, #4]
100089aa:	2201      	movs	r2, #1
100089ac:	4252      	negs	r2, r2
100089ae:	6082      	str	r2, [r0, #8]
100089b0:	60c3      	str	r3, [r0, #12]
100089b2:	6103      	str	r3, [r0, #16]
100089b4:	2300      	movs	r3, #0
100089b6:	6003      	str	r3, [r0, #0]
100089b8:	4770      	bx	lr

100089ba <vListInitialiseItem>:
100089ba:	2300      	movs	r3, #0
100089bc:	6103      	str	r3, [r0, #16]
100089be:	4770      	bx	lr

100089c0 <vListInsert>:
100089c0:	b530      	push	{r4, r5, lr}
100089c2:	680c      	ldr	r4, [r1, #0]
100089c4:	1c63      	adds	r3, r4, #1
100089c6:	d010      	beq.n	100089ea <vListInsert+0x2a>
100089c8:	0003      	movs	r3, r0
100089ca:	3308      	adds	r3, #8
100089cc:	001a      	movs	r2, r3
100089ce:	685b      	ldr	r3, [r3, #4]
100089d0:	681d      	ldr	r5, [r3, #0]
100089d2:	42a5      	cmp	r5, r4
100089d4:	d9fa      	bls.n	100089cc <vListInsert+0xc>
100089d6:	6853      	ldr	r3, [r2, #4]
100089d8:	604b      	str	r3, [r1, #4]
100089da:	6099      	str	r1, [r3, #8]
100089dc:	608a      	str	r2, [r1, #8]
100089de:	6051      	str	r1, [r2, #4]
100089e0:	6108      	str	r0, [r1, #16]
100089e2:	6803      	ldr	r3, [r0, #0]
100089e4:	3301      	adds	r3, #1
100089e6:	6003      	str	r3, [r0, #0]
100089e8:	bd30      	pop	{r4, r5, pc}
100089ea:	6902      	ldr	r2, [r0, #16]
100089ec:	e7f3      	b.n	100089d6 <vListInsert+0x16>

100089ee <uxListRemove>:
100089ee:	6903      	ldr	r3, [r0, #16]
100089f0:	6841      	ldr	r1, [r0, #4]
100089f2:	6882      	ldr	r2, [r0, #8]
100089f4:	608a      	str	r2, [r1, #8]
100089f6:	6841      	ldr	r1, [r0, #4]
100089f8:	6051      	str	r1, [r2, #4]
100089fa:	685a      	ldr	r2, [r3, #4]
100089fc:	4282      	cmp	r2, r0
100089fe:	d006      	beq.n	10008a0e <uxListRemove+0x20>
10008a00:	2200      	movs	r2, #0
10008a02:	6102      	str	r2, [r0, #16]
10008a04:	681a      	ldr	r2, [r3, #0]
10008a06:	3a01      	subs	r2, #1
10008a08:	601a      	str	r2, [r3, #0]
10008a0a:	6818      	ldr	r0, [r3, #0]
10008a0c:	4770      	bx	lr
10008a0e:	6882      	ldr	r2, [r0, #8]
10008a10:	605a      	str	r2, [r3, #4]
10008a12:	e7f5      	b.n	10008a00 <uxListRemove+0x12>
	...

10008a20 <vPortStartFirstTask>:
10008a20:	4a0b      	ldr	r2, [pc, #44]	; (10008a50 <pxCurrentTCBConst1>)
10008a22:	6813      	ldr	r3, [r2, #0]
10008a24:	6818      	ldr	r0, [r3, #0]
10008a26:	3020      	adds	r0, #32
10008a28:	f380 8809 	msr	PSP, r0
10008a2c:	2002      	movs	r0, #2
10008a2e:	f380 8814 	msr	CONTROL, r0
10008a32:	f3bf 8f6f 	isb	sy
10008a36:	bc3f      	pop	{r0, r1, r2, r3, r4, r5}
10008a38:	46ae      	mov	lr, r5
10008a3a:	bc08      	pop	{r3}
10008a3c:	bc04      	pop	{r2}
10008a3e:	b662      	cpsie	i
10008a40:	4718      	bx	r3
10008a42:	46c0      	nop			; (mov r8, r8)
10008a44:	46c0      	nop			; (mov r8, r8)
10008a46:	46c0      	nop			; (mov r8, r8)
10008a48:	46c0      	nop			; (mov r8, r8)
10008a4a:	46c0      	nop			; (mov r8, r8)
10008a4c:	46c0      	nop			; (mov r8, r8)
10008a4e:	46c0      	nop			; (mov r8, r8)

10008a50 <pxCurrentTCBConst1>:
10008a50:	20001c58 	.word	0x20001c58

10008a54 <prvTaskExitError>:
10008a54:	b510      	push	{r4, lr}
10008a56:	f7fa f8af 	bl	10002bb8 <panic_unsupported>
	...

10008a5c <pxPortInitialiseStack>:
10008a5c:	b510      	push	{r4, lr}
10008a5e:	1f03      	subs	r3, r0, #4
10008a60:	2480      	movs	r4, #128	; 0x80
10008a62:	0464      	lsls	r4, r4, #17
10008a64:	601c      	str	r4, [r3, #0]
10008a66:	3b04      	subs	r3, #4
10008a68:	6019      	str	r1, [r3, #0]
10008a6a:	3b04      	subs	r3, #4
10008a6c:	4902      	ldr	r1, [pc, #8]	; (10008a78 <pxPortInitialiseStack+0x1c>)
10008a6e:	6019      	str	r1, [r3, #0]
10008a70:	3b14      	subs	r3, #20
10008a72:	601a      	str	r2, [r3, #0]
10008a74:	3840      	subs	r0, #64	; 0x40
10008a76:	bd10      	pop	{r4, pc}
10008a78:	10008a55 	.word	0x10008a55

10008a7c <vPortYield>:
10008a7c:	23d0      	movs	r3, #208	; 0xd0
10008a7e:	061b      	lsls	r3, r3, #24
10008a80:	681b      	ldr	r3, [r3, #0]
10008a82:	009b      	lsls	r3, r3, #2
10008a84:	4a07      	ldr	r2, [pc, #28]	; (10008aa4 <vPortYield+0x28>)
10008a86:	589b      	ldr	r3, [r3, r2]
10008a88:	2b00      	cmp	r3, #0
10008a8a:	d001      	beq.n	10008a90 <vPortYield+0x14>
10008a8c:	b672      	cpsid	i
10008a8e:	e7fe      	b.n	10008a8e <vPortYield+0x12>
10008a90:	4b05      	ldr	r3, [pc, #20]	; (10008aa8 <vPortYield+0x2c>)
10008a92:	2280      	movs	r2, #128	; 0x80
10008a94:	0552      	lsls	r2, r2, #21
10008a96:	601a      	str	r2, [r3, #0]
10008a98:	f3bf 8f4f 	dsb	sy
10008a9c:	f3bf 8f6f 	isb	sy
10008aa0:	4770      	bx	lr
10008aa2:	46c0      	nop			; (mov r8, r8)
10008aa4:	20001cd4 	.word	0x20001cd4
10008aa8:	e000ed04 	.word	0xe000ed04

10008aac <prvFIFOInterruptHandler>:
10008aac:	b500      	push	{lr}
10008aae:	b083      	sub	sp, #12
10008ab0:	e002      	b.n	10008ab8 <prvFIFOInterruptHandler+0xc>
10008ab2:	23d0      	movs	r3, #208	; 0xd0
10008ab4:	061b      	lsls	r3, r3, #24
10008ab6:	6d9b      	ldr	r3, [r3, #88]	; 0x58
10008ab8:	23d0      	movs	r3, #208	; 0xd0
10008aba:	061b      	lsls	r3, r3, #24
10008abc:	6d1b      	ldr	r3, [r3, #80]	; 0x50
10008abe:	07db      	lsls	r3, r3, #31
10008ac0:	d4f7      	bmi.n	10008ab2 <prvFIFOInterruptHandler+0x6>
10008ac2:	23d0      	movs	r3, #208	; 0xd0
10008ac4:	061b      	lsls	r3, r3, #24
10008ac6:	22ff      	movs	r2, #255	; 0xff
10008ac8:	651a      	str	r2, [r3, #80]	; 0x50
10008aca:	2300      	movs	r3, #0
10008acc:	9301      	str	r3, [sp, #4]
10008ace:	4b11      	ldr	r3, [pc, #68]	; (10008b14 <prvFIFOInterruptHandler+0x68>)
10008ad0:	681a      	ldr	r2, [r3, #0]
10008ad2:	f3ef 8010 	mrs	r0, PRIMASK
10008ad6:	b672      	cpsid	i
10008ad8:	6813      	ldr	r3, [r2, #0]
10008ada:	2b00      	cmp	r3, #0
10008adc:	d0fc      	beq.n	10008ad8 <prvFIFOInterruptHandler+0x2c>
10008ade:	f3bf 8f5f 	dmb	sy
10008ae2:	490d      	ldr	r1, [pc, #52]	; (10008b18 <prvFIFOInterruptHandler+0x6c>)
10008ae4:	680a      	ldr	r2, [r1, #0]
10008ae6:	2300      	movs	r3, #0
10008ae8:	600b      	str	r3, [r1, #0]
10008aea:	490a      	ldr	r1, [pc, #40]	; (10008b14 <prvFIFOInterruptHandler+0x68>)
10008aec:	6809      	ldr	r1, [r1, #0]
10008aee:	f3bf 8f5f 	dmb	sy
10008af2:	600b      	str	r3, [r1, #0]
10008af4:	f380 8810 	msr	PRIMASK, r0
10008af8:	4b08      	ldr	r3, [pc, #32]	; (10008b1c <prvFIFOInterruptHandler+0x70>)
10008afa:	6819      	ldr	r1, [r3, #0]
10008afc:	ab01      	add	r3, sp, #4
10008afe:	4808      	ldr	r0, [pc, #32]	; (10008b20 <prvFIFOInterruptHandler+0x74>)
10008b00:	f7ff fe06 	bl	10008710 <xTimerPendFunctionCallFromISR>
10008b04:	9b01      	ldr	r3, [sp, #4]
10008b06:	2b00      	cmp	r3, #0
10008b08:	d101      	bne.n	10008b0e <prvFIFOInterruptHandler+0x62>
10008b0a:	b003      	add	sp, #12
10008b0c:	bd00      	pop	{pc}
10008b0e:	f7ff ffb5 	bl	10008a7c <vPortYield>
10008b12:	e7fa      	b.n	10008b0a <prvFIFOInterruptHandler+0x5e>
10008b14:	20001c54 	.word	0x20001c54
10008b18:	20011f24 	.word	0x20011f24
10008b1c:	20011f88 	.word	0x20011f88
10008b20:	10000305 	.word	0x10000305

10008b24 <vPortEnterCritical>:
10008b24:	b672      	cpsid	i
10008b26:	4a04      	ldr	r2, [pc, #16]	; (10008b38 <vPortEnterCritical+0x14>)
10008b28:	6813      	ldr	r3, [r2, #0]
10008b2a:	3301      	adds	r3, #1
10008b2c:	6013      	str	r3, [r2, #0]
10008b2e:	f3bf 8f4f 	dsb	sy
10008b32:	f3bf 8f6f 	isb	sy
10008b36:	4770      	bx	lr
10008b38:	20011f20 	.word	0x20011f20

10008b3c <vPortExitCritical>:
10008b3c:	4b06      	ldr	r3, [pc, #24]	; (10008b58 <vPortExitCritical+0x1c>)
10008b3e:	681b      	ldr	r3, [r3, #0]
10008b40:	2b00      	cmp	r3, #0
10008b42:	d101      	bne.n	10008b48 <vPortExitCritical+0xc>
10008b44:	b672      	cpsid	i
10008b46:	e7fe      	b.n	10008b46 <vPortExitCritical+0xa>
10008b48:	3b01      	subs	r3, #1
10008b4a:	4a03      	ldr	r2, [pc, #12]	; (10008b58 <vPortExitCritical+0x1c>)
10008b4c:	6013      	str	r3, [r2, #0]
10008b4e:	2b00      	cmp	r3, #0
10008b50:	d100      	bne.n	10008b54 <vPortExitCritical+0x18>
10008b52:	b662      	cpsie	i
10008b54:	4770      	bx	lr
10008b56:	46c0      	nop			; (mov r8, r8)
10008b58:	20011f20 	.word	0x20011f20

10008b5c <ulSetInterruptMaskFromISR>:
10008b5c:	f3ef 8010 	mrs	r0, PRIMASK
10008b60:	b672      	cpsid	i
10008b62:	4770      	bx	lr

10008b64 <vClearInterruptMaskFromISR>:
10008b64:	f380 8810 	msr	PRIMASK, r0
10008b68:	4770      	bx	lr
10008b6a:	0000      	movs	r0, r0
10008b6c:	0000      	movs	r0, r0
	...

10008b70 <isr_pendsv>:
10008b70:	f3ef 8009 	mrs	r0, PSP
10008b74:	4b16      	ldr	r3, [pc, #88]	; (10008bd0 <pxCurrentTCBConst2>)
10008b76:	681a      	ldr	r2, [r3, #0]
10008b78:	3820      	subs	r0, #32
10008b7a:	6010      	str	r0, [r2, #0]
10008b7c:	c0f0      	stmia	r0!, {r4, r5, r6, r7}
10008b7e:	4644      	mov	r4, r8
10008b80:	464d      	mov	r5, r9
10008b82:	4656      	mov	r6, sl
10008b84:	465f      	mov	r7, fp
10008b86:	c0f0      	stmia	r0!, {r4, r5, r6, r7}
10008b88:	220d      	movs	r2, #13
10008b8a:	0712      	lsls	r2, r2, #28
10008b8c:	6e14      	ldr	r4, [r2, #96]	; 0x60
10008b8e:	6e55      	ldr	r5, [r2, #100]	; 0x64
10008b90:	6f56      	ldr	r6, [r2, #116]	; 0x74
10008b92:	6f17      	ldr	r7, [r2, #112]	; 0x70
10008b94:	3830      	subs	r0, #48	; 0x30
10008b96:	c0f0      	stmia	r0!, {r4, r5, r6, r7}
10008b98:	b508      	push	{r3, lr}
10008b9a:	b672      	cpsid	i
10008b9c:	f7ff fa86 	bl	100080ac <vTaskSwitchContext>
10008ba0:	b662      	cpsie	i
10008ba2:	bc0c      	pop	{r2, r3}
10008ba4:	6811      	ldr	r1, [r2, #0]
10008ba6:	6808      	ldr	r0, [r1, #0]
10008ba8:	3010      	adds	r0, #16
10008baa:	c8f0      	ldmia	r0!, {r4, r5, r6, r7}
10008bac:	46a0      	mov	r8, r4
10008bae:	46a9      	mov	r9, r5
10008bb0:	46b2      	mov	sl, r6
10008bb2:	46bb      	mov	fp, r7
10008bb4:	f380 8809 	msr	PSP, r0
10008bb8:	220d      	movs	r2, #13
10008bba:	0712      	lsls	r2, r2, #28
10008bbc:	3830      	subs	r0, #48	; 0x30
10008bbe:	c8f0      	ldmia	r0!, {r4, r5, r6, r7}
10008bc0:	6614      	str	r4, [r2, #96]	; 0x60
10008bc2:	6655      	str	r5, [r2, #100]	; 0x64
10008bc4:	6756      	str	r6, [r2, #116]	; 0x74
10008bc6:	6717      	str	r7, [r2, #112]	; 0x70
10008bc8:	c8f0      	ldmia	r0!, {r4, r5, r6, r7}
10008bca:	4718      	bx	r3
10008bcc:	46c0      	nop			; (mov r8, r8)
10008bce:	46c0      	nop			; (mov r8, r8)

10008bd0 <pxCurrentTCBConst2>:
10008bd0:	20001c58 	.word	0x20001c58

10008bd4 <isr_systick>:
10008bd4:	b510      	push	{r4, lr}
10008bd6:	f7ff ffc1 	bl	10008b5c <ulSetInterruptMaskFromISR>
10008bda:	0004      	movs	r4, r0
10008bdc:	f7ff f8fc 	bl	10007dd8 <xTaskIncrementTick>
10008be0:	2800      	cmp	r0, #0
10008be2:	d003      	beq.n	10008bec <isr_systick+0x18>
10008be4:	4b03      	ldr	r3, [pc, #12]	; (10008bf4 <isr_systick+0x20>)
10008be6:	2280      	movs	r2, #128	; 0x80
10008be8:	0552      	lsls	r2, r2, #21
10008bea:	601a      	str	r2, [r3, #0]
10008bec:	0020      	movs	r0, r4
10008bee:	f7ff ffb9 	bl	10008b64 <vClearInterruptMaskFromISR>
10008bf2:	bd10      	pop	{r4, pc}
10008bf4:	e000ed04 	.word	0xe000ed04

10008bf8 <vPortSetupTimerInterrupt>:
10008bf8:	b510      	push	{r4, lr}
10008bfa:	4c09      	ldr	r4, [pc, #36]	; (10008c20 <vPortSetupTimerInterrupt+0x28>)
10008bfc:	2300      	movs	r3, #0
10008bfe:	6023      	str	r3, [r4, #0]
10008c00:	4a08      	ldr	r2, [pc, #32]	; (10008c24 <vPortSetupTimerInterrupt+0x2c>)
10008c02:	6013      	str	r3, [r2, #0]
10008c04:	2005      	movs	r0, #5
10008c06:	f7f9 fe03 	bl	10002810 <clock_get_hz>
10008c0a:	21fa      	movs	r1, #250	; 0xfa
10008c0c:	0089      	lsls	r1, r1, #2
10008c0e:	f7fb f8ed 	bl	10003dec <__wrap___aeabi_uidiv>
10008c12:	3801      	subs	r0, #1
10008c14:	4b04      	ldr	r3, [pc, #16]	; (10008c28 <vPortSetupTimerInterrupt+0x30>)
10008c16:	6018      	str	r0, [r3, #0]
10008c18:	2307      	movs	r3, #7
10008c1a:	6023      	str	r3, [r4, #0]
10008c1c:	bd10      	pop	{r4, pc}
10008c1e:	46c0      	nop			; (mov r8, r8)
10008c20:	e000e010 	.word	0xe000e010
10008c24:	e000e018 	.word	0xe000e018
10008c28:	e000e014 	.word	0xe000e014

10008c2c <xPortStartScheduler>:
10008c2c:	b510      	push	{r4, lr}
10008c2e:	4b1b      	ldr	r3, [pc, #108]	; (10008c9c <xPortStartScheduler+0x70>)
10008c30:	6819      	ldr	r1, [r3, #0]
10008c32:	22ff      	movs	r2, #255	; 0xff
10008c34:	0412      	lsls	r2, r2, #16
10008c36:	430a      	orrs	r2, r1
10008c38:	601a      	str	r2, [r3, #0]
10008c3a:	6819      	ldr	r1, [r3, #0]
10008c3c:	22ff      	movs	r2, #255	; 0xff
10008c3e:	0612      	lsls	r2, r2, #24
10008c40:	430a      	orrs	r2, r1
10008c42:	601a      	str	r2, [r3, #0]
10008c44:	f7ff ffd8 	bl	10008bf8 <vPortSetupTimerInterrupt>
10008c48:	4b15      	ldr	r3, [pc, #84]	; (10008ca0 <xPortStartScheduler+0x74>)
10008c4a:	2200      	movs	r2, #0
10008c4c:	601a      	str	r2, [r3, #0]
10008c4e:	23d0      	movs	r3, #208	; 0xd0
10008c50:	061b      	lsls	r3, r3, #24
10008c52:	4a14      	ldr	r2, [pc, #80]	; (10008ca4 <xPortStartScheduler+0x78>)
10008c54:	6819      	ldr	r1, [r3, #0]
10008c56:	7011      	strb	r1, [r2, #0]
10008c58:	22ff      	movs	r2, #255	; 0xff
10008c5a:	651a      	str	r2, [r3, #80]	; 0x50
10008c5c:	e002      	b.n	10008c64 <xPortStartScheduler+0x38>
10008c5e:	23d0      	movs	r3, #208	; 0xd0
10008c60:	061b      	lsls	r3, r3, #24
10008c62:	6d9b      	ldr	r3, [r3, #88]	; 0x58
10008c64:	23d0      	movs	r3, #208	; 0xd0
10008c66:	061b      	lsls	r3, r3, #24
10008c68:	6d1b      	ldr	r3, [r3, #80]	; 0x50
10008c6a:	07db      	lsls	r3, r3, #31
10008c6c:	d4f7      	bmi.n	10008c5e <xPortStartScheduler+0x32>
10008c6e:	23d0      	movs	r3, #208	; 0xd0
10008c70:	061b      	lsls	r3, r3, #24
10008c72:	681c      	ldr	r4, [r3, #0]
10008c74:	340f      	adds	r4, #15
10008c76:	21ff      	movs	r1, #255	; 0xff
10008c78:	0020      	movs	r0, r4
10008c7a:	f7f8 f9af 	bl	10000fdc <irq_set_priority>
10008c7e:	490a      	ldr	r1, [pc, #40]	; (10008ca8 <xPortStartScheduler+0x7c>)
10008c80:	0020      	movs	r0, r4
10008c82:	f7f7 ff91 	bl	10000ba8 <irq_set_exclusive_handler>
10008c86:	2101      	movs	r1, #1
10008c88:	0020      	movs	r0, r4
10008c8a:	f7f7 ff63 	bl	10000b54 <irq_set_enabled>
10008c8e:	f7ff fec7 	bl	10008a20 <vPortStartFirstTask>
10008c92:	f7ff fa0b 	bl	100080ac <vTaskSwitchContext>
10008c96:	f7ff fedd 	bl	10008a54 <prvTaskExitError>
10008c9a:	46c0      	nop			; (mov r8, r8)
10008c9c:	e000ed20 	.word	0xe000ed20
10008ca0:	20011f20 	.word	0x20011f20
10008ca4:	20000cbc 	.word	0x20000cbc
10008ca8:	10008aad 	.word	0x10008aad

10008cac <prvRuntimeInitializer>:
10008cac:	b510      	push	{r4, lr}
10008cae:	f7f7 febf 	bl	10000a30 <next_striped_spin_lock_num>
10008cb2:	4b0c      	ldr	r3, [pc, #48]	; (10008ce4 <prvRuntimeInitializer+0x38>)
10008cb4:	469c      	mov	ip, r3
10008cb6:	4460      	add	r0, ip
10008cb8:	0080      	lsls	r0, r0, #2
10008cba:	4b0b      	ldr	r3, [pc, #44]	; (10008ce8 <prvRuntimeInitializer+0x3c>)
10008cbc:	6018      	str	r0, [r3, #0]
10008cbe:	4b0b      	ldr	r3, [pc, #44]	; (10008cec <prvRuntimeInitializer+0x40>)
10008cc0:	2200      	movs	r2, #0
10008cc2:	601a      	str	r2, [r3, #0]
10008cc4:	2300      	movs	r3, #0
10008cc6:	2b00      	cmp	r3, #0
10008cc8:	dd03      	ble.n	10008cd2 <prvRuntimeInitializer+0x26>
10008cca:	4b09      	ldr	r3, [pc, #36]	; (10008cf0 <prvRuntimeInitializer+0x44>)
10008ccc:	2200      	movs	r2, #0
10008cce:	601a      	str	r2, [r3, #0]
10008cd0:	bd10      	pop	{r4, pc}
10008cd2:	009a      	lsls	r2, r3, #2
10008cd4:	2100      	movs	r1, #0
10008cd6:	4807      	ldr	r0, [pc, #28]	; (10008cf4 <prvRuntimeInitializer+0x48>)
10008cd8:	5011      	str	r1, [r2, r0]
10008cda:	4807      	ldr	r0, [pc, #28]	; (10008cf8 <prvRuntimeInitializer+0x4c>)
10008cdc:	5011      	str	r1, [r2, r0]
10008cde:	3301      	adds	r3, #1
10008ce0:	e7f1      	b.n	10008cc6 <prvRuntimeInitializer+0x1a>
10008ce2:	46c0      	nop			; (mov r8, r8)
10008ce4:	34000040 	.word	0x34000040
10008ce8:	20001c54 	.word	0x20001c54
10008cec:	20011f88 	.word	0x20011f88
10008cf0:	20011f24 	.word	0x20011f24
10008cf4:	20001cd4 	.word	0x20001cd4
10008cf8:	20011f08 	.word	0x20011f08

10008cfc <strlen>:
10008cfc:	b510      	push	{r4, lr}
10008cfe:	0783      	lsls	r3, r0, #30
10008d00:	d00a      	beq.n	10008d18 <strlen+0x1c>
10008d02:	0003      	movs	r3, r0
10008d04:	2103      	movs	r1, #3
10008d06:	e002      	b.n	10008d0e <strlen+0x12>
10008d08:	3301      	adds	r3, #1
10008d0a:	420b      	tst	r3, r1
10008d0c:	d005      	beq.n	10008d1a <strlen+0x1e>
10008d0e:	781a      	ldrb	r2, [r3, #0]
10008d10:	2a00      	cmp	r2, #0
10008d12:	d1f9      	bne.n	10008d08 <strlen+0xc>
10008d14:	1a18      	subs	r0, r3, r0
10008d16:	bd10      	pop	{r4, pc}
10008d18:	0003      	movs	r3, r0
10008d1a:	6819      	ldr	r1, [r3, #0]
10008d1c:	4a0c      	ldr	r2, [pc, #48]	; (10008d50 <strlen+0x54>)
10008d1e:	4c0d      	ldr	r4, [pc, #52]	; (10008d54 <strlen+0x58>)
10008d20:	188a      	adds	r2, r1, r2
10008d22:	438a      	bics	r2, r1
10008d24:	4222      	tst	r2, r4
10008d26:	d10f      	bne.n	10008d48 <strlen+0x4c>
10008d28:	6859      	ldr	r1, [r3, #4]
10008d2a:	4a09      	ldr	r2, [pc, #36]	; (10008d50 <strlen+0x54>)
10008d2c:	3304      	adds	r3, #4
10008d2e:	188a      	adds	r2, r1, r2
10008d30:	438a      	bics	r2, r1
10008d32:	4222      	tst	r2, r4
10008d34:	d108      	bne.n	10008d48 <strlen+0x4c>
10008d36:	6859      	ldr	r1, [r3, #4]
10008d38:	4a05      	ldr	r2, [pc, #20]	; (10008d50 <strlen+0x54>)
10008d3a:	3304      	adds	r3, #4
10008d3c:	188a      	adds	r2, r1, r2
10008d3e:	438a      	bics	r2, r1
10008d40:	4222      	tst	r2, r4
10008d42:	d0f1      	beq.n	10008d28 <strlen+0x2c>
10008d44:	e000      	b.n	10008d48 <strlen+0x4c>
10008d46:	3301      	adds	r3, #1
10008d48:	781a      	ldrb	r2, [r3, #0]
10008d4a:	2a00      	cmp	r2, #0
10008d4c:	d1fb      	bne.n	10008d46 <strlen+0x4a>
10008d4e:	e7e1      	b.n	10008d14 <strlen+0x18>
10008d50:	fefefeff 	.word	0xfefefeff
10008d54:	80808080 	.word	0x80808080

10008d58 <_fini>:
10008d58:	b5f8      	push	{r3, r4, r5, r6, r7, lr}
10008d5a:	46c0      	nop			; (mov r8, r8)
10008d5c:	0000      	movs	r0, r0
	...

10008d60 <__flash_do_cmd_veneer>:
10008d60:	b401      	push	{r0}
10008d62:	4802      	ldr	r0, [pc, #8]	; (10008d6c <__flash_do_cmd_veneer+0xc>)
10008d64:	4684      	mov	ip, r0
10008d66:	bc01      	pop	{r0}
10008d68:	4760      	bx	ip
10008d6a:	bf00      	nop
10008d6c:	200002e5 	.word	0x200002e5

10008d70 <__mutex_exit_veneer>:
10008d70:	b401      	push	{r0}
10008d72:	4802      	ldr	r0, [pc, #8]	; (10008d7c <__mutex_exit_veneer+0xc>)
10008d74:	4684      	mov	ip, r0
10008d76:	bc01      	pop	{r0}
10008d78:	4760      	bx	ip
10008d7a:	bf00      	nop
10008d7c:	20000231 	.word	0x20000231

10008d80 <__e15_is_bulkin_ep_veneer>:
10008d80:	b401      	push	{r0}
10008d82:	4802      	ldr	r0, [pc, #8]	; (10008d8c <__e15_is_bulkin_ep_veneer+0xc>)
10008d84:	4684      	mov	ip, r0
10008d86:	bc01      	pop	{r0}
10008d88:	4760      	bx	ip
10008d8a:	bf00      	nop
10008d8c:	2000066d 	.word	0x2000066d

10008d90 <____aeabi_ldiv0_veneer>:
10008d90:	b401      	push	{r0}
10008d92:	4802      	ldr	r0, [pc, #8]	; (10008d9c <____aeabi_ldiv0_veneer+0xc>)
10008d94:	4684      	mov	ip, r0
10008d96:	bc01      	pop	{r0}
10008d98:	4760      	bx	ip
10008d9a:	bf00      	nop
10008d9c:	20000b1d 	.word	0x20000b1d

10008da0 <____aeabi_idiv0_veneer>:
10008da0:	b401      	push	{r0}
10008da2:	4802      	ldr	r0, [pc, #8]	; (10008dac <____aeabi_idiv0_veneer+0xc>)
10008da4:	4684      	mov	ip, r0
10008da6:	bc01      	pop	{r0}
10008da8:	4760      	bx	ip
10008daa:	bf00      	nop
10008dac:	20000b1d 	.word	0x20000b1d

10008db0 <__mutex_try_enter_veneer>:
10008db0:	b401      	push	{r0}
10008db2:	4802      	ldr	r0, [pc, #8]	; (10008dbc <__mutex_try_enter_veneer+0xc>)
10008db4:	4684      	mov	ip, r0
10008db6:	bc01      	pop	{r0}
10008db8:	4760      	bx	ip
10008dba:	bf00      	nop
10008dbc:	200000c1 	.word	0x200000c1

10008dc0 <__mutex_enter_timeout_ms_veneer>:
10008dc0:	b401      	push	{r0}
10008dc2:	4802      	ldr	r0, [pc, #8]	; (10008dcc <__mutex_enter_timeout_ms_veneer+0xc>)
10008dc4:	4684      	mov	ip, r0
10008dc6:	bc01      	pop	{r0}
10008dc8:	4760      	bx	ip
10008dca:	bf00      	nop
10008dcc:	200001c9 	.word	0x200001c9

10008dd0 <__dcd_event_handler_veneer>:
10008dd0:	b401      	push	{r0}
10008dd2:	4802      	ldr	r0, [pc, #8]	; (10008ddc <__dcd_event_handler_veneer+0xc>)
10008dd4:	4684      	mov	ip, r0
10008dd6:	bc01      	pop	{r0}
10008dd8:	4760      	bx	ip
10008dda:	bf00      	nop
10008ddc:	2000091d 	.word	0x2000091d

10008de0 <__e15_is_critical_frame_period_veneer>:
10008de0:	b401      	push	{r0}
10008de2:	4802      	ldr	r0, [pc, #8]	; (10008dec <__e15_is_critical_frame_period_veneer+0xc>)
10008de4:	4684      	mov	ip, r0
10008de6:	bc01      	pop	{r0}
10008de8:	4760      	bx	ip
10008dea:	bf00      	nop
10008dec:	20000699 	.word	0x20000699

10008df0 <__mutex_try_enter_block_until_veneer>:
10008df0:	b401      	push	{r0}
10008df2:	4802      	ldr	r0, [pc, #8]	; (10008dfc <__mutex_try_enter_block_until_veneer+0xc>)
10008df4:	4684      	mov	ip, r0
10008df6:	bc01      	pop	{r0}
10008df8:	4760      	bx	ip
10008dfa:	bf00      	nop
10008dfc:	20000195 	.word	0x20000195

10008e00 <__hw_endpoint_start_next_buffer_veneer>:
10008e00:	b401      	push	{r0}
10008e02:	4802      	ldr	r0, [pc, #8]	; (10008e0c <__hw_endpoint_start_next_buffer_veneer+0xc>)
10008e04:	4684      	mov	ip, r0
10008e06:	bc01      	pop	{r0}
10008e08:	4760      	bx	ip
10008e0a:	bf00      	nop
10008e0c:	20000845 	.word	0x20000845

10008e10 <__hw_endpoint_reset_transfer_veneer>:
10008e10:	b401      	push	{r0}
10008e12:	4802      	ldr	r0, [pc, #8]	; (10008e1c <__hw_endpoint_reset_transfer_veneer+0xc>)
10008e14:	4684      	mov	ip, r0
10008e16:	bc01      	pop	{r0}
10008e18:	4760      	bx	ip
10008e1a:	bf00      	nop
10008e1c:	200007e1 	.word	0x200007e1

10008e20 <___hw_endpoint_buffer_control_update32_veneer>:
10008e20:	b401      	push	{r0}
10008e22:	4802      	ldr	r0, [pc, #8]	; (10008e2c <___hw_endpoint_buffer_control_update32_veneer+0xc>)
10008e24:	4684      	mov	ip, r0
10008e26:	bc01      	pop	{r0}
10008e28:	4760      	bx	ip
10008e2a:	bf00      	nop
10008e2c:	200007ed 	.word	0x200007ed

10008e30 <__reset_non_control_endpoints_veneer>:
10008e30:	b401      	push	{r0}
10008e32:	4802      	ldr	r0, [pc, #8]	; (10008e3c <__reset_non_control_endpoints_veneer+0xc>)
10008e34:	4684      	mov	ip, r0
10008e36:	bc01      	pop	{r0}
10008e38:	4760      	bx	ip
10008e3a:	bf00      	nop
10008e3c:	200003bd 	.word	0x200003bd

Disassembly of section .data:

200000c0 <mutex_try_enter>:
200000c0:	0003      	movs	r3, r0
200000c2:	6800      	ldr	r0, [r0, #0]
200000c4:	f3ef 8c10 	mrs	ip, PRIMASK
200000c8:	b672      	cpsid	i
200000ca:	6802      	ldr	r2, [r0, #0]
200000cc:	2a00      	cmp	r2, #0
200000ce:	d0fc      	beq.n	200000ca <mutex_try_enter+0xa>
200000d0:	f3bf 8f5f 	dmb	sy
200000d4:	2204      	movs	r2, #4
200000d6:	569a      	ldrsb	r2, [r3, r2]
200000d8:	2a00      	cmp	r2, #0
200000da:	db0b      	blt.n	200000f4 <mutex_try_enter+0x34>
200000dc:	2900      	cmp	r1, #0
200000de:	d010      	beq.n	20000102 <mutex_try_enter+0x42>
200000e0:	600a      	str	r2, [r1, #0]
200000e2:	2000      	movs	r0, #0
200000e4:	681b      	ldr	r3, [r3, #0]
200000e6:	f3bf 8f5f 	dmb	sy
200000ea:	2200      	movs	r2, #0
200000ec:	601a      	str	r2, [r3, #0]
200000ee:	f38c 8810 	msr	PRIMASK, ip
200000f2:	4770      	bx	lr
200000f4:	22d0      	movs	r2, #208	; 0xd0
200000f6:	0612      	lsls	r2, r2, #24
200000f8:	7812      	ldrb	r2, [r2, #0]
200000fa:	b252      	sxtb	r2, r2
200000fc:	711a      	strb	r2, [r3, #4]
200000fe:	2001      	movs	r0, #1
20000100:	e7f0      	b.n	200000e4 <mutex_try_enter+0x24>
20000102:	2000      	movs	r0, #0
20000104:	e7ee      	b.n	200000e4 <mutex_try_enter+0x24>
	...

20000108 <mutex_enter_block_until>:
20000108:	b5f8      	push	{r3, r4, r5, r6, r7, lr}
2000010a:	46ce      	mov	lr, r9
2000010c:	4647      	mov	r7, r8
2000010e:	b580      	push	{r7, lr}
20000110:	0004      	movs	r4, r0
20000112:	0017      	movs	r7, r2
20000114:	4698      	mov	r8, r3
20000116:	6803      	ldr	r3, [r0, #0]
20000118:	2b00      	cmp	r3, #0
2000011a:	d020      	beq.n	2000015e <mutex_enter_block_until+0x56>
2000011c:	23d0      	movs	r3, #208	; 0xd0
2000011e:	061b      	lsls	r3, r3, #24
20000120:	781b      	ldrb	r3, [r3, #0]
20000122:	b25b      	sxtb	r3, r3
20000124:	4699      	mov	r9, r3
20000126:	6826      	ldr	r6, [r4, #0]
20000128:	f3ef 8c10 	mrs	ip, PRIMASK
2000012c:	b672      	cpsid	i
2000012e:	6835      	ldr	r5, [r6, #0]
20000130:	2d00      	cmp	r5, #0
20000132:	d0fc      	beq.n	2000012e <mutex_enter_block_until+0x26>
20000134:	f3bf 8f5f 	dmb	sy
20000138:	2504      	movs	r5, #4
2000013a:	5765      	ldrsb	r5, [r4, r5]
2000013c:	2d00      	cmp	r5, #0
2000013e:	db14      	blt.n	2000016a <mutex_enter_block_until+0x62>
20000140:	6823      	ldr	r3, [r4, #0]
20000142:	f3bf 8f5f 	dmb	sy
20000146:	2200      	movs	r2, #0
20000148:	601a      	str	r2, [r3, #0]
2000014a:	f38c 8810 	msr	PRIMASK, ip
2000014e:	0038      	movs	r0, r7
20000150:	4641      	mov	r1, r8
20000152:	f000 fce5 	bl	20000b20 <__best_effort_wfe_or_timeout_veneer>
20000156:	2800      	cmp	r0, #0
20000158:	d0e5      	beq.n	20000126 <mutex_enter_block_until+0x1e>
2000015a:	2000      	movs	r0, #0
2000015c:	e00f      	b.n	2000017e <mutex_enter_block_until+0x76>
2000015e:	4b0a      	ldr	r3, [pc, #40]	; (20000188 <mutex_enter_block_until+0x80>)
20000160:	4a0a      	ldr	r2, [pc, #40]	; (2000018c <mutex_enter_block_until+0x84>)
20000162:	2185      	movs	r1, #133	; 0x85
20000164:	480a      	ldr	r0, [pc, #40]	; (20000190 <mutex_enter_block_until+0x88>)
20000166:	f000 fce3 	bl	20000b30 <____assert_func_veneer>
2000016a:	464b      	mov	r3, r9
2000016c:	7123      	strb	r3, [r4, #4]
2000016e:	6823      	ldr	r3, [r4, #0]
20000170:	f3bf 8f5f 	dmb	sy
20000174:	2200      	movs	r2, #0
20000176:	601a      	str	r2, [r3, #0]
20000178:	f38c 8810 	msr	PRIMASK, ip
2000017c:	2001      	movs	r0, #1
2000017e:	bcc0      	pop	{r6, r7}
20000180:	46b9      	mov	r9, r7
20000182:	46b0      	mov	r8, r6
20000184:	bdf8      	pop	{r3, r4, r5, r6, r7, pc}
20000186:	46c0      	nop			; (mov r8, r8)
20000188:	10009488 	.word	0x10009488
2000018c:	100094e0 	.word	0x100094e0
20000190:	10009434 	.word	0x10009434

20000194 <mutex_try_enter_block_until>:
20000194:	b570      	push	{r4, r5, r6, lr}
20000196:	b082      	sub	sp, #8
20000198:	0006      	movs	r6, r0
2000019a:	0015      	movs	r5, r2
2000019c:	001c      	movs	r4, r3
2000019e:	a901      	add	r1, sp, #4
200001a0:	f7ff ff8e 	bl	200000c0 <mutex_try_enter>
200001a4:	2800      	cmp	r0, #0
200001a6:	d107      	bne.n	200001b8 <mutex_try_enter_block_until+0x24>
200001a8:	9b01      	ldr	r3, [sp, #4]
200001aa:	b25b      	sxtb	r3, r3
200001ac:	22d0      	movs	r2, #208	; 0xd0
200001ae:	0612      	lsls	r2, r2, #24
200001b0:	7812      	ldrb	r2, [r2, #0]
200001b2:	b252      	sxtb	r2, r2
200001b4:	4293      	cmp	r3, r2
200001b6:	d101      	bne.n	200001bc <mutex_try_enter_block_until+0x28>
200001b8:	b002      	add	sp, #8
200001ba:	bd70      	pop	{r4, r5, r6, pc}
200001bc:	002a      	movs	r2, r5
200001be:	0023      	movs	r3, r4
200001c0:	0030      	movs	r0, r6
200001c2:	f7ff ffa1 	bl	20000108 <mutex_enter_block_until>
200001c6:	e7f7      	b.n	200001b8 <mutex_try_enter_block_until+0x24>

200001c8 <mutex_enter_timeout_ms>:
200001c8:	b5f8      	push	{r3, r4, r5, r6, r7, lr}
200001ca:	0006      	movs	r6, r0
200001cc:	000f      	movs	r7, r1
200001ce:	f000 fcc7 	bl	20000b60 <__time_us_64_veneer>
200001d2:	0004      	movs	r4, r0
200001d4:	1e0d      	subs	r5, r1, #0
200001d6:	db12      	blt.n	200001fe <mutex_enter_timeout_ms+0x36>
200001d8:	22fa      	movs	r2, #250	; 0xfa
200001da:	0092      	lsls	r2, r2, #2
200001dc:	2300      	movs	r3, #0
200001de:	0038      	movs	r0, r7
200001e0:	2100      	movs	r1, #0
200001e2:	f000 fccd 	bl	20000b80 <____wrap___aeabi_lmul_veneer>
200001e6:	0022      	movs	r2, r4
200001e8:	002b      	movs	r3, r5
200001ea:	1812      	adds	r2, r2, r0
200001ec:	414b      	adcs	r3, r1
200001ee:	2b00      	cmp	r3, #0
200001f0:	db0b      	blt.n	2000020a <mutex_enter_timeout_ms+0x42>
200001f2:	2b00      	cmp	r3, #0
200001f4:	db0d      	blt.n	20000212 <mutex_enter_timeout_ms+0x4a>
200001f6:	0030      	movs	r0, r6
200001f8:	f7ff ff86 	bl	20000108 <mutex_enter_block_until>
200001fc:	bdf8      	pop	{r3, r4, r5, r6, r7, pc}
200001fe:	4b08      	ldr	r3, [pc, #32]	; (20000220 <mutex_enter_timeout_ms+0x58>)
20000200:	4a08      	ldr	r2, [pc, #32]	; (20000224 <mutex_enter_timeout_ms+0x5c>)
20000202:	213f      	movs	r1, #63	; 0x3f
20000204:	4808      	ldr	r0, [pc, #32]	; (20000228 <mutex_enter_timeout_ms+0x60>)
20000206:	f000 fc93 	bl	20000b30 <____assert_func_veneer>
2000020a:	2201      	movs	r2, #1
2000020c:	4252      	negs	r2, r2
2000020e:	4b07      	ldr	r3, [pc, #28]	; (2000022c <mutex_enter_timeout_ms+0x64>)
20000210:	e7ef      	b.n	200001f2 <mutex_enter_timeout_ms+0x2a>
20000212:	4b03      	ldr	r3, [pc, #12]	; (20000220 <mutex_enter_timeout_ms+0x58>)
20000214:	4a03      	ldr	r2, [pc, #12]	; (20000224 <mutex_enter_timeout_ms+0x5c>)
20000216:	213f      	movs	r1, #63	; 0x3f
20000218:	4803      	ldr	r0, [pc, #12]	; (20000228 <mutex_enter_timeout_ms+0x60>)
2000021a:	f000 fc89 	bl	20000b30 <____assert_func_veneer>
2000021e:	46c0      	nop			; (mov r8, r8)
20000220:	10008e70 	.word	0x10008e70
20000224:	100094f8 	.word	0x100094f8
20000228:	10008ec4 	.word	0x10008ec4
2000022c:	7fffffff 	.word	0x7fffffff

20000230 <mutex_exit>:
20000230:	b510      	push	{r4, lr}
20000232:	6802      	ldr	r2, [r0, #0]
20000234:	f3ef 8110 	mrs	r1, PRIMASK
20000238:	b672      	cpsid	i
2000023a:	6813      	ldr	r3, [r2, #0]
2000023c:	2b00      	cmp	r3, #0
2000023e:	d0fc      	beq.n	2000023a <mutex_exit+0xa>
20000240:	f3bf 8f5f 	dmb	sy
20000244:	2304      	movs	r3, #4
20000246:	56c3      	ldrsb	r3, [r0, r3]
20000248:	2b00      	cmp	r3, #0
2000024a:	db0a      	blt.n	20000262 <mutex_exit+0x32>
2000024c:	23ff      	movs	r3, #255	; 0xff
2000024e:	7103      	strb	r3, [r0, #4]
20000250:	6803      	ldr	r3, [r0, #0]
20000252:	f3bf 8f5f 	dmb	sy
20000256:	2200      	movs	r2, #0
20000258:	601a      	str	r2, [r3, #0]
2000025a:	f381 8810 	msr	PRIMASK, r1
2000025e:	bf40      	sev
20000260:	bd10      	pop	{r4, pc}
20000262:	4b03      	ldr	r3, [pc, #12]	; (20000270 <mutex_exit+0x40>)
20000264:	4a03      	ldr	r2, [pc, #12]	; (20000274 <mutex_exit+0x44>)
20000266:	21b4      	movs	r1, #180	; 0xb4
20000268:	4803      	ldr	r0, [pc, #12]	; (20000278 <mutex_exit+0x48>)
2000026a:	f000 fc61 	bl	20000b30 <____assert_func_veneer>
2000026e:	46c0      	nop			; (mov r8, r8)
20000270:	1000949c 	.word	0x1000949c
20000274:	100094d4 	.word	0x100094d4
20000278:	10009434 	.word	0x10009434

2000027c <flash_init_boot2_copyout>:
2000027c:	4b09      	ldr	r3, [pc, #36]	; (200002a4 <flash_init_boot2_copyout+0x28>)
2000027e:	781b      	ldrb	r3, [r3, #0]
20000280:	2b00      	cmp	r3, #0
20000282:	d008      	beq.n	20000296 <flash_init_boot2_copyout+0x1a>
20000284:	e00c      	b.n	200002a0 <flash_init_boot2_copyout+0x24>
20000286:	009a      	lsls	r2, r3, #2
20000288:	2180      	movs	r1, #128	; 0x80
2000028a:	0549      	lsls	r1, r1, #21
2000028c:	1851      	adds	r1, r2, r1
2000028e:	6808      	ldr	r0, [r1, #0]
20000290:	4905      	ldr	r1, [pc, #20]	; (200002a8 <flash_init_boot2_copyout+0x2c>)
20000292:	5050      	str	r0, [r2, r1]
20000294:	3301      	adds	r3, #1
20000296:	2b3f      	cmp	r3, #63	; 0x3f
20000298:	ddf5      	ble.n	20000286 <flash_init_boot2_copyout+0xa>
2000029a:	4b02      	ldr	r3, [pc, #8]	; (200002a4 <flash_init_boot2_copyout+0x28>)
2000029c:	2201      	movs	r2, #1
2000029e:	701a      	strb	r2, [r3, #0]
200002a0:	4770      	bx	lr
200002a2:	46c0      	nop			; (mov r8, r8)
200002a4:	20011ff6 	.word	0x20011ff6
200002a8:	20001268 	.word	0x20001268

200002ac <flash_enable_xip_via_boot2>:
200002ac:	b510      	push	{r4, lr}
200002ae:	4b02      	ldr	r3, [pc, #8]	; (200002b8 <flash_enable_xip_via_boot2+0xc>)
200002b0:	3301      	adds	r3, #1
200002b2:	4798      	blx	r3
200002b4:	bd10      	pop	{r4, pc}
200002b6:	46c0      	nop			; (mov r8, r8)
200002b8:	20001268 	.word	0x20001268

200002bc <flash_cs_force>:
200002bc:	2800      	cmp	r0, #0
200002be:	d00a      	beq.n	200002d6 <flash_cs_force+0x1a>
200002c0:	2303      	movs	r3, #3
200002c2:	021b      	lsls	r3, r3, #8
200002c4:	4a05      	ldr	r2, [pc, #20]	; (200002dc <flash_cs_force+0x20>)
200002c6:	6812      	ldr	r2, [r2, #0]
200002c8:	4053      	eors	r3, r2
200002ca:	22c0      	movs	r2, #192	; 0xc0
200002cc:	0092      	lsls	r2, r2, #2
200002ce:	4013      	ands	r3, r2
200002d0:	4a03      	ldr	r2, [pc, #12]	; (200002e0 <flash_cs_force+0x24>)
200002d2:	6013      	str	r3, [r2, #0]
200002d4:	4770      	bx	lr
200002d6:	2302      	movs	r3, #2
200002d8:	e7f3      	b.n	200002c2 <flash_cs_force+0x6>
200002da:	46c0      	nop			; (mov r8, r8)
200002dc:	4001800c 	.word	0x4001800c
200002e0:	4001900c 	.word	0x4001900c

200002e4 <flash_do_cmd>:
200002e4:	b5f0      	push	{r4, r5, r6, r7, lr}
200002e6:	46d6      	mov	lr, sl
200002e8:	464f      	mov	r7, r9
200002ea:	4646      	mov	r6, r8
200002ec:	b5c0      	push	{r6, r7, lr}
200002ee:	0007      	movs	r7, r0
200002f0:	000e      	movs	r6, r1
200002f2:	0015      	movs	r5, r2
200002f4:	2318      	movs	r3, #24
200002f6:	469a      	mov	sl, r3
200002f8:	881b      	ldrh	r3, [r3, #0]
200002fa:	2214      	movs	r2, #20
200002fc:	4690      	mov	r8, r2
200002fe:	8810      	ldrh	r0, [r2, #0]
20000300:	4928      	ldr	r1, [pc, #160]	; (200003a4 <flash_do_cmd+0xc0>)
20000302:	4798      	blx	r3
20000304:	4681      	mov	r9, r0
20000306:	4653      	mov	r3, sl
20000308:	881b      	ldrh	r3, [r3, #0]
2000030a:	4642      	mov	r2, r8
2000030c:	8810      	ldrh	r0, [r2, #0]
2000030e:	4926      	ldr	r1, [pc, #152]	; (200003a8 <flash_do_cmd+0xc4>)
20000310:	4798      	blx	r3
20000312:	0004      	movs	r4, r0
20000314:	4653      	mov	r3, sl
20000316:	881b      	ldrh	r3, [r3, #0]
20000318:	4642      	mov	r2, r8
2000031a:	8810      	ldrh	r0, [r2, #0]
2000031c:	4923      	ldr	r1, [pc, #140]	; (200003ac <flash_do_cmd+0xc8>)
2000031e:	4798      	blx	r3
20000320:	4680      	mov	r8, r0
20000322:	464b      	mov	r3, r9
20000324:	2b00      	cmp	r3, #0
20000326:	d00c      	beq.n	20000342 <flash_do_cmd+0x5e>
20000328:	2c00      	cmp	r4, #0
2000032a:	d00a      	beq.n	20000342 <flash_do_cmd+0x5e>
2000032c:	2800      	cmp	r0, #0
2000032e:	d008      	beq.n	20000342 <flash_do_cmd+0x5e>
20000330:	f7ff ffa4 	bl	2000027c <flash_init_boot2_copyout>
20000334:	47c8      	blx	r9
20000336:	47a0      	blx	r4
20000338:	2000      	movs	r0, #0
2000033a:	f7ff ffbf 	bl	200002bc <flash_cs_force>
2000033e:	002a      	movs	r2, r5
20000340:	e00f      	b.n	20000362 <flash_do_cmd+0x7e>
20000342:	4b1b      	ldr	r3, [pc, #108]	; (200003b0 <flash_do_cmd+0xcc>)
20000344:	4a1b      	ldr	r2, [pc, #108]	; (200003b4 <flash_do_cmd+0xd0>)
20000346:	2180      	movs	r1, #128	; 0x80
20000348:	481b      	ldr	r0, [pc, #108]	; (200003b8 <flash_do_cmd+0xd4>)
2000034a:	f000 fbf1 	bl	20000b30 <____assert_func_veneer>
2000034e:	2b00      	cmp	r3, #0
20000350:	d007      	beq.n	20000362 <flash_do_cmd+0x7e>
20000352:	2a00      	cmp	r2, #0
20000354:	d005      	beq.n	20000362 <flash_do_cmd+0x7e>
20000356:	23c0      	movs	r3, #192	; 0xc0
20000358:	055b      	lsls	r3, r3, #21
2000035a:	6e1b      	ldr	r3, [r3, #96]	; 0x60
2000035c:	7033      	strb	r3, [r6, #0]
2000035e:	3a01      	subs	r2, #1
20000360:	3601      	adds	r6, #1
20000362:	002b      	movs	r3, r5
20000364:	4313      	orrs	r3, r2
20000366:	d012      	beq.n	2000038e <flash_do_cmd+0xaa>
20000368:	23c0      	movs	r3, #192	; 0xc0
2000036a:	055b      	lsls	r3, r3, #21
2000036c:	6a9c      	ldr	r4, [r3, #40]	; 0x28
2000036e:	2308      	movs	r3, #8
20000370:	4023      	ands	r3, r4
20000372:	07a1      	lsls	r1, r4, #30
20000374:	d5eb      	bpl.n	2000034e <flash_do_cmd+0x6a>
20000376:	2d00      	cmp	r5, #0
20000378:	d0e9      	beq.n	2000034e <flash_do_cmd+0x6a>
2000037a:	1b51      	subs	r1, r2, r5
2000037c:	290d      	cmp	r1, #13
2000037e:	d8e6      	bhi.n	2000034e <flash_do_cmd+0x6a>
20000380:	7838      	ldrb	r0, [r7, #0]
20000382:	21c0      	movs	r1, #192	; 0xc0
20000384:	0549      	lsls	r1, r1, #21
20000386:	6608      	str	r0, [r1, #96]	; 0x60
20000388:	3d01      	subs	r5, #1
2000038a:	3701      	adds	r7, #1
2000038c:	e7df      	b.n	2000034e <flash_do_cmd+0x6a>
2000038e:	2001      	movs	r0, #1
20000390:	f7ff ff94 	bl	200002bc <flash_cs_force>
20000394:	47c0      	blx	r8
20000396:	f7ff ff89 	bl	200002ac <flash_enable_xip_via_boot2>
2000039a:	bce0      	pop	{r5, r6, r7}
2000039c:	46ba      	mov	sl, r7
2000039e:	46b1      	mov	r9, r6
200003a0:	46a8      	mov	r8, r5
200003a2:	bdf0      	pop	{r4, r5, r6, r7, pc}
200003a4:	00004649 	.word	0x00004649
200003a8:	00005845 	.word	0x00005845
200003ac:	00004346 	.word	0x00004346
200003b0:	1000a508 	.word	0x1000a508
200003b4:	1000a548 	.word	0x1000a548
200003b8:	1000a3fc 	.word	0x1000a3fc

200003bc <reset_non_control_endpoints>:
200003bc:	b510      	push	{r4, lr}
200003be:	2300      	movs	r3, #0
200003c0:	e008      	b.n	200003d4 <reset_non_control_endpoints+0x18>
200003c2:	3301      	adds	r3, #1
200003c4:	00da      	lsls	r2, r3, #3
200003c6:	2100      	movs	r1, #0
200003c8:	4808      	ldr	r0, [pc, #32]	; (200003ec <reset_non_control_endpoints+0x30>)
200003ca:	5011      	str	r1, [r2, r0]
200003cc:	4684      	mov	ip, r0
200003ce:	4462      	add	r2, ip
200003d0:	6051      	str	r1, [r2, #4]
200003d2:	b2db      	uxtb	r3, r3
200003d4:	2b0e      	cmp	r3, #14
200003d6:	d9f4      	bls.n	200003c2 <reset_non_control_endpoints+0x6>
200003d8:	22f0      	movs	r2, #240	; 0xf0
200003da:	0092      	lsls	r2, r2, #2
200003dc:	2100      	movs	r1, #0
200003de:	4804      	ldr	r0, [pc, #16]	; (200003f0 <reset_non_control_endpoints+0x34>)
200003e0:	f000 fbae 	bl	20000b40 <____wrap_memset_veneer>
200003e4:	4b03      	ldr	r3, [pc, #12]	; (200003f4 <reset_non_control_endpoints+0x38>)
200003e6:	4a04      	ldr	r2, [pc, #16]	; (200003f8 <reset_non_control_endpoints+0x3c>)
200003e8:	601a      	str	r2, [r3, #0]
200003ea:	bd10      	pop	{r4, pc}
200003ec:	50100000 	.word	0x50100000
200003f0:	20001874 	.word	0x20001874
200003f4:	20001c38 	.word	0x20001c38
200003f8:	50100180 	.word	0x50100180

200003fc <hw_handle_buff_status>:
200003fc:	b5f0      	push	{r4, r5, r6, r7, lr}
200003fe:	46ce      	mov	lr, r9
20000400:	4647      	mov	r7, r8
20000402:	b580      	push	{r7, lr}
20000404:	b085      	sub	sp, #20
20000406:	4b23      	ldr	r3, [pc, #140]	; (20000494 <hw_handle_buff_status+0x98>)
20000408:	6d9f      	ldr	r7, [r3, #88]	; 0x58
2000040a:	2400      	movs	r4, #0
2000040c:	2601      	movs	r6, #1
2000040e:	e003      	b.n	20000418 <hw_handle_buff_status+0x1c>
20000410:	43b7      	bics	r7, r6
20000412:	0076      	lsls	r6, r6, #1
20000414:	3401      	adds	r4, #1
20000416:	b2e4      	uxtb	r4, r4
20000418:	2f00      	cmp	r7, #0
2000041a:	d036      	beq.n	2000048a <hw_handle_buff_status+0x8e>
2000041c:	2c1f      	cmp	r4, #31
2000041e:	d834      	bhi.n	2000048a <hw_handle_buff_status+0x8e>
20000420:	423e      	tst	r6, r7
20000422:	d0f6      	beq.n	20000412 <hw_handle_buff_status+0x16>
20000424:	4b1c      	ldr	r3, [pc, #112]	; (20000498 <hw_handle_buff_status+0x9c>)
20000426:	659e      	str	r6, [r3, #88]	; 0x58
20000428:	0863      	lsrs	r3, r4, #1
2000042a:	4699      	mov	r9, r3
2000042c:	2301      	movs	r3, #1
2000042e:	4063      	eors	r3, r4
20000430:	2201      	movs	r2, #1
20000432:	401a      	ands	r2, r3
20000434:	4690      	mov	r8, r2
20000436:	464b      	mov	r3, r9
20000438:	005d      	lsls	r5, r3, #1
2000043a:	4445      	add	r5, r8
2000043c:	016d      	lsls	r5, r5, #5
2000043e:	4b17      	ldr	r3, [pc, #92]	; (2000049c <hw_handle_buff_status+0xa0>)
20000440:	18ed      	adds	r5, r5, r3
20000442:	0028      	movs	r0, r5
20000444:	f000 fa42 	bl	200008cc <hw_endpoint_xfer_continue>
20000448:	2800      	cmp	r0, #0
2000044a:	d0e1      	beq.n	20000410 <hw_handle_buff_status+0x14>
2000044c:	464b      	mov	r3, r9
2000044e:	005b      	lsls	r3, r3, #1
20000450:	4443      	add	r3, r8
20000452:	015b      	lsls	r3, r3, #5
20000454:	4a11      	ldr	r2, [pc, #68]	; (2000049c <hw_handle_buff_status+0xa0>)
20000456:	18d3      	adds	r3, r2, r3
20000458:	789a      	ldrb	r2, [r3, #2]
2000045a:	4691      	mov	r9, r2
2000045c:	8adb      	ldrh	r3, [r3, #22]
2000045e:	4698      	mov	r8, r3
20000460:	220c      	movs	r2, #12
20000462:	2100      	movs	r1, #0
20000464:	a801      	add	r0, sp, #4
20000466:	f000 fb6b 	bl	20000b40 <____wrap_memset_veneer>
2000046a:	2307      	movs	r3, #7
2000046c:	466a      	mov	r2, sp
2000046e:	7153      	strb	r3, [r2, #5]
20000470:	466b      	mov	r3, sp
20000472:	464a      	mov	r2, r9
20000474:	721a      	strb	r2, [r3, #8]
20000476:	4643      	mov	r3, r8
20000478:	9303      	str	r3, [sp, #12]
2000047a:	2101      	movs	r1, #1
2000047c:	a801      	add	r0, sp, #4
2000047e:	f000 fa4d 	bl	2000091c <dcd_event_handler>
20000482:	0028      	movs	r0, r5
20000484:	f000 f9ac 	bl	200007e0 <hw_endpoint_reset_transfer>
20000488:	e7c2      	b.n	20000410 <hw_handle_buff_status+0x14>
2000048a:	b005      	add	sp, #20
2000048c:	bcc0      	pop	{r6, r7}
2000048e:	46b9      	mov	r9, r7
20000490:	46b0      	mov	r8, r6
20000492:	bdf0      	pop	{r4, r5, r6, r7, pc}
20000494:	50110000 	.word	0x50110000
20000498:	50113000 	.word	0x50113000
2000049c:	20001834 	.word	0x20001834

200004a0 <dcd_rp2040_irq>:
200004a0:	b5f0      	push	{r4, r5, r6, r7, lr}
200004a2:	b085      	sub	sp, #20
200004a4:	4a68      	ldr	r2, [pc, #416]	; (20000648 <dcd_rp2040_irq+0x1a8>)
200004a6:	2398      	movs	r3, #152	; 0x98
200004a8:	58d5      	ldr	r5, [r2, r3]
200004aa:	2380      	movs	r3, #128	; 0x80
200004ac:	029b      	lsls	r3, r3, #10
200004ae:	002c      	movs	r4, r5
200004b0:	401c      	ands	r4, r3
200004b2:	421d      	tst	r5, r3
200004b4:	d04a      	beq.n	2000054c <dcd_rp2040_irq+0xac>
200004b6:	4b65      	ldr	r3, [pc, #404]	; (2000064c <dcd_rp2040_irq+0x1ac>)
200004b8:	6a9a      	ldr	r2, [r3, #40]	; 0x28
200004ba:	4b65      	ldr	r3, [pc, #404]	; (20000650 <dcd_rp2040_irq+0x1b0>)
200004bc:	601a      	str	r2, [r3, #0]
200004be:	2400      	movs	r4, #0
200004c0:	2600      	movs	r6, #0
200004c2:	e009      	b.n	200004d8 <dcd_rp2040_irq+0x38>
200004c4:	4b63      	ldr	r3, [pc, #396]	; (20000654 <dcd_rp2040_irq+0x1b4>)
200004c6:	1899      	adds	r1, r3, r2
200004c8:	313c      	adds	r1, #60	; 0x3c
200004ca:	2300      	movs	r3, #0
200004cc:	700b      	strb	r3, [r1, #0]
200004ce:	f000 f9b9 	bl	20000844 <hw_endpoint_start_next_buffer>
200004d2:	003e      	movs	r6, r7
200004d4:	3401      	adds	r4, #1
200004d6:	b2e4      	uxtb	r4, r4
200004d8:	2c0f      	cmp	r4, #15
200004da:	d817      	bhi.n	2000050c <dcd_rp2040_irq+0x6c>
200004dc:	01a2      	lsls	r2, r4, #6
200004de:	0010      	movs	r0, r2
200004e0:	3020      	adds	r0, #32
200004e2:	4b5c      	ldr	r3, [pc, #368]	; (20000654 <dcd_rp2040_irq+0x1b4>)
200004e4:	18c0      	adds	r0, r0, r3
200004e6:	189b      	adds	r3, r3, r2
200004e8:	333b      	adds	r3, #59	; 0x3b
200004ea:	781b      	ldrb	r3, [r3, #0]
200004ec:	2b02      	cmp	r3, #2
200004ee:	d1f1      	bne.n	200004d4 <dcd_rp2040_irq+0x34>
200004f0:	4b58      	ldr	r3, [pc, #352]	; (20000654 <dcd_rp2040_irq+0x1b4>)
200004f2:	189b      	adds	r3, r3, r2
200004f4:	333a      	adds	r3, #58	; 0x3a
200004f6:	781f      	ldrb	r7, [r3, #0]
200004f8:	2f00      	cmp	r7, #0
200004fa:	d0eb      	beq.n	200004d4 <dcd_rp2040_irq+0x34>
200004fc:	4b55      	ldr	r3, [pc, #340]	; (20000654 <dcd_rp2040_irq+0x1b4>)
200004fe:	189b      	adds	r3, r3, r2
20000500:	333c      	adds	r3, #60	; 0x3c
20000502:	781b      	ldrb	r3, [r3, #0]
20000504:	2b00      	cmp	r3, #0
20000506:	d1dd      	bne.n	200004c4 <dcd_rp2040_irq+0x24>
20000508:	003e      	movs	r6, r7
2000050a:	e7e3      	b.n	200004d4 <dcd_rp2040_irq+0x34>
2000050c:	2e00      	cmp	r6, #0
2000050e:	d108      	bne.n	20000522 <dcd_rp2040_irq+0x82>
20000510:	4b51      	ldr	r3, [pc, #324]	; (20000658 <dcd_rp2040_irq+0x1b8>)
20000512:	781b      	ldrb	r3, [r3, #0]
20000514:	2b00      	cmp	r3, #0
20000516:	d104      	bne.n	20000522 <dcd_rp2040_irq+0x82>
20000518:	4a50      	ldr	r2, [pc, #320]	; (2000065c <dcd_rp2040_irq+0x1bc>)
2000051a:	3390      	adds	r3, #144	; 0x90
2000051c:	2180      	movs	r1, #128	; 0x80
2000051e:	0289      	lsls	r1, r1, #10
20000520:	50d1      	str	r1, [r2, r3]
20000522:	4b49      	ldr	r3, [pc, #292]	; (20000648 <dcd_rp2040_irq+0x1a8>)
20000524:	6c9c      	ldr	r4, [r3, #72]	; 0x48
20000526:	0564      	lsls	r4, r4, #21
20000528:	0d64      	lsrs	r4, r4, #21
2000052a:	220c      	movs	r2, #12
2000052c:	2100      	movs	r1, #0
2000052e:	a801      	add	r0, sp, #4
20000530:	f000 fb06 	bl	20000b40 <____wrap_memset_veneer>
20000534:	2300      	movs	r3, #0
20000536:	466a      	mov	r2, sp
20000538:	7113      	strb	r3, [r2, #4]
2000053a:	3303      	adds	r3, #3
2000053c:	7153      	strb	r3, [r2, #5]
2000053e:	9402      	str	r4, [sp, #8]
20000540:	2101      	movs	r1, #1
20000542:	a801      	add	r0, sp, #4
20000544:	f000 f9ea 	bl	2000091c <dcd_event_handler>
20000548:	2480      	movs	r4, #128	; 0x80
2000054a:	02a4      	lsls	r4, r4, #10
2000054c:	06eb      	lsls	r3, r5, #27
2000054e:	d409      	bmi.n	20000564 <dcd_rp2040_irq+0xc4>
20000550:	03eb      	lsls	r3, r5, #15
20000552:	d529      	bpl.n	200005a8 <dcd_rp2040_irq+0x108>
20000554:	2380      	movs	r3, #128	; 0x80
20000556:	025b      	lsls	r3, r3, #9
20000558:	431c      	orrs	r4, r3
2000055a:	ab01      	add	r3, sp, #4
2000055c:	4a40      	ldr	r2, [pc, #256]	; (20000660 <dcd_rp2040_irq+0x1c0>)
2000055e:	801a      	strh	r2, [r3, #0]
20000560:	2600      	movs	r6, #0
20000562:	e00b      	b.n	2000057c <dcd_rp2040_irq+0xdc>
20000564:	2310      	movs	r3, #16
20000566:	431c      	orrs	r4, r3
20000568:	f7ff ff48 	bl	200003fc <hw_handle_buff_status>
2000056c:	e7f0      	b.n	20000550 <dcd_rp2040_irq+0xb0>
2000056e:	ab01      	add	r3, sp, #4
20000570:	5d98      	ldrb	r0, [r3, r6]
20000572:	f000 fafd 	bl	20000b70 <__hw_endpoint_get_by_addr_veneer>
20000576:	2301      	movs	r3, #1
20000578:	70c3      	strb	r3, [r0, #3]
2000057a:	3601      	adds	r6, #1
2000057c:	2e01      	cmp	r6, #1
2000057e:	d9f6      	bls.n	2000056e <dcd_rp2040_irq+0xce>
20000580:	ae01      	add	r6, sp, #4
20000582:	220c      	movs	r2, #12
20000584:	2100      	movs	r1, #0
20000586:	0030      	movs	r0, r6
20000588:	f000 fada 	bl	20000b40 <____wrap_memset_veneer>
2000058c:	2306      	movs	r3, #6
2000058e:	7073      	strb	r3, [r6, #1]
20000590:	4a34      	ldr	r2, [pc, #208]	; (20000664 <dcd_rp2040_irq+0x1c4>)
20000592:	ab02      	add	r3, sp, #8
20000594:	ca03      	ldmia	r2!, {r0, r1}
20000596:	c303      	stmia	r3!, {r0, r1}
20000598:	2101      	movs	r1, #1
2000059a:	0030      	movs	r0, r6
2000059c:	f000 f9be 	bl	2000091c <dcd_event_handler>
200005a0:	4b2e      	ldr	r3, [pc, #184]	; (2000065c <dcd_rp2040_irq+0x1bc>)
200005a2:	2280      	movs	r2, #128	; 0x80
200005a4:	0292      	lsls	r2, r2, #10
200005a6:	651a      	str	r2, [r3, #80]	; 0x50
200005a8:	04eb      	lsls	r3, r5, #19
200005aa:	d407      	bmi.n	200005bc <dcd_rp2040_irq+0x11c>
200005ac:	046b      	lsls	r3, r5, #17
200005ae:	d41e      	bmi.n	200005ee <dcd_rp2040_irq+0x14e>
200005b0:	042b      	lsls	r3, r5, #16
200005b2:	d42f      	bmi.n	20000614 <dcd_rp2040_irq+0x174>
200005b4:	42ac      	cmp	r4, r5
200005b6:	d141      	bne.n	2000063c <dcd_rp2040_irq+0x19c>
200005b8:	b005      	add	sp, #20
200005ba:	bdf0      	pop	{r4, r5, r6, r7, pc}
200005bc:	2380      	movs	r3, #128	; 0x80
200005be:	015b      	lsls	r3, r3, #5
200005c0:	431c      	orrs	r4, r3
200005c2:	4b21      	ldr	r3, [pc, #132]	; (20000648 <dcd_rp2040_irq+0x1a8>)
200005c4:	2200      	movs	r2, #0
200005c6:	601a      	str	r2, [r3, #0]
200005c8:	f7ff fef8 	bl	200003bc <reset_non_control_endpoints>
200005cc:	ae01      	add	r6, sp, #4
200005ce:	220c      	movs	r2, #12
200005d0:	2100      	movs	r1, #0
200005d2:	0030      	movs	r0, r6
200005d4:	f000 fab4 	bl	20000b40 <____wrap_memset_veneer>
200005d8:	2301      	movs	r3, #1
200005da:	7073      	strb	r3, [r6, #1]
200005dc:	2101      	movs	r1, #1
200005de:	0030      	movs	r0, r6
200005e0:	f000 f99c 	bl	2000091c <dcd_event_handler>
200005e4:	4b1d      	ldr	r3, [pc, #116]	; (2000065c <dcd_rp2040_irq+0x1bc>)
200005e6:	2280      	movs	r2, #128	; 0x80
200005e8:	0312      	lsls	r2, r2, #12
200005ea:	651a      	str	r2, [r3, #80]	; 0x50
200005ec:	e7de      	b.n	200005ac <dcd_rp2040_irq+0x10c>
200005ee:	2380      	movs	r3, #128	; 0x80
200005f0:	01db      	lsls	r3, r3, #7
200005f2:	431c      	orrs	r4, r3
200005f4:	ae01      	add	r6, sp, #4
200005f6:	220c      	movs	r2, #12
200005f8:	2100      	movs	r1, #0
200005fa:	0030      	movs	r0, r6
200005fc:	f000 faa0 	bl	20000b40 <____wrap_memset_veneer>
20000600:	2304      	movs	r3, #4
20000602:	7073      	strb	r3, [r6, #1]
20000604:	2101      	movs	r1, #1
20000606:	0030      	movs	r0, r6
20000608:	f000 f988 	bl	2000091c <dcd_event_handler>
2000060c:	4b13      	ldr	r3, [pc, #76]	; (2000065c <dcd_rp2040_irq+0x1bc>)
2000060e:	2210      	movs	r2, #16
20000610:	651a      	str	r2, [r3, #80]	; 0x50
20000612:	e7cd      	b.n	200005b0 <dcd_rp2040_irq+0x110>
20000614:	2380      	movs	r3, #128	; 0x80
20000616:	021b      	lsls	r3, r3, #8
20000618:	431c      	orrs	r4, r3
2000061a:	ae01      	add	r6, sp, #4
2000061c:	220c      	movs	r2, #12
2000061e:	2100      	movs	r1, #0
20000620:	0030      	movs	r0, r6
20000622:	f000 fa8d 	bl	20000b40 <____wrap_memset_veneer>
20000626:	2305      	movs	r3, #5
20000628:	7073      	strb	r3, [r6, #1]
2000062a:	2101      	movs	r1, #1
2000062c:	0030      	movs	r0, r6
2000062e:	f000 f975 	bl	2000091c <dcd_event_handler>
20000632:	4b0a      	ldr	r3, [pc, #40]	; (2000065c <dcd_rp2040_irq+0x1bc>)
20000634:	2280      	movs	r2, #128	; 0x80
20000636:	0112      	lsls	r2, r2, #4
20000638:	651a      	str	r2, [r3, #80]	; 0x50
2000063a:	e7bb      	b.n	200005b4 <dcd_rp2040_irq+0x114>
2000063c:	0021      	movs	r1, r4
2000063e:	4069      	eors	r1, r5
20000640:	4809      	ldr	r0, [pc, #36]	; (20000668 <dcd_rp2040_irq+0x1c8>)
20000642:	f000 faa5 	bl	20000b90 <__panic_veneer>
20000646:	46c0      	nop			; (mov r8, r8)
20000648:	50110000 	.word	0x50110000
2000064c:	40054000 	.word	0x40054000
20000650:	2000181c 	.word	0x2000181c
20000654:	20001834 	.word	0x20001834
20000658:	20011ff5 	.word	0x20011ff5
2000065c:	50113000 	.word	0x50113000
20000660:	ffff8000 	.word	0xffff8000
20000664:	50100000 	.word	0x50100000
20000668:	1000a62c 	.word	0x1000a62c

2000066c <e15_is_bulkin_ep>:
2000066c:	4b09      	ldr	r3, [pc, #36]	; (20000694 <e15_is_bulkin_ep+0x28>)
2000066e:	6c1b      	ldr	r3, [r3, #64]	; 0x40
20000670:	079b      	lsls	r3, r3, #30
20000672:	d40c      	bmi.n	2000068e <e15_is_bulkin_ep+0x22>
20000674:	7883      	ldrb	r3, [r0, #2]
20000676:	09db      	lsrs	r3, r3, #7
20000678:	2b01      	cmp	r3, #1
2000067a:	d001      	beq.n	20000680 <e15_is_bulkin_ep+0x14>
2000067c:	2000      	movs	r0, #0
2000067e:	e007      	b.n	20000690 <e15_is_bulkin_ep+0x24>
20000680:	7ec3      	ldrb	r3, [r0, #27]
20000682:	2b02      	cmp	r3, #2
20000684:	d001      	beq.n	2000068a <e15_is_bulkin_ep+0x1e>
20000686:	2000      	movs	r0, #0
20000688:	e002      	b.n	20000690 <e15_is_bulkin_ep+0x24>
2000068a:	2001      	movs	r0, #1
2000068c:	e000      	b.n	20000690 <e15_is_bulkin_ep+0x24>
2000068e:	2000      	movs	r0, #0
20000690:	4770      	bx	lr
20000692:	46c0      	nop			; (mov r8, r8)
20000694:	50110000 	.word	0x50110000

20000698 <e15_is_critical_frame_period>:
20000698:	b510      	push	{r4, lr}
2000069a:	f7ff ffe7 	bl	2000066c <e15_is_bulkin_ep>
2000069e:	2800      	cmp	r0, #0
200006a0:	d009      	beq.n	200006b6 <e15_is_critical_frame_period+0x1e>
200006a2:	4b06      	ldr	r3, [pc, #24]	; (200006bc <e15_is_critical_frame_period+0x24>)
200006a4:	6a9b      	ldr	r3, [r3, #40]	; 0x28
200006a6:	4a06      	ldr	r2, [pc, #24]	; (200006c0 <e15_is_critical_frame_period+0x28>)
200006a8:	6812      	ldr	r2, [r2, #0]
200006aa:	1a9b      	subs	r3, r3, r2
200006ac:	4a05      	ldr	r2, [pc, #20]	; (200006c4 <e15_is_critical_frame_period+0x2c>)
200006ae:	4694      	mov	ip, r2
200006b0:	4463      	add	r3, ip
200006b2:	2bc6      	cmp	r3, #198	; 0xc6
200006b4:	d800      	bhi.n	200006b8 <e15_is_critical_frame_period+0x20>
200006b6:	bd10      	pop	{r4, pc}
200006b8:	2000      	movs	r0, #0
200006ba:	e7fc      	b.n	200006b6 <e15_is_critical_frame_period+0x1e>
200006bc:	40054000 	.word	0x40054000
200006c0:	2000181c 	.word	0x2000181c
200006c4:	fffffce0 	.word	0xfffffce0

200006c8 <prepare_ep_buffer>:
200006c8:	b5f8      	push	{r3, r4, r5, r6, r7, lr}
200006ca:	0004      	movs	r4, r0
200006cc:	000f      	movs	r7, r1
200006ce:	8a83      	ldrh	r3, [r0, #20]
200006d0:	8b02      	ldrh	r2, [r0, #24]
200006d2:	1c1e      	adds	r6, r3, #0
200006d4:	4293      	cmp	r3, r2
200006d6:	d900      	bls.n	200006da <prepare_ep_buffer+0x12>
200006d8:	1c16      	adds	r6, r2, #0
200006da:	b2b6      	uxth	r6, r6
200006dc:	1b9b      	subs	r3, r3, r6
200006de:	82a3      	strh	r3, [r4, #20]
200006e0:	2580      	movs	r5, #128	; 0x80
200006e2:	00ed      	lsls	r5, r5, #3
200006e4:	4335      	orrs	r5, r6
200006e6:	78e3      	ldrb	r3, [r4, #3]
200006e8:	2b00      	cmp	r3, #0
200006ea:	d013      	beq.n	20000714 <prepare_ep_buffer+0x4c>
200006ec:	2280      	movs	r2, #128	; 0x80
200006ee:	0192      	lsls	r2, r2, #6
200006f0:	4315      	orrs	r5, r2
200006f2:	2201      	movs	r2, #1
200006f4:	4053      	eors	r3, r2
200006f6:	70e3      	strb	r3, [r4, #3]
200006f8:	7863      	ldrb	r3, [r4, #1]
200006fa:	2b00      	cmp	r3, #0
200006fc:	d00c      	beq.n	20000718 <prepare_ep_buffer+0x50>
200006fe:	8aa3      	ldrh	r3, [r4, #20]
20000700:	2b00      	cmp	r3, #0
20000702:	d102      	bne.n	2000070a <prepare_ep_buffer+0x42>
20000704:	2380      	movs	r3, #128	; 0x80
20000706:	01db      	lsls	r3, r3, #7
20000708:	431d      	orrs	r5, r3
2000070a:	2f00      	cmp	r7, #0
2000070c:	d000      	beq.n	20000710 <prepare_ep_buffer+0x48>
2000070e:	042d      	lsls	r5, r5, #16
20000710:	0028      	movs	r0, r5
20000712:	bdf8      	pop	{r3, r4, r5, r6, r7, pc}
20000714:	2200      	movs	r2, #0
20000716:	e7eb      	b.n	200006f0 <prepare_ep_buffer+0x28>
20000718:	01b8      	lsls	r0, r7, #6
2000071a:	68e3      	ldr	r3, [r4, #12]
2000071c:	469c      	mov	ip, r3
2000071e:	4460      	add	r0, ip
20000720:	0032      	movs	r2, r6
20000722:	6921      	ldr	r1, [r4, #16]
20000724:	f000 fa14 	bl	20000b50 <____wrap_memcpy_veneer>
20000728:	6923      	ldr	r3, [r4, #16]
2000072a:	469c      	mov	ip, r3
2000072c:	4466      	add	r6, ip
2000072e:	6126      	str	r6, [r4, #16]
20000730:	2380      	movs	r3, #128	; 0x80
20000732:	021b      	lsls	r3, r3, #8
20000734:	431d      	orrs	r5, r3
20000736:	e7e2      	b.n	200006fe <prepare_ep_buffer+0x36>

20000738 <sync_ep_buffer>:
20000738:	b570      	push	{r4, r5, r6, lr}
2000073a:	0004      	movs	r4, r0
2000073c:	6883      	ldr	r3, [r0, #8]
2000073e:	681b      	ldr	r3, [r3, #0]
20000740:	2900      	cmp	r1, #0
20000742:	d000      	beq.n	20000746 <sync_ep_buffer+0xe>
20000744:	0c1b      	lsrs	r3, r3, #16
20000746:	059d      	lsls	r5, r3, #22
20000748:	0dad      	lsrs	r5, r5, #22
2000074a:	7862      	ldrb	r2, [r4, #1]
2000074c:	2a00      	cmp	r2, #0
2000074e:	d112      	bne.n	20000776 <sync_ep_buffer+0x3e>
20000750:	041b      	lsls	r3, r3, #16
20000752:	d409      	bmi.n	20000768 <sync_ep_buffer+0x30>
20000754:	8ae3      	ldrh	r3, [r4, #22]
20000756:	195b      	adds	r3, r3, r5
20000758:	82e3      	strh	r3, [r4, #22]
2000075a:	8b23      	ldrh	r3, [r4, #24]
2000075c:	42ab      	cmp	r3, r5
2000075e:	d901      	bls.n	20000764 <sync_ep_buffer+0x2c>
20000760:	2300      	movs	r3, #0
20000762:	82a3      	strh	r3, [r4, #20]
20000764:	0028      	movs	r0, r5
20000766:	bd70      	pop	{r4, r5, r6, pc}
20000768:	2181      	movs	r1, #129	; 0x81
2000076a:	4b0f      	ldr	r3, [pc, #60]	; (200007a8 <sync_ep_buffer+0x70>)
2000076c:	4a0f      	ldr	r2, [pc, #60]	; (200007ac <sync_ep_buffer+0x74>)
2000076e:	0049      	lsls	r1, r1, #1
20000770:	480f      	ldr	r0, [pc, #60]	; (200007b0 <sync_ep_buffer+0x78>)
20000772:	f000 f9dd 	bl	20000b30 <____assert_func_veneer>
20000776:	041b      	lsls	r3, r3, #16
20000778:	d50e      	bpl.n	20000798 <sync_ep_buffer+0x60>
2000077a:	0189      	lsls	r1, r1, #6
2000077c:	68e3      	ldr	r3, [r4, #12]
2000077e:	469c      	mov	ip, r3
20000780:	4461      	add	r1, ip
20000782:	002a      	movs	r2, r5
20000784:	6920      	ldr	r0, [r4, #16]
20000786:	f000 f9e3 	bl	20000b50 <____wrap_memcpy_veneer>
2000078a:	8ae3      	ldrh	r3, [r4, #22]
2000078c:	195b      	adds	r3, r3, r5
2000078e:	82e3      	strh	r3, [r4, #22]
20000790:	6923      	ldr	r3, [r4, #16]
20000792:	195b      	adds	r3, r3, r5
20000794:	6123      	str	r3, [r4, #16]
20000796:	e7e0      	b.n	2000075a <sync_ep_buffer+0x22>
20000798:	210a      	movs	r1, #10
2000079a:	4b06      	ldr	r3, [pc, #24]	; (200007b4 <sync_ep_buffer+0x7c>)
2000079c:	4a03      	ldr	r2, [pc, #12]	; (200007ac <sync_ep_buffer+0x74>)
2000079e:	31ff      	adds	r1, #255	; 0xff
200007a0:	4803      	ldr	r0, [pc, #12]	; (200007b0 <sync_ep_buffer+0x78>)
200007a2:	f000 f9c5 	bl	20000b30 <____assert_func_veneer>
200007a6:	46c0      	nop			; (mov r8, r8)
200007a8:	1000a6ac 	.word	0x1000a6ac
200007ac:	1000a7a8 	.word	0x1000a7a8
200007b0:	1000a6cc 	.word	0x1000a6cc
200007b4:	1000a73c 	.word	0x1000a73c

200007b8 <_hw_endpoint_xfer_sync>:
200007b8:	b510      	push	{r4, lr}
200007ba:	0004      	movs	r4, r0
200007bc:	6883      	ldr	r3, [r0, #8]
200007be:	681b      	ldr	r3, [r3, #0]
200007c0:	2100      	movs	r1, #0
200007c2:	f7ff ffb9 	bl	20000738 <sync_ep_buffer>
200007c6:	6863      	ldr	r3, [r4, #4]
200007c8:	681b      	ldr	r3, [r3, #0]
200007ca:	005b      	lsls	r3, r3, #1
200007cc:	d502      	bpl.n	200007d4 <_hw_endpoint_xfer_sync+0x1c>
200007ce:	8b23      	ldrh	r3, [r4, #24]
200007d0:	4283      	cmp	r3, r0
200007d2:	d000      	beq.n	200007d6 <_hw_endpoint_xfer_sync+0x1e>
200007d4:	bd10      	pop	{r4, pc}
200007d6:	2101      	movs	r1, #1
200007d8:	0020      	movs	r0, r4
200007da:	f7ff ffad 	bl	20000738 <sync_ep_buffer>
200007de:	e7f9      	b.n	200007d4 <_hw_endpoint_xfer_sync+0x1c>

200007e0 <hw_endpoint_reset_transfer>:
200007e0:	2300      	movs	r3, #0
200007e2:	7683      	strb	r3, [r0, #26]
200007e4:	8283      	strh	r3, [r0, #20]
200007e6:	82c3      	strh	r3, [r0, #22]
200007e8:	6103      	str	r3, [r0, #16]
200007ea:	4770      	bx	lr

200007ec <_hw_endpoint_buffer_control_update32>:
200007ec:	b510      	push	{r4, lr}
200007ee:	2900      	cmp	r1, #0
200007f0:	d002      	beq.n	200007f8 <_hw_endpoint_buffer_control_update32+0xc>
200007f2:	6883      	ldr	r3, [r0, #8]
200007f4:	681b      	ldr	r3, [r3, #0]
200007f6:	4019      	ands	r1, r3
200007f8:	2a00      	cmp	r2, #0
200007fa:	d00f      	beq.n	2000081c <_hw_endpoint_buffer_control_update32+0x30>
200007fc:	4311      	orrs	r1, r2
200007fe:	0553      	lsls	r3, r2, #21
20000800:	d50c      	bpl.n	2000081c <_hw_endpoint_buffer_control_update32+0x30>
20000802:	6882      	ldr	r2, [r0, #8]
20000804:	6813      	ldr	r3, [r2, #0]
20000806:	055b      	lsls	r3, r3, #21
20000808:	d40b      	bmi.n	20000822 <_hw_endpoint_buffer_control_update32+0x36>
2000080a:	4b0b      	ldr	r3, [pc, #44]	; (20000838 <_hw_endpoint_buffer_control_update32+0x4c>)
2000080c:	400b      	ands	r3, r1
2000080e:	6013      	str	r3, [r2, #0]
20000810:	e7ff      	b.n	20000812 <_hw_endpoint_buffer_control_update32+0x26>
20000812:	e7ff      	b.n	20000814 <_hw_endpoint_buffer_control_update32+0x28>
20000814:	e7ff      	b.n	20000816 <_hw_endpoint_buffer_control_update32+0x2a>
20000816:	e7ff      	b.n	20000818 <_hw_endpoint_buffer_control_update32+0x2c>
20000818:	e7ff      	b.n	2000081a <_hw_endpoint_buffer_control_update32+0x2e>
2000081a:	e7ff      	b.n	2000081c <_hw_endpoint_buffer_control_update32+0x30>
2000081c:	6883      	ldr	r3, [r0, #8]
2000081e:	6019      	str	r1, [r3, #0]
20000820:	bd10      	pop	{r4, pc}
20000822:	7883      	ldrb	r3, [r0, #2]
20000824:	217f      	movs	r1, #127	; 0x7f
20000826:	4019      	ands	r1, r3
20000828:	09db      	lsrs	r3, r3, #7
2000082a:	009b      	lsls	r3, r3, #2
2000082c:	4a03      	ldr	r2, [pc, #12]	; (2000083c <_hw_endpoint_buffer_control_update32+0x50>)
2000082e:	589a      	ldr	r2, [r3, r2]
20000830:	4803      	ldr	r0, [pc, #12]	; (20000840 <_hw_endpoint_buffer_control_update32+0x54>)
20000832:	f000 f9ad 	bl	20000b90 <__panic_veneer>
20000836:	46c0      	nop			; (mov r8, r8)
20000838:	fffffbff 	.word	0xfffffbff
2000083c:	20000c80 	.word	0x20000c80
20000840:	1000a75c 	.word	0x1000a75c

20000844 <hw_endpoint_start_next_buffer>:
20000844:	b570      	push	{r4, r5, r6, lr}
20000846:	0004      	movs	r4, r0
20000848:	6843      	ldr	r3, [r0, #4]
2000084a:	681e      	ldr	r6, [r3, #0]
2000084c:	2100      	movs	r1, #0
2000084e:	f7ff ff3b 	bl	200006c8 <prepare_ep_buffer>
20000852:	2580      	movs	r5, #128	; 0x80
20000854:	016d      	lsls	r5, r5, #5
20000856:	4305      	orrs	r5, r0
20000858:	4b19      	ldr	r3, [pc, #100]	; (200008c0 <hw_endpoint_start_next_buffer+0x7c>)
2000085a:	6c1b      	ldr	r3, [r3, #64]	; 0x40
2000085c:	2202      	movs	r2, #2
2000085e:	0011      	movs	r1, r2
20000860:	4019      	ands	r1, r3
20000862:	421a      	tst	r2, r3
20000864:	d102      	bne.n	2000086c <hw_endpoint_start_next_buffer+0x28>
20000866:	78a3      	ldrb	r3, [r4, #2]
20000868:	09db      	lsrs	r3, r3, #7
2000086a:	d006      	beq.n	2000087a <hw_endpoint_start_next_buffer+0x36>
2000086c:	2900      	cmp	r1, #0
2000086e:	d006      	beq.n	2000087e <hw_endpoint_start_next_buffer+0x3a>
20000870:	78a3      	ldrb	r3, [r4, #2]
20000872:	065b      	lsls	r3, r3, #25
20000874:	d116      	bne.n	200008a4 <hw_endpoint_start_next_buffer+0x60>
20000876:	2300      	movs	r3, #0
20000878:	e002      	b.n	20000880 <hw_endpoint_start_next_buffer+0x3c>
2000087a:	2301      	movs	r3, #1
2000087c:	e000      	b.n	20000880 <hw_endpoint_start_next_buffer+0x3c>
2000087e:	2300      	movs	r3, #0
20000880:	8aa2      	ldrh	r2, [r4, #20]
20000882:	2a00      	cmp	r2, #0
20000884:	d001      	beq.n	2000088a <hw_endpoint_start_next_buffer+0x46>
20000886:	2b00      	cmp	r3, #0
20000888:	d00e      	beq.n	200008a8 <hw_endpoint_start_next_buffer+0x64>
2000088a:	4b0e      	ldr	r3, [pc, #56]	; (200008c4 <hw_endpoint_start_next_buffer+0x80>)
2000088c:	401e      	ands	r6, r3
2000088e:	2380      	movs	r3, #128	; 0x80
20000890:	059b      	lsls	r3, r3, #22
20000892:	4333      	orrs	r3, r6
20000894:	6862      	ldr	r2, [r4, #4]
20000896:	6013      	str	r3, [r2, #0]
20000898:	002a      	movs	r2, r5
2000089a:	2100      	movs	r1, #0
2000089c:	0020      	movs	r0, r4
2000089e:	f7ff ffa5 	bl	200007ec <_hw_endpoint_buffer_control_update32>
200008a2:	bd70      	pop	{r4, r5, r6, pc}
200008a4:	2301      	movs	r3, #1
200008a6:	e7eb      	b.n	20000880 <hw_endpoint_start_next_buffer+0x3c>
200008a8:	2101      	movs	r1, #1
200008aa:	0020      	movs	r0, r4
200008ac:	f7ff ff0c 	bl	200006c8 <prepare_ep_buffer>
200008b0:	4305      	orrs	r5, r0
200008b2:	4b05      	ldr	r3, [pc, #20]	; (200008c8 <hw_endpoint_start_next_buffer+0x84>)
200008b4:	401e      	ands	r6, r3
200008b6:	23a0      	movs	r3, #160	; 0xa0
200008b8:	05db      	lsls	r3, r3, #23
200008ba:	4333      	orrs	r3, r6
200008bc:	e7ea      	b.n	20000894 <hw_endpoint_start_next_buffer+0x50>
200008be:	46c0      	nop			; (mov r8, r8)
200008c0:	50110000 	.word	0x50110000
200008c4:	afffffff 	.word	0xafffffff
200008c8:	dfffffff 	.word	0xdfffffff

200008cc <hw_endpoint_xfer_continue>:
200008cc:	b570      	push	{r4, r5, r6, lr}
200008ce:	0004      	movs	r4, r0
200008d0:	7e85      	ldrb	r5, [r0, #26]
200008d2:	2d00      	cmp	r5, #0
200008d4:	d006      	beq.n	200008e4 <hw_endpoint_xfer_continue+0x18>
200008d6:	f7ff ff6f 	bl	200007b8 <_hw_endpoint_xfer_sync>
200008da:	8aa3      	ldrh	r3, [r4, #20]
200008dc:	2b00      	cmp	r3, #0
200008de:	d10b      	bne.n	200008f8 <hw_endpoint_xfer_continue+0x2c>
200008e0:	0028      	movs	r0, r5
200008e2:	bd70      	pop	{r4, r5, r6, pc}
200008e4:	7883      	ldrb	r3, [r0, #2]
200008e6:	217f      	movs	r1, #127	; 0x7f
200008e8:	4019      	ands	r1, r3
200008ea:	09db      	lsrs	r3, r3, #7
200008ec:	009b      	lsls	r3, r3, #2
200008ee:	4a09      	ldr	r2, [pc, #36]	; (20000914 <hw_endpoint_xfer_continue+0x48>)
200008f0:	589a      	ldr	r2, [r3, r2]
200008f2:	4809      	ldr	r0, [pc, #36]	; (20000918 <hw_endpoint_xfer_continue+0x4c>)
200008f4:	f000 f94c 	bl	20000b90 <__panic_veneer>
200008f8:	0020      	movs	r0, r4
200008fa:	f7ff fecd 	bl	20000698 <e15_is_critical_frame_period>
200008fe:	1e05      	subs	r5, r0, #0
20000900:	d003      	beq.n	2000090a <hw_endpoint_xfer_continue+0x3e>
20000902:	2301      	movs	r3, #1
20000904:	7723      	strb	r3, [r4, #28]
20000906:	2500      	movs	r5, #0
20000908:	e7ea      	b.n	200008e0 <hw_endpoint_xfer_continue+0x14>
2000090a:	0020      	movs	r0, r4
2000090c:	f7ff ff9a 	bl	20000844 <hw_endpoint_start_next_buffer>
20000910:	e7e6      	b.n	200008e0 <hw_endpoint_xfer_continue+0x14>
20000912:	46c0      	nop			; (mov r8, r8)
20000914:	20000c80 	.word	0x20000c80
20000918:	1000a77c 	.word	0x1000a77c

2000091c <dcd_event_handler>:
2000091c:	b530      	push	{r4, r5, lr}
2000091e:	b085      	sub	sp, #20
20000920:	0005      	movs	r5, r0
20000922:	7843      	ldrb	r3, [r0, #1]
20000924:	2b04      	cmp	r3, #4
20000926:	d100      	bne.n	2000092a <dcd_event_handler+0xe>
20000928:	e059      	b.n	200009de <dcd_event_handler+0xc2>
2000092a:	d806      	bhi.n	2000093a <dcd_event_handler+0x1e>
2000092c:	2b02      	cmp	r3, #2
2000092e:	d02b      	beq.n	20000988 <dcd_event_handler+0x6c>
20000930:	2b03      	cmp	r3, #3
20000932:	d000      	beq.n	20000936 <dcd_event_handler+0x1a>
20000934:	e0cb      	b.n	20000ace <dcd_event_handler+0x1b2>
20000936:	2400      	movs	r4, #0
20000938:	e083      	b.n	20000a42 <dcd_event_handler+0x126>
2000093a:	2b05      	cmp	r3, #5
2000093c:	d000      	beq.n	20000940 <dcd_event_handler+0x24>
2000093e:	e0c6      	b.n	20000ace <dcd_event_handler+0x1b2>
20000940:	4b70      	ldr	r3, [pc, #448]	; (20000b04 <dcd_event_handler+0x1e8>)
20000942:	781b      	ldrb	r3, [r3, #0]
20000944:	07db      	lsls	r3, r3, #31
20000946:	d548      	bpl.n	200009da <dcd_event_handler+0xbe>
20000948:	4a6e      	ldr	r2, [pc, #440]	; (20000b04 <dcd_event_handler+0x1e8>)
2000094a:	7813      	ldrb	r3, [r2, #0]
2000094c:	2104      	movs	r1, #4
2000094e:	438b      	bics	r3, r1
20000950:	7013      	strb	r3, [r2, #0]
20000952:	4b6d      	ldr	r3, [pc, #436]	; (20000b08 <dcd_event_handler+0x1ec>)
20000954:	681c      	ldr	r4, [r3, #0]
20000956:	0021      	movs	r1, r4
20000958:	3114      	adds	r1, #20
2000095a:	6962      	ldr	r2, [r4, #20]
2000095c:	f3ef 8010 	mrs	r0, PRIMASK
20000960:	b672      	cpsid	i
20000962:	6813      	ldr	r3, [r2, #0]
20000964:	2b00      	cmp	r3, #0
20000966:	d0fc      	beq.n	20000962 <dcd_event_handler+0x46>
20000968:	f3bf 8f5f 	dmb	sy
2000096c:	6048      	str	r0, [r1, #4]
2000096e:	0029      	movs	r1, r5
20000970:	0020      	movs	r0, r4
20000972:	f000 f915 	bl	20000ba0 <__tu_fifo_write_veneer>
20000976:	6962      	ldr	r2, [r4, #20]
20000978:	69a3      	ldr	r3, [r4, #24]
2000097a:	f3bf 8f5f 	dmb	sy
2000097e:	2100      	movs	r1, #0
20000980:	6011      	str	r1, [r2, #0]
20000982:	f383 8810 	msr	PRIMASK, r3
20000986:	e028      	b.n	200009da <dcd_event_handler+0xbe>
20000988:	4b5e      	ldr	r3, [pc, #376]	; (20000b04 <dcd_event_handler+0x1e8>)
2000098a:	781a      	ldrb	r2, [r3, #0]
2000098c:	2101      	movs	r1, #1
2000098e:	438a      	bics	r2, r1
20000990:	701a      	strb	r2, [r3, #0]
20000992:	781a      	ldrb	r2, [r3, #0]
20000994:	3101      	adds	r1, #1
20000996:	438a      	bics	r2, r1
20000998:	701a      	strb	r2, [r3, #0]
2000099a:	2200      	movs	r2, #0
2000099c:	705a      	strb	r2, [r3, #1]
2000099e:	781a      	ldrb	r2, [r3, #0]
200009a0:	3102      	adds	r1, #2
200009a2:	438a      	bics	r2, r1
200009a4:	701a      	strb	r2, [r3, #0]
200009a6:	4b58      	ldr	r3, [pc, #352]	; (20000b08 <dcd_event_handler+0x1ec>)
200009a8:	681c      	ldr	r4, [r3, #0]
200009aa:	0021      	movs	r1, r4
200009ac:	3114      	adds	r1, #20
200009ae:	6962      	ldr	r2, [r4, #20]
200009b0:	f3ef 8010 	mrs	r0, PRIMASK
200009b4:	b672      	cpsid	i
200009b6:	6813      	ldr	r3, [r2, #0]
200009b8:	2b00      	cmp	r3, #0
200009ba:	d0fc      	beq.n	200009b6 <dcd_event_handler+0x9a>
200009bc:	f3bf 8f5f 	dmb	sy
200009c0:	6048      	str	r0, [r1, #4]
200009c2:	0029      	movs	r1, r5
200009c4:	0020      	movs	r0, r4
200009c6:	f000 f8eb 	bl	20000ba0 <__tu_fifo_write_veneer>
200009ca:	6962      	ldr	r2, [r4, #20]
200009cc:	69a3      	ldr	r3, [r4, #24]
200009ce:	f3bf 8f5f 	dmb	sy
200009d2:	2100      	movs	r1, #0
200009d4:	6011      	str	r1, [r2, #0]
200009d6:	f383 8810 	msr	PRIMASK, r3
200009da:	b005      	add	sp, #20
200009dc:	bd30      	pop	{r4, r5, pc}
200009de:	4b49      	ldr	r3, [pc, #292]	; (20000b04 <dcd_event_handler+0x1e8>)
200009e0:	781b      	ldrb	r3, [r3, #0]
200009e2:	07db      	lsls	r3, r3, #31
200009e4:	d5f9      	bpl.n	200009da <dcd_event_handler+0xbe>
200009e6:	4a47      	ldr	r2, [pc, #284]	; (20000b04 <dcd_event_handler+0x1e8>)
200009e8:	7813      	ldrb	r3, [r2, #0]
200009ea:	2104      	movs	r1, #4
200009ec:	430b      	orrs	r3, r1
200009ee:	7013      	strb	r3, [r2, #0]
200009f0:	4b45      	ldr	r3, [pc, #276]	; (20000b08 <dcd_event_handler+0x1ec>)
200009f2:	681c      	ldr	r4, [r3, #0]
200009f4:	0021      	movs	r1, r4
200009f6:	3114      	adds	r1, #20
200009f8:	6962      	ldr	r2, [r4, #20]
200009fa:	f3ef 8010 	mrs	r0, PRIMASK
200009fe:	b672      	cpsid	i
20000a00:	6813      	ldr	r3, [r2, #0]
20000a02:	2b00      	cmp	r3, #0
20000a04:	d0fc      	beq.n	20000a00 <dcd_event_handler+0xe4>
20000a06:	f3bf 8f5f 	dmb	sy
20000a0a:	6048      	str	r0, [r1, #4]
20000a0c:	0029      	movs	r1, r5
20000a0e:	0020      	movs	r0, r4
20000a10:	f000 f8c6 	bl	20000ba0 <__tu_fifo_write_veneer>
20000a14:	6962      	ldr	r2, [r4, #20]
20000a16:	69a3      	ldr	r3, [r4, #24]
20000a18:	f3bf 8f5f 	dmb	sy
20000a1c:	2100      	movs	r1, #0
20000a1e:	6011      	str	r1, [r2, #0]
20000a20:	f383 8810 	msr	PRIMASK, r3
20000a24:	e7d9      	b.n	200009da <dcd_event_handler+0xbe>
20000a26:	0063      	lsls	r3, r4, #1
20000a28:	191b      	adds	r3, r3, r4
20000a2a:	00da      	lsls	r2, r3, #3
20000a2c:	4b37      	ldr	r3, [pc, #220]	; (20000b0c <dcd_event_handler+0x1f0>)
20000a2e:	681b      	ldr	r3, [r3, #0]
20000a30:	189b      	adds	r3, r3, r2
20000a32:	e018      	b.n	20000a66 <dcd_event_handler+0x14a>
20000a34:	0023      	movs	r3, r4
20000a36:	e00f      	b.n	20000a58 <dcd_event_handler+0x13c>
20000a38:	7828      	ldrb	r0, [r5, #0]
20000a3a:	6869      	ldr	r1, [r5, #4]
20000a3c:	4798      	blx	r3
20000a3e:	3401      	adds	r4, #1
20000a40:	b2e4      	uxtb	r4, r4
20000a42:	4b33      	ldr	r3, [pc, #204]	; (20000b10 <dcd_event_handler+0x1f4>)
20000a44:	781b      	ldrb	r3, [r3, #0]
20000a46:	42a3      	cmp	r3, r4
20000a48:	d313      	bcc.n	20000a72 <dcd_event_handler+0x156>
20000a4a:	4a32      	ldr	r2, [pc, #200]	; (20000b14 <dcd_event_handler+0x1f8>)
20000a4c:	2a00      	cmp	r2, #0
20000a4e:	d0f1      	beq.n	20000a34 <dcd_event_handler+0x118>
20000a50:	42a3      	cmp	r3, r4
20000a52:	d8e8      	bhi.n	20000a26 <dcd_event_handler+0x10a>
20000a54:	1ae3      	subs	r3, r4, r3
20000a56:	b2db      	uxtb	r3, r3
20000a58:	2b00      	cmp	r3, #0
20000a5a:	d1f0      	bne.n	20000a3e <dcd_event_handler+0x122>
20000a5c:	005a      	lsls	r2, r3, #1
20000a5e:	18d2      	adds	r2, r2, r3
20000a60:	00d2      	lsls	r2, r2, #3
20000a62:	4b2d      	ldr	r3, [pc, #180]	; (20000b18 <dcd_event_handler+0x1fc>)
20000a64:	189b      	adds	r3, r3, r2
20000a66:	2b00      	cmp	r3, #0
20000a68:	d0e9      	beq.n	20000a3e <dcd_event_handler+0x122>
20000a6a:	695b      	ldr	r3, [r3, #20]
20000a6c:	2b00      	cmp	r3, #0
20000a6e:	d1e3      	bne.n	20000a38 <dcd_event_handler+0x11c>
20000a70:	e7e5      	b.n	20000a3e <dcd_event_handler+0x122>
20000a72:	4b24      	ldr	r3, [pc, #144]	; (20000b04 <dcd_event_handler+0x1e8>)
20000a74:	781b      	ldrb	r3, [r3, #0]
20000a76:	075b      	lsls	r3, r3, #29
20000a78:	d5af      	bpl.n	200009da <dcd_event_handler+0xbe>
20000a7a:	4a22      	ldr	r2, [pc, #136]	; (20000b04 <dcd_event_handler+0x1e8>)
20000a7c:	7813      	ldrb	r3, [r2, #0]
20000a7e:	2104      	movs	r1, #4
20000a80:	438b      	bics	r3, r1
20000a82:	7013      	strb	r3, [r2, #0]
20000a84:	220c      	movs	r2, #12
20000a86:	2100      	movs	r1, #0
20000a88:	a801      	add	r0, sp, #4
20000a8a:	f000 f859 	bl	20000b40 <____wrap_memset_veneer>
20000a8e:	782b      	ldrb	r3, [r5, #0]
20000a90:	466a      	mov	r2, sp
20000a92:	7113      	strb	r3, [r2, #4]
20000a94:	2305      	movs	r3, #5
20000a96:	7153      	strb	r3, [r2, #5]
20000a98:	4b1b      	ldr	r3, [pc, #108]	; (20000b08 <dcd_event_handler+0x1ec>)
20000a9a:	681c      	ldr	r4, [r3, #0]
20000a9c:	0021      	movs	r1, r4
20000a9e:	3114      	adds	r1, #20
20000aa0:	6962      	ldr	r2, [r4, #20]
20000aa2:	f3ef 8010 	mrs	r0, PRIMASK
20000aa6:	b672      	cpsid	i
20000aa8:	6813      	ldr	r3, [r2, #0]
20000aaa:	2b00      	cmp	r3, #0
20000aac:	d0fc      	beq.n	20000aa8 <dcd_event_handler+0x18c>
20000aae:	f3bf 8f5f 	dmb	sy
20000ab2:	6048      	str	r0, [r1, #4]
20000ab4:	a901      	add	r1, sp, #4
20000ab6:	0020      	movs	r0, r4
20000ab8:	f000 f872 	bl	20000ba0 <__tu_fifo_write_veneer>
20000abc:	6962      	ldr	r2, [r4, #20]
20000abe:	69a3      	ldr	r3, [r4, #24]
20000ac0:	f3bf 8f5f 	dmb	sy
20000ac4:	2100      	movs	r1, #0
20000ac6:	6011      	str	r1, [r2, #0]
20000ac8:	f383 8810 	msr	PRIMASK, r3
20000acc:	e785      	b.n	200009da <dcd_event_handler+0xbe>
20000ace:	4b0e      	ldr	r3, [pc, #56]	; (20000b08 <dcd_event_handler+0x1ec>)
20000ad0:	681c      	ldr	r4, [r3, #0]
20000ad2:	0021      	movs	r1, r4
20000ad4:	3114      	adds	r1, #20
20000ad6:	6962      	ldr	r2, [r4, #20]
20000ad8:	f3ef 8010 	mrs	r0, PRIMASK
20000adc:	b672      	cpsid	i
20000ade:	6813      	ldr	r3, [r2, #0]
20000ae0:	2b00      	cmp	r3, #0
20000ae2:	d0fc      	beq.n	20000ade <dcd_event_handler+0x1c2>
20000ae4:	f3bf 8f5f 	dmb	sy
20000ae8:	6048      	str	r0, [r1, #4]
20000aea:	0029      	movs	r1, r5
20000aec:	0020      	movs	r0, r4
20000aee:	f000 f857 	bl	20000ba0 <__tu_fifo_write_veneer>
20000af2:	6962      	ldr	r2, [r4, #20]
20000af4:	69a3      	ldr	r3, [r4, #24]
20000af6:	f3bf 8f5f 	dmb	sy
20000afa:	2100      	movs	r1, #0
20000afc:	6011      	str	r1, [r2, #0]
20000afe:	f383 8810 	msr	PRIMASK, r3
20000b02:	e76a      	b.n	200009da <dcd_event_handler+0xbe>
20000b04:	2000113c 	.word	0x2000113c
20000b08:	20001194 	.word	0x20001194
20000b0c:	20000e14 	.word	0x20000e14
20000b10:	20011ff4 	.word	0x20011ff4
20000b14:	10004c49 	.word	0x10004c49
20000b18:	1000a844 	.word	0x1000a844

20000b1c <__aeabi_idiv0>:
20000b1c:	4770      	bx	lr
20000b1e:	46c0      	nop			; (mov r8, r8)

20000b20 <__best_effort_wfe_or_timeout_veneer>:
20000b20:	b401      	push	{r0}
20000b22:	4802      	ldr	r0, [pc, #8]	; (20000b2c <__best_effort_wfe_or_timeout_veneer+0xc>)
20000b24:	4684      	mov	ip, r0
20000b26:	bc01      	pop	{r0}
20000b28:	4760      	bx	ip
20000b2a:	bf00      	nop
20000b2c:	10001c61 	.word	0x10001c61

20000b30 <____assert_func_veneer>:
20000b30:	b401      	push	{r0}
20000b32:	4802      	ldr	r0, [pc, #8]	; (20000b3c <____assert_func_veneer+0xc>)
20000b34:	4684      	mov	ip, r0
20000b36:	bc01      	pop	{r0}
20000b38:	4760      	bx	ip
20000b3a:	bf00      	nop
20000b3c:	10002a55 	.word	0x10002a55

20000b40 <____wrap_memset_veneer>:
20000b40:	b401      	push	{r0}
20000b42:	4802      	ldr	r0, [pc, #8]	; (20000b4c <____wrap_memset_veneer+0xc>)
20000b44:	4684      	mov	ip, r0
20000b46:	bc01      	pop	{r0}
20000b48:	4760      	bx	ip
20000b4a:	bf00      	nop
20000b4c:	10004695 	.word	0x10004695

20000b50 <____wrap_memcpy_veneer>:
20000b50:	b401      	push	{r0}
20000b52:	4802      	ldr	r0, [pc, #8]	; (20000b5c <____wrap_memcpy_veneer+0xc>)
20000b54:	4684      	mov	ip, r0
20000b56:	bc01      	pop	{r0}
20000b58:	4760      	bx	ip
20000b5a:	bf00      	nop
20000b5c:	100046a1 	.word	0x100046a1

20000b60 <__time_us_64_veneer>:
20000b60:	b401      	push	{r0}
20000b62:	4802      	ldr	r0, [pc, #8]	; (20000b6c <__time_us_64_veneer+0xc>)
20000b64:	4684      	mov	ip, r0
20000b66:	bc01      	pop	{r0}
20000b68:	4760      	bx	ip
20000b6a:	bf00      	nop
20000b6c:	10001ded 	.word	0x10001ded

20000b70 <__hw_endpoint_get_by_addr_veneer>:
20000b70:	b401      	push	{r0}
20000b72:	4802      	ldr	r0, [pc, #8]	; (20000b7c <__hw_endpoint_get_by_addr_veneer+0xc>)
20000b74:	4684      	mov	ip, r0
20000b76:	bc01      	pop	{r0}
20000b78:	4760      	bx	ip
20000b7a:	bf00      	nop
20000b7c:	1000522d 	.word	0x1000522d

20000b80 <____wrap___aeabi_lmul_veneer>:
20000b80:	b401      	push	{r0}
20000b82:	4802      	ldr	r0, [pc, #8]	; (20000b8c <____wrap___aeabi_lmul_veneer+0xc>)
20000b84:	4684      	mov	ip, r0
20000b86:	bc01      	pop	{r0}
20000b88:	4760      	bx	ip
20000b8a:	bf00      	nop
20000b8c:	10004519 	.word	0x10004519

20000b90 <__panic_veneer>:
20000b90:	b401      	push	{r0}
20000b92:	4802      	ldr	r0, [pc, #8]	; (20000b9c <__panic_veneer+0xc>)
20000b94:	4684      	mov	ip, r0
20000b96:	bc01      	pop	{r0}
20000b98:	4760      	bx	ip
20000b9a:	bf00      	nop
20000b9c:	10002b89 	.word	0x10002b89

20000ba0 <__tu_fifo_write_veneer>:
20000ba0:	b401      	push	{r0}
20000ba2:	4802      	ldr	r0, [pc, #8]	; (20000bac <__tu_fifo_write_veneer+0xc>)
20000ba4:	4684      	mov	ip, r0
20000ba6:	bc01      	pop	{r0}
20000ba8:	4760      	bx	ip
20000baa:	bf00      	nop
20000bac:	10007095 	.word	0x10007095

20000bb0 <striped_spin_lock_num>:
20000bb0:	00000010                                ....

20000bb4 <irq_handler_chain_slots>:
20000bb4:	00000000 	.word	0x00000000
20000bb8:	00010000 	.word	0x00010000
	...
20000bc4:	00020000 	.word	0x00020000
	...
20000bd0:	00030000 	.word	0x00030000
	...
20000bdc:	00ff0000 	.word	0x00ff0000
20000be0:	00000000 	.word	0x00000000

20000be4 <irq_handler_chain_first_slot>:
20000be4:	b501      	push	{r0, lr}
20000be6:	6848      	ldr	r0, [r1, #4]
20000be8:	3101      	adds	r1, #1
20000bea:	468e      	mov	lr, r1
20000bec:	4700      	bx	r0

20000bee <irq_handler_chain_remove_tail>:
20000bee:	4670      	mov	r0, lr
20000bf0:	3809      	subs	r0, #9
20000bf2:	4901      	ldr	r1, [pc, #4]	; (20000bf8 <irq_handler_chain_remove_tail+0xa>)
20000bf4:	4788      	blx	r1
20000bf6:	bd01      	pop	{r0, pc}
20000bf8:	10001005 	.word	0x10001005

20000bfc <default_alarm_pool>:
20000bfc:	20000c14 00000000 20000cf0 200013a4     ... ....... ... 
	...

20000c14 <default_alarm_pool_heap>:
20000c14:	200013b4 00000000 00000000 00000010     ... ............
	...

20000c30 <aeabi_bits_funcs>:
20000c30:	00003350 	.word	0x00003350
20000c34:	0000334c 	.word	0x0000334c
20000c38:	00003354 	.word	0x00003354
20000c3c:	00003352 	.word	0x00003352

20000c40 <aeabi_bits_funcs_end>:
20000c40:	0000534d 	.word	0x0000534d
20000c44:	0000434d 	.word	0x0000434d
20000c48:	00003453 	.word	0x00003453
20000c4c:	00003443 	.word	0x00003443

20000c50 <stdio_uart>:
20000c50:	10004979 00000000 100049ed 10004a95     yI.......I...J..
20000c60:	00000000 00000100                       ........

20000c68 <stdio_usb>:
20000c68:	10004fe5 00000000 10004f21 10004c7d     .O......!O..}L..
20000c78:	00000000 00000100                       ........

20000c80 <ep_dir_string>:
20000c80:	1000a1bc 1000a19c                       ........

20000c88 <_usbd_qdef>:
20000c88:	20001198 000c0010 00000000 00000000     ... ............
	...

20000ca4 <_usbd_rhport>:
20000ca4:	000000ff                                ....

20000ca8 <i2c0_inst>:
20000ca8:	40044000 00000000                       .@.@....

20000cb0 <i2c1_inst>:
20000cb0:	40048000 00000000                       ...@....

20000cb8 <uxTopUsedPriority>:
20000cb8:	00000004                                ....

20000cbc <ucPrimaryCoreNum>:
20000cbc:	000000ff                                ....

20000cc0 <malloc_mutex>:
	...

20000cc8 <print_mutex>:
	...

20000cd0 <__mutex_array_end>:
20000cd0:	10004685 	.word	0x10004685
20000cd4:	10003d35 	.word	0x10003d35
20000cd8:	10004419 	.word	0x10004419
20000cdc:	100045fd 	.word	0x100045fd

20000ce0 <__frame_dummy_init_array_entry>:
20000ce0:	100002e5 10005175 10008cad              ....uQ......
